Score,File,Rows,Columns,Patient_ID_Columns,LUNG1_ID_Count,Clinical_Columns,LUNG1_Detected,Radiomics_Result_File
185,STEP_10_STATISTICAL_TEXTURE_ALL_PATIENTS\STEP_10_Patient_Processing_Status.csv,422,7,Patient_ID,422,Status,True,False
185,STEP_12_LBP_TEXTURE_ALL_PATIENTS\STEP_12_Patient_Processing_Status.csv,422,11,Patient_ID | Validation,422,Status,True,False
185,STEP_13_GTV1_MASK_PREPARATION_STATUS.csv,422,7,Patient_ID,422,Status,True,False
180,STEP_15_CLASSIFICATION_DATASET\STEP_15_Patient_Processing_Status.csv,422,2,Patient_ID,422,,True,False
135,STEP_11_GLCM_ALL_PATIENTS\STEP_11_GLCM_Patient_Processing_Status.csv,422,9,Patient_ID,422,Status,True,True
135,STEP_12_LBP_TEXTURE_ALL_PATIENTS\STEP_12_All_Patients_LBP_Features.csv,422,14,Patient_ID | Validation,422,Status,True,True
85,STEP_12_LBP_TEXTURE_ALL_PATIENTS\STEP_12_Successful_Patients_LBP_Features.csv,421,14,Patient_ID | Validation,421,Status,True,True
80,STEP_10_STATISTICAL_TEXTURE_ALL_PATIENTS\STEP_10_All_Patients_Statistical_Features.csv,421,7,Patient_ID,421,,True,True
80,LUNG1-375\STEP_11_GLCM_TEXTURE\GTV1_GLCM_texture.csv,420,10,Patient_ID,420,,True,True
60,LUNG1-349\STEP_11_GLCM_TEXTURE\GTV1_GLCM_texture.csv,468,10,Patient_ID,468,,True,True
60,LUNG1-367\STEP_11_GLCM_TEXTURE\GTV1_GLCM_texture.csv,468,10,Patient_ID,468,,True,True
60,LUNG1-396\STEP_11_GLCM_TEXTURE\GTV1_GLCM_texture.csv,468,10,Patient_ID,468,,True,True
60,LUNG1-072\STEP_11_GLCM_TEXTURE\GTV1_GLCM_texture.csv,456,10,Patient_ID,456,,True,True
60,LUNG1-091\STEP_11_GLCM_TEXTURE\GTV1_GLCM_texture.csv,456,10,Patient_ID,456,,True,True
60,LUNG1-289\STEP_11_GLCM_TEXTURE\GTV1_GLCM_texture.csv,456,10,Patient_ID,456,,True,True
60,LUNG1-097\STEP_11_GLCM_TEXTURE\GTV1_GLCM_texture.csv,444,10,Patient_ID,444,,True,True
60,LUNG1-140\STEP_11_GLCM_TEXTURE\GTV1_GLCM_texture.csv,444,10,Patient_ID,444,,True,True
60,LUNG1-149\STEP_11_GLCM_TEXTURE\GTV1_GLCM_texture.csv,444,10,Patient_ID,444,,True,True
60,LUNG1-348\STEP_11_GLCM_TEXTURE\GTV1_GLCM_texture.csv,444,10,Patient_ID,444,,True,True
60,LUNG1-004\STEP_11_GLCM_TEXTURE\GTV1_GLCM_texture.csv,432,10,Patient_ID,432,,True,True
60,LUNG1-190\STEP_11_GLCM_TEXTURE\GTV1_GLCM_texture.csv,432,10,Patient_ID,432,,True,True
60,LUNG1-276\STEP_11_GLCM_TEXTURE\GTV1_GLCM_texture.csv,432,10,Patient_ID,432,,True,True
60,LUNG1-283\STEP_11_GLCM_TEXTURE\GTV1_GLCM_texture.csv,432,10,Patient_ID,432,,True,True
60,LUNG1-353\STEP_11_GLCM_TEXTURE\GTV1_GLCM_texture.csv,432,10,Patient_ID,432,,True,True
60,LUNG1-023\STEP_11_GLCM_TEXTURE\GTV1_GLCM_texture.csv,431,10,Patient_ID,431,,True,True
60,LUNG1-357\STEP_11_GLCM_TEXTURE\GTV1_GLCM_texture.csv,431,10,Patient_ID,431,,True,True
60,LUNG1-075\STEP_11_GLCM_TEXTURE\GTV1_GLCM_texture.csv,408,10,Patient_ID,408,,True,True
40,LUNG1-095\STEP_11_GLCM_TEXTURE\GTV1_GLCM_texture.csv,660,10,Patient_ID,660,,True,True
40,LUNG1-130\STEP_11_GLCM_TEXTURE\GTV1_GLCM_texture.csv,648,10,Patient_ID,648,,True,True
40,LUNG1-069\STEP_11_GLCM_TEXTURE\GTV1_GLCM_texture.csv,612,10,Patient_ID,612,,True,True
40,LUNG1-026\STEP_11_GLCM_TEXTURE\GTV1_GLCM_texture.csv,576,10,Patient_ID,576,,True,True
40,LUNG1-179\STEP_11_GLCM_TEXTURE\GTV1_GLCM_texture.csv,564,10,Patient_ID,564,,True,True
40,LUNG1-043\STEP_11_GLCM_TEXTURE\GTV1_GLCM_texture.csv,528,10,Patient_ID,528,,True,True
40,LUNG1-017\STEP_11_GLCM_TEXTURE\GTV1_GLCM_texture.csv,516,10,Patient_ID,516,,True,True
40,LUNG1-065\STEP_11_GLCM_TEXTURE\GTV1_GLCM_texture.csv,516,10,Patient_ID,516,,True,True
40,LUNG1-074\STEP_11_GLCM_TEXTURE\GTV1_GLCM_texture.csv,504,10,Patient_ID,504,,True,True
40,LUNG1-377\STEP_11_GLCM_TEXTURE\GTV1_GLCM_texture.csv,504,10,Patient_ID,504,,True,True
30,LUNG1-105\STEP_11_GLCM_TEXTURE\GTV1_GLCM_texture.csv,396,10,Patient_ID,396,,True,True
30,LUNG1-173\STEP_11_GLCM_TEXTURE\GTV1_GLCM_texture.csv,396,10,Patient_ID,396,,True,True
30,LUNG1-196\STEP_11_GLCM_TEXTURE\GTV1_GLCM_texture.csv,396,10,Patient_ID,396,,True,True
30,LUNG1-221\STEP_11_GLCM_TEXTURE\GTV1_GLCM_texture.csv,396,10,Patient_ID,396,,True,True
30,LUNG1-233\STEP_11_GLCM_TEXTURE\GTV1_GLCM_texture.csv,396,10,Patient_ID,396,,True,True
30,LUNG1-273\STEP_11_GLCM_TEXTURE\GTV1_GLCM_texture.csv,384,10,Patient_ID,384,,True,True
30,LUNG1-387\STEP_11_GLCM_TEXTURE\GTV1_GLCM_texture.csv,384,10,Patient_ID,384,,True,True
30,LUNG1-417\STEP_11_GLCM_TEXTURE\GTV1_GLCM_texture.csv,384,10,Patient_ID,384,,True,True
30,LUNG1-181\STEP_11_GLCM_TEXTURE\GTV1_GLCM_texture.csv,372,10,Patient_ID,372,,True,True
30,LUNG1-200\STEP_11_GLCM_TEXTURE\GTV1_GLCM_texture.csv,372,10,Patient_ID,372,,True,True
30,LUNG1-245\STEP_11_GLCM_TEXTURE\GTV1_GLCM_texture.csv,372,10,Patient_ID,372,,True,True
30,LUNG1-308\STEP_11_GLCM_TEXTURE\GTV1_GLCM_texture.csv,372,10,Patient_ID,372,,True,True
30,LUNG1-033\STEP_11_GLCM_TEXTURE\GTV1_GLCM_texture.csv,360,10,Patient_ID,360,,True,True
30,LUNG1-056\STEP_11_GLCM_TEXTURE\GTV1_GLCM_texture.csv,360,10,Patient_ID,360,,True,True
30,LUNG1-115\STEP_11_GLCM_TEXTURE\GTV1_GLCM_texture.csv,360,10,Patient_ID,360,,True,True
30,LUNG1-393\STEP_11_GLCM_TEXTURE\GTV1_GLCM_texture.csv,360,10,Patient_ID,360,,True,True
30,LUNG1-401\STEP_11_GLCM_TEXTURE\GTV1_GLCM_texture.csv,360,10,Patient_ID,360,,True,True
20,LUNG1-001\69331\STEP_15_CLASSIFICATION_DATASET\STEP_15_Clinical_File_Candidates.csv,8,4,,0,,False,False
15,LUNG1-001\69331\STEP_8_REGIONAL_MOMENT_DESCRIPTORS\regional_invariance_verification.csv,11,14,,0,Translation_Status | Rotation_Status | Scaling_Status,False,False
10,LUNG1-012\STEP_11_GLCM_TEXTURE\GTV1_GLCM_texture.csv,348,10,Patient_ID,348,,True,True
10,LUNG1-021\STEP_11_GLCM_TEXTURE\GTV1_GLCM_texture.csv,348,10,Patient_ID,348,,True,True
10,LUNG1-229\STEP_11_GLCM_TEXTURE\GTV1_GLCM_texture.csv,348,10,Patient_ID,348,,True,True
10,LUNG1-400\STEP_11_GLCM_TEXTURE\GTV1_GLCM_texture.csv,348,10,Patient_ID,348,,True,True
10,LUNG1-042\STEP_11_GLCM_TEXTURE\GTV1_GLCM_texture.csv,336,10,Patient_ID,336,,True,True
10,LUNG1-205\STEP_11_GLCM_TEXTURE\GTV1_GLCM_texture.csv,336,10,Patient_ID,336,,True,True
10,LUNG1-224\STEP_11_GLCM_TEXTURE\GTV1_GLCM_texture.csv,336,10,Patient_ID,336,,True,True
10,LUNG1-232\STEP_11_GLCM_TEXTURE\GTV1_GLCM_texture.csv,336,10,Patient_ID,336,,True,True
10,LUNG1-263\STEP_11_GLCM_TEXTURE\GTV1_GLCM_texture.csv,336,10,Patient_ID,336,,True,True
10,LUNG1-340\STEP_11_GLCM_TEXTURE\GTV1_GLCM_texture.csv,336,10,Patient_ID,336,,True,True
10,LUNG1-022\STEP_11_GLCM_TEXTURE\GTV1_GLCM_texture.csv,324,10,Patient_ID,324,,True,True
10,LUNG1-030\STEP_11_GLCM_TEXTURE\GTV1_GLCM_texture.csv,324,10,Patient_ID,324,,True,True
10,LUNG1-032\STEP_11_GLCM_TEXTURE\GTV1_GLCM_texture.csv,324,10,Patient_ID,324,,True,True
10,LUNG1-044\STEP_11_GLCM_TEXTURE\GTV1_GLCM_texture.csv,324,10,Patient_ID,324,,True,True
10,LUNG1-047\STEP_11_GLCM_TEXTURE\GTV1_GLCM_texture.csv,324,10,Patient_ID,324,,True,True
10,LUNG1-116\STEP_11_GLCM_TEXTURE\GTV1_GLCM_texture.csv,324,10,Patient_ID,324,,True,True
10,LUNG1-141\STEP_11_GLCM_TEXTURE\GTV1_GLCM_texture.csv,324,10,Patient_ID,324,,True,True
10,LUNG1-191\STEP_11_GLCM_TEXTURE\GTV1_GLCM_texture.csv,324,10,Patient_ID,324,,True,True
10,LUNG1-193\STEP_11_GLCM_TEXTURE\GTV1_GLCM_texture.csv,324,10,Patient_ID,324,,True,True
10,LUNG1-201\STEP_11_GLCM_TEXTURE\GTV1_GLCM_texture.csv,324,10,Patient_ID,324,,True,True
10,LUNG1-256\STEP_11_GLCM_TEXTURE\GTV1_GLCM_texture.csv,324,10,Patient_ID,324,,True,True
10,LUNG1-257\STEP_11_GLCM_TEXTURE\GTV1_GLCM_texture.csv,324,10,Patient_ID,324,,True,True
10,LUNG1-310\STEP_11_GLCM_TEXTURE\GTV1_GLCM_texture.csv,324,10,Patient_ID,324,,True,True
10,LUNG1-344\STEP_11_GLCM_TEXTURE\GTV1_GLCM_texture.csv,324,10,Patient_ID,324,,True,True
10,LUNG1-368\STEP_11_GLCM_TEXTURE\GTV1_GLCM_texture.csv,324,10,Patient_ID,324,,True,True
10,LUNG1-418\STEP_11_GLCM_TEXTURE\GTV1_GLCM_texture.csv,324,10,Patient_ID,324,,True,True
10,LUNG1-002\STEP_11_GLCM_TEXTURE\GTV1_GLCM_texture.csv,312,10,Patient_ID,312,,True,True
10,LUNG1-038\STEP_11_GLCM_TEXTURE\GTV1_GLCM_texture.csv,312,10,Patient_ID,312,,True,True
10,LUNG1-142\STEP_11_GLCM_TEXTURE\GTV1_GLCM_texture.csv,312,10,Patient_ID,312,,True,True
10,LUNG1-163\STEP_11_GLCM_TEXTURE\GTV1_GLCM_texture.csv,312,10,Patient_ID,312,,True,True
10,LUNG1-172\STEP_11_GLCM_TEXTURE\GTV1_GLCM_texture.csv,312,10,Patient_ID,312,,True,True
10,LUNG1-217\STEP_11_GLCM_TEXTURE\GTV1_GLCM_texture.csv,312,10,Patient_ID,312,,True,True
10,LUNG1-300\STEP_11_GLCM_TEXTURE\GTV1_GLCM_texture.csv,312,10,Patient_ID,312,,True,True
10,LUNG1-320\STEP_11_GLCM_TEXTURE\GTV1_GLCM_texture.csv,312,10,Patient_ID,312,,True,True
10,LUNG1-327\STEP_11_GLCM_TEXTURE\GTV1_GLCM_texture.csv,312,10,Patient_ID,312,,True,True
10,LUNG1-331\STEP_11_GLCM_TEXTURE\GTV1_GLCM_texture.csv,312,10,Patient_ID,312,,True,True
10,LUNG1-343\STEP_11_GLCM_TEXTURE\GTV1_GLCM_texture.csv,312,10,Patient_ID,312,,True,True
10,LUNG1-104\STEP_11_GLCM_TEXTURE\GTV1_GLCM_texture.csv,300,10,Patient_ID,300,,True,True
10,LUNG1-258\STEP_11_GLCM_TEXTURE\GTV1_GLCM_texture.csv,300,10,Patient_ID,300,,True,True
10,LUNG1-301\STEP_11_GLCM_TEXTURE\GTV1_GLCM_texture.csv,300,10,Patient_ID,300,,True,True
10,LUNG1-361\STEP_11_GLCM_TEXTURE\GTV1_GLCM_texture.csv,300,10,Patient_ID,300,,True,True
10,LUNG1-381\STEP_11_GLCM_TEXTURE\GTV1_GLCM_texture.csv,300,10,Patient_ID,300,,True,True
10,LUNG1-402\STEP_11_GLCM_TEXTURE\GTV1_GLCM_texture.csv,300,10,Patient_ID,300,,True,True
10,LUNG1-147\STEP_11_GLCM_TEXTURE\GTV1_GLCM_texture.csv,299,10,Patient_ID,299,,True,True
10,LUNG1-397\STEP_11_GLCM_TEXTURE\GTV1_GLCM_texture.csv,299,10,Patient_ID,299,,True,True
10,LUNG1-005\STEP_11_GLCM_TEXTURE\GTV1_GLCM_texture.csv,288,10,Patient_ID,288,,True,True
10,LUNG1-018\STEP_11_GLCM_TEXTURE\GTV1_GLCM_texture.csv,288,10,Patient_ID,288,,True,True
10,LUNG1-025\STEP_11_GLCM_TEXTURE\GTV1_GLCM_texture.csv,288,10,Patient_ID,288,,True,True
10,LUNG1-058\STEP_11_GLCM_TEXTURE\GTV1_GLCM_texture.csv,288,10,Patient_ID,288,,True,True
10,LUNG1-060\STEP_11_GLCM_TEXTURE\GTV1_GLCM_texture.csv,288,10,Patient_ID,288,,True,True
10,LUNG1-237\STEP_11_GLCM_TEXTURE\GTV1_GLCM_texture.csv,288,10,Patient_ID,288,,True,True
10,LUNG1-242\STEP_11_GLCM_TEXTURE\GTV1_GLCM_texture.csv,288,10,Patient_ID,288,,True,True
10,LUNG1-284\STEP_11_GLCM_TEXTURE\GTV1_GLCM_texture.csv,288,10,Patient_ID,288,,True,True
10,LUNG1-319\STEP_11_GLCM_TEXTURE\GTV1_GLCM_texture.csv,288,10,Patient_ID,288,,True,True
10,LUNG1-335\STEP_11_GLCM_TEXTURE\GTV1_GLCM_texture.csv,288,10,Patient_ID,288,,True,True
10,LUNG1-364\STEP_11_GLCM_TEXTURE\GTV1_GLCM_texture.csv,288,10,Patient_ID,288,,True,True
10,LUNG1-143\STEP_11_GLCM_TEXTURE\GTV1_GLCM_texture.csv,284,10,Patient_ID,284,,True,True
10,LUNG1-006\STEP_11_GLCM_TEXTURE\GTV1_GLCM_texture.csv,276,10,Patient_ID,276,,True,True
10,LUNG1-034\STEP_11_GLCM_TEXTURE\GTV1_GLCM_texture.csv,276,10,Patient_ID,276,,True,True
10,LUNG1-046\STEP_11_GLCM_TEXTURE\GTV1_GLCM_texture.csv,276,10,Patient_ID,276,,True,True
10,LUNG1-101\STEP_11_GLCM_TEXTURE\GTV1_GLCM_texture.csv,276,10,Patient_ID,276,,True,True
10,LUNG1-117\STEP_11_GLCM_TEXTURE\GTV1_GLCM_texture.csv,276,10,Patient_ID,276,,True,True
10,LUNG1-123\STEP_11_GLCM_TEXTURE\GTV1_GLCM_texture.csv,276,10,Patient_ID,276,,True,True
10,LUNG1-144\STEP_11_GLCM_TEXTURE\GTV1_GLCM_texture.csv,276,10,Patient_ID,276,,True,True
10,LUNG1-218\STEP_11_GLCM_TEXTURE\GTV1_GLCM_texture.csv,276,10,Patient_ID,276,,True,True
10,LUNG1-248\STEP_11_GLCM_TEXTURE\GTV1_GLCM_texture.csv,276,10,Patient_ID,276,,True,True
10,LUNG1-262\STEP_11_GLCM_TEXTURE\GTV1_GLCM_texture.csv,276,10,Patient_ID,276,,True,True
10,LUNG1-290\STEP_11_GLCM_TEXTURE\GTV1_GLCM_texture.csv,276,10,Patient_ID,276,,True,True
10,LUNG1-351\STEP_11_GLCM_TEXTURE\GTV1_GLCM_texture.csv,276,10,Patient_ID,276,,True,True
10,LUNG1-419\STEP_11_GLCM_TEXTURE\GTV1_GLCM_texture.csv,276,10,Patient_ID,276,,True,True
10,LUNG1-199\STEP_11_GLCM_TEXTURE\GTV1_GLCM_texture.csv,275,10,Patient_ID,275,,True,True
10,LUNG1-363\STEP_11_GLCM_TEXTURE\GTV1_GLCM_texture.csv,275,10,Patient_ID,275,,True,True
10,LUNG1-416\STEP_11_GLCM_TEXTURE\GTV1_GLCM_texture.csv,275,10,Patient_ID,275,,True,True
10,LUNG1-009\STEP_11_GLCM_TEXTURE\GTV1_GLCM_texture.csv,264,10,Patient_ID,264,,True,True
10,LUNG1-016\STEP_11_GLCM_TEXTURE\GTV1_GLCM_texture.csv,264,10,Patient_ID,264,,True,True
10,LUNG1-040\STEP_11_GLCM_TEXTURE\GTV1_GLCM_texture.csv,264,10,Patient_ID,264,,True,True
10,LUNG1-052\STEP_11_GLCM_TEXTURE\GTV1_GLCM_texture.csv,264,10,Patient_ID,264,,True,True
10,LUNG1-057\STEP_11_GLCM_TEXTURE\GTV1_GLCM_texture.csv,264,10,Patient_ID,264,,True,True
10,LUNG1-092\STEP_11_GLCM_TEXTURE\GTV1_GLCM_texture.csv,264,10,Patient_ID,264,,True,True
10,LUNG1-137\STEP_11_GLCM_TEXTURE\GTV1_GLCM_texture.csv,264,10,Patient_ID,264,,True,True
10,LUNG1-186\STEP_11_GLCM_TEXTURE\GTV1_GLCM_texture.csv,264,10,Patient_ID,264,,True,True
10,LUNG1-208\STEP_11_GLCM_TEXTURE\GTV1_GLCM_texture.csv,264,10,Patient_ID,264,,True,True
10,LUNG1-210\STEP_11_GLCM_TEXTURE\GTV1_GLCM_texture.csv,264,10,Patient_ID,264,,True,True
10,LUNG1-225\STEP_11_GLCM_TEXTURE\GTV1_GLCM_texture.csv,264,10,Patient_ID,264,,True,True
10,LUNG1-228\STEP_11_GLCM_TEXTURE\GTV1_GLCM_texture.csv,264,10,Patient_ID,264,,True,True
10,LUNG1-239\STEP_11_GLCM_TEXTURE\GTV1_GLCM_texture.csv,264,10,Patient_ID,264,,True,True
10,LUNG1-292\STEP_11_GLCM_TEXTURE\GTV1_GLCM_texture.csv,264,10,Patient_ID,264,,True,True
10,LUNG1-324\STEP_11_GLCM_TEXTURE\GTV1_GLCM_texture.csv,264,10,Patient_ID,264,,True,True
10,LUNG1-337\STEP_11_GLCM_TEXTURE\GTV1_GLCM_texture.csv,264,10,Patient_ID,264,,True,True
10,LUNG1-352\STEP_11_GLCM_TEXTURE\GTV1_GLCM_texture.csv,264,10,Patient_ID,264,,True,True
10,LUNG1-360\STEP_11_GLCM_TEXTURE\GTV1_GLCM_texture.csv,264,10,Patient_ID,264,,True,True
10,LUNG1-376\STEP_11_GLCM_TEXTURE\GTV1_GLCM_texture.csv,264,10,Patient_ID,264,,True,True
10,LUNG1-407\STEP_11_GLCM_TEXTURE\GTV1_GLCM_texture.csv,264,10,Patient_ID,264,,True,True
10,LUNG1-001\STEP_12_LBP_TEXTURE\GTV1_LBP_histogram.csv,256,4,Patient_ID,256,,True,True
10,LUNG1-002\STEP_12_LBP_TEXTURE\GTV1_LBP_histogram.csv,256,4,Patient_ID,256,,True,True
10,LUNG1-003\STEP_12_LBP_TEXTURE\GTV1_LBP_histogram.csv,256,4,Patient_ID,256,,True,True
10,LUNG1-004\STEP_12_LBP_TEXTURE\GTV1_LBP_histogram.csv,256,4,Patient_ID,256,,True,True
10,LUNG1-005\STEP_12_LBP_TEXTURE\GTV1_LBP_histogram.csv,256,4,Patient_ID,256,,True,True
10,LUNG1-006\STEP_12_LBP_TEXTURE\GTV1_LBP_histogram.csv,256,4,Patient_ID,256,,True,True
10,LUNG1-007\STEP_12_LBP_TEXTURE\GTV1_LBP_histogram.csv,256,4,Patient_ID,256,,True,True
10,LUNG1-008\STEP_12_LBP_TEXTURE\GTV1_LBP_histogram.csv,256,4,Patient_ID,256,,True,True
10,LUNG1-009\STEP_12_LBP_TEXTURE\GTV1_LBP_histogram.csv,256,4,Patient_ID,256,,True,True
10,LUNG1-010\STEP_12_LBP_TEXTURE\GTV1_LBP_histogram.csv,256,4,Patient_ID,256,,True,True
10,LUNG1-011\STEP_12_LBP_TEXTURE\GTV1_LBP_histogram.csv,256,4,Patient_ID,256,,True,True
10,LUNG1-012\STEP_12_LBP_TEXTURE\GTV1_LBP_histogram.csv,256,4,Patient_ID,256,,True,True
10,LUNG1-013\STEP_12_LBP_TEXTURE\GTV1_LBP_histogram.csv,256,4,Patient_ID,256,,True,True
10,LUNG1-014\STEP_12_LBP_TEXTURE\GTV1_LBP_histogram.csv,256,4,Patient_ID,256,,True,True
10,LUNG1-015\STEP_12_LBP_TEXTURE\GTV1_LBP_histogram.csv,256,4,Patient_ID,256,,True,True
10,LUNG1-016\STEP_12_LBP_TEXTURE\GTV1_LBP_histogram.csv,256,4,Patient_ID,256,,True,True
10,LUNG1-017\STEP_12_LBP_TEXTURE\GTV1_LBP_histogram.csv,256,4,Patient_ID,256,,True,True
10,LUNG1-018\STEP_12_LBP_TEXTURE\GTV1_LBP_histogram.csv,256,4,Patient_ID,256,,True,True
10,LUNG1-019\STEP_12_LBP_TEXTURE\GTV1_LBP_histogram.csv,256,4,Patient_ID,256,,True,True
10,LUNG1-020\STEP_12_LBP_TEXTURE\GTV1_LBP_histogram.csv,256,4,Patient_ID,256,,True,True
10,LUNG1-021\STEP_12_LBP_TEXTURE\GTV1_LBP_histogram.csv,256,4,Patient_ID,256,,True,True
10,LUNG1-022\STEP_12_LBP_TEXTURE\GTV1_LBP_histogram.csv,256,4,Patient_ID,256,,True,True
10,LUNG1-023\STEP_12_LBP_TEXTURE\GTV1_LBP_histogram.csv,256,4,Patient_ID,256,,True,True
10,LUNG1-024\STEP_12_LBP_TEXTURE\GTV1_LBP_histogram.csv,256,4,Patient_ID,256,,True,True
10,LUNG1-025\STEP_12_LBP_TEXTURE\GTV1_LBP_histogram.csv,256,4,Patient_ID,256,,True,True
10,LUNG1-026\STEP_12_LBP_TEXTURE\GTV1_LBP_histogram.csv,256,4,Patient_ID,256,,True,True
10,LUNG1-027\STEP_12_LBP_TEXTURE\GTV1_LBP_histogram.csv,256,4,Patient_ID,256,,True,True
10,LUNG1-028\STEP_12_LBP_TEXTURE\GTV1_LBP_histogram.csv,256,4,Patient_ID,256,,True,True
10,LUNG1-029\STEP_12_LBP_TEXTURE\GTV1_LBP_histogram.csv,256,4,Patient_ID,256,,True,True
10,LUNG1-030\STEP_12_LBP_TEXTURE\GTV1_LBP_histogram.csv,256,4,Patient_ID,256,,True,True
10,LUNG1-031\STEP_12_LBP_TEXTURE\GTV1_LBP_histogram.csv,256,4,Patient_ID,256,,True,True
10,LUNG1-032\STEP_12_LBP_TEXTURE\GTV1_LBP_histogram.csv,256,4,Patient_ID,256,,True,True
10,LUNG1-033\STEP_12_LBP_TEXTURE\GTV1_LBP_histogram.csv,256,4,Patient_ID,256,,True,True
10,LUNG1-034\STEP_12_LBP_TEXTURE\GTV1_LBP_histogram.csv,256,4,Patient_ID,256,,True,True
10,LUNG1-035\STEP_12_LBP_TEXTURE\GTV1_LBP_histogram.csv,256,4,Patient_ID,256,,True,True
10,LUNG1-036\STEP_12_LBP_TEXTURE\GTV1_LBP_histogram.csv,256,4,Patient_ID,256,,True,True
10,LUNG1-037\STEP_12_LBP_TEXTURE\GTV1_LBP_histogram.csv,256,4,Patient_ID,256,,True,True
10,LUNG1-038\STEP_12_LBP_TEXTURE\GTV1_LBP_histogram.csv,256,4,Patient_ID,256,,True,True
10,LUNG1-039\STEP_12_LBP_TEXTURE\GTV1_LBP_histogram.csv,256,4,Patient_ID,256,,True,True
10,LUNG1-040\STEP_12_LBP_TEXTURE\GTV1_LBP_histogram.csv,256,4,Patient_ID,256,,True,True
10,LUNG1-041\STEP_12_LBP_TEXTURE\GTV1_LBP_histogram.csv,256,4,Patient_ID,256,,True,True
10,LUNG1-042\STEP_12_LBP_TEXTURE\GTV1_LBP_histogram.csv,256,4,Patient_ID,256,,True,True
10,LUNG1-043\STEP_12_LBP_TEXTURE\GTV1_LBP_histogram.csv,256,4,Patient_ID,256,,True,True
10,LUNG1-044\STEP_12_LBP_TEXTURE\GTV1_LBP_histogram.csv,256,4,Patient_ID,256,,True,True
10,LUNG1-045\STEP_12_LBP_TEXTURE\GTV1_LBP_histogram.csv,256,4,Patient_ID,256,,True,True
10,LUNG1-046\STEP_12_LBP_TEXTURE\GTV1_LBP_histogram.csv,256,4,Patient_ID,256,,True,True
10,LUNG1-047\STEP_12_LBP_TEXTURE\GTV1_LBP_histogram.csv,256,4,Patient_ID,256,,True,True
10,LUNG1-048\STEP_12_LBP_TEXTURE\GTV1_LBP_histogram.csv,256,4,Patient_ID,256,,True,True
10,LUNG1-049\STEP_12_LBP_TEXTURE\GTV1_LBP_histogram.csv,256,4,Patient_ID,256,,True,True
10,LUNG1-050\STEP_12_LBP_TEXTURE\GTV1_LBP_histogram.csv,256,4,Patient_ID,256,,True,True
10,LUNG1-051\STEP_12_LBP_TEXTURE\GTV1_LBP_histogram.csv,256,4,Patient_ID,256,,True,True
10,LUNG1-052\STEP_12_LBP_TEXTURE\GTV1_LBP_histogram.csv,256,4,Patient_ID,256,,True,True
10,LUNG1-053\STEP_12_LBP_TEXTURE\GTV1_LBP_histogram.csv,256,4,Patient_ID,256,,True,True
10,LUNG1-054\STEP_12_LBP_TEXTURE\GTV1_LBP_histogram.csv,256,4,Patient_ID,256,,True,True
10,LUNG1-055\STEP_12_LBP_TEXTURE\GTV1_LBP_histogram.csv,256,4,Patient_ID,256,,True,True
10,LUNG1-056\STEP_12_LBP_TEXTURE\GTV1_LBP_histogram.csv,256,4,Patient_ID,256,,True,True
10,LUNG1-057\STEP_12_LBP_TEXTURE\GTV1_LBP_histogram.csv,256,4,Patient_ID,256,,True,True
10,LUNG1-058\STEP_12_LBP_TEXTURE\GTV1_LBP_histogram.csv,256,4,Patient_ID,256,,True,True
10,LUNG1-059\STEP_12_LBP_TEXTURE\GTV1_LBP_histogram.csv,256,4,Patient_ID,256,,True,True
10,LUNG1-060\STEP_12_LBP_TEXTURE\GTV1_LBP_histogram.csv,256,4,Patient_ID,256,,True,True
10,LUNG1-061\STEP_12_LBP_TEXTURE\GTV1_LBP_histogram.csv,256,4,Patient_ID,256,,True,True
10,LUNG1-062\STEP_12_LBP_TEXTURE\GTV1_LBP_histogram.csv,256,4,Patient_ID,256,,True,True
10,LUNG1-063\STEP_12_LBP_TEXTURE\GTV1_LBP_histogram.csv,256,4,Patient_ID,256,,True,True
10,LUNG1-064\STEP_12_LBP_TEXTURE\GTV1_LBP_histogram.csv,256,4,Patient_ID,256,,True,True
10,LUNG1-065\STEP_12_LBP_TEXTURE\GTV1_LBP_histogram.csv,256,4,Patient_ID,256,,True,True
10,LUNG1-066\STEP_12_LBP_TEXTURE\GTV1_LBP_histogram.csv,256,4,Patient_ID,256,,True,True
10,LUNG1-067\STEP_12_LBP_TEXTURE\GTV1_LBP_histogram.csv,256,4,Patient_ID,256,,True,True
10,LUNG1-068\STEP_12_LBP_TEXTURE\GTV1_LBP_histogram.csv,256,4,Patient_ID,256,,True,True
10,LUNG1-069\STEP_12_LBP_TEXTURE\GTV1_LBP_histogram.csv,256,4,Patient_ID,256,,True,True
10,LUNG1-070\STEP_12_LBP_TEXTURE\GTV1_LBP_histogram.csv,256,4,Patient_ID,256,,True,True
10,LUNG1-071\STEP_12_LBP_TEXTURE\GTV1_LBP_histogram.csv,256,4,Patient_ID,256,,True,True
10,LUNG1-072\STEP_12_LBP_TEXTURE\GTV1_LBP_histogram.csv,256,4,Patient_ID,256,,True,True
10,LUNG1-073\STEP_12_LBP_TEXTURE\GTV1_LBP_histogram.csv,256,4,Patient_ID,256,,True,True
10,LUNG1-074\STEP_12_LBP_TEXTURE\GTV1_LBP_histogram.csv,256,4,Patient_ID,256,,True,True
10,LUNG1-075\STEP_12_LBP_TEXTURE\GTV1_LBP_histogram.csv,256,4,Patient_ID,256,,True,True
10,LUNG1-076\STEP_12_LBP_TEXTURE\GTV1_LBP_histogram.csv,256,4,Patient_ID,256,,True,True
10,LUNG1-077\STEP_12_LBP_TEXTURE\GTV1_LBP_histogram.csv,256,4,Patient_ID,256,,True,True
10,LUNG1-078\STEP_12_LBP_TEXTURE\GTV1_LBP_histogram.csv,256,4,Patient_ID,256,,True,True
10,LUNG1-079\STEP_12_LBP_TEXTURE\GTV1_LBP_histogram.csv,256,4,Patient_ID,256,,True,True
10,LUNG1-080\STEP_12_LBP_TEXTURE\GTV1_LBP_histogram.csv,256,4,Patient_ID,256,,True,True
10,LUNG1-081\STEP_12_LBP_TEXTURE\GTV1_LBP_histogram.csv,256,4,Patient_ID,256,,True,True
10,LUNG1-082\STEP_12_LBP_TEXTURE\GTV1_LBP_histogram.csv,256,4,Patient_ID,256,,True,True
10,LUNG1-083\STEP_12_LBP_TEXTURE\GTV1_LBP_histogram.csv,256,4,Patient_ID,256,,True,True
10,LUNG1-084\STEP_12_LBP_TEXTURE\GTV1_LBP_histogram.csv,256,4,Patient_ID,256,,True,True
10,LUNG1-085\STEP_12_LBP_TEXTURE\GTV1_LBP_histogram.csv,256,4,Patient_ID,256,,True,True
10,LUNG1-086\STEP_12_LBP_TEXTURE\GTV1_LBP_histogram.csv,256,4,Patient_ID,256,,True,True
10,LUNG1-087\STEP_12_LBP_TEXTURE\GTV1_LBP_histogram.csv,256,4,Patient_ID,256,,True,True
10,LUNG1-088\STEP_12_LBP_TEXTURE\GTV1_LBP_histogram.csv,256,4,Patient_ID,256,,True,True
10,LUNG1-089\STEP_12_LBP_TEXTURE\GTV1_LBP_histogram.csv,256,4,Patient_ID,256,,True,True
10,LUNG1-090\STEP_12_LBP_TEXTURE\GTV1_LBP_histogram.csv,256,4,Patient_ID,256,,True,True
10,LUNG1-091\STEP_12_LBP_TEXTURE\GTV1_LBP_histogram.csv,256,4,Patient_ID,256,,True,True
10,LUNG1-092\STEP_12_LBP_TEXTURE\GTV1_LBP_histogram.csv,256,4,Patient_ID,256,,True,True
10,LUNG1-093\STEP_12_LBP_TEXTURE\GTV1_LBP_histogram.csv,256,4,Patient_ID,256,,True,True
10,LUNG1-094\STEP_12_LBP_TEXTURE\GTV1_LBP_histogram.csv,256,4,Patient_ID,256,,True,True
10,LUNG1-095\STEP_12_LBP_TEXTURE\GTV1_LBP_histogram.csv,256,4,Patient_ID,256,,True,True
10,LUNG1-096\STEP_12_LBP_TEXTURE\GTV1_LBP_histogram.csv,256,4,Patient_ID,256,,True,True
10,LUNG1-097\STEP_12_LBP_TEXTURE\GTV1_LBP_histogram.csv,256,4,Patient_ID,256,,True,True
10,LUNG1-098\STEP_12_LBP_TEXTURE\GTV1_LBP_histogram.csv,256,4,Patient_ID,256,,True,True
10,LUNG1-099\STEP_12_LBP_TEXTURE\GTV1_LBP_histogram.csv,256,4,Patient_ID,256,,True,True
10,LUNG1-100\STEP_12_LBP_TEXTURE\GTV1_LBP_histogram.csv,256,4,Patient_ID,256,,True,True
10,LUNG1-101\STEP_12_LBP_TEXTURE\GTV1_LBP_histogram.csv,256,4,Patient_ID,256,,True,True
10,LUNG1-102\STEP_12_LBP_TEXTURE\GTV1_LBP_histogram.csv,256,4,Patient_ID,256,,True,True
10,LUNG1-103\STEP_12_LBP_TEXTURE\GTV1_LBP_histogram.csv,256,4,Patient_ID,256,,True,True
10,LUNG1-104\STEP_12_LBP_TEXTURE\GTV1_LBP_histogram.csv,256,4,Patient_ID,256,,True,True
10,LUNG1-105\STEP_12_LBP_TEXTURE\GTV1_LBP_histogram.csv,256,4,Patient_ID,256,,True,True
10,LUNG1-106\STEP_12_LBP_TEXTURE\GTV1_LBP_histogram.csv,256,4,Patient_ID,256,,True,True
10,LUNG1-107\STEP_12_LBP_TEXTURE\GTV1_LBP_histogram.csv,256,4,Patient_ID,256,,True,True
10,LUNG1-108\STEP_12_LBP_TEXTURE\GTV1_LBP_histogram.csv,256,4,Patient_ID,256,,True,True
10,LUNG1-109\STEP_12_LBP_TEXTURE\GTV1_LBP_histogram.csv,256,4,Patient_ID,256,,True,True
10,LUNG1-110\STEP_12_LBP_TEXTURE\GTV1_LBP_histogram.csv,256,4,Patient_ID,256,,True,True
10,LUNG1-111\STEP_12_LBP_TEXTURE\GTV1_LBP_histogram.csv,256,4,Patient_ID,256,,True,True
10,LUNG1-112\STEP_12_LBP_TEXTURE\GTV1_LBP_histogram.csv,256,4,Patient_ID,256,,True,True
10,LUNG1-113\STEP_12_LBP_TEXTURE\GTV1_LBP_histogram.csv,256,4,Patient_ID,256,,True,True
10,LUNG1-114\STEP_12_LBP_TEXTURE\GTV1_LBP_histogram.csv,256,4,Patient_ID,256,,True,True
10,LUNG1-115\STEP_12_LBP_TEXTURE\GTV1_LBP_histogram.csv,256,4,Patient_ID,256,,True,True
10,LUNG1-116\STEP_12_LBP_TEXTURE\GTV1_LBP_histogram.csv,256,4,Patient_ID,256,,True,True
10,LUNG1-117\STEP_12_LBP_TEXTURE\GTV1_LBP_histogram.csv,256,4,Patient_ID,256,,True,True
10,LUNG1-118\STEP_12_LBP_TEXTURE\GTV1_LBP_histogram.csv,256,4,Patient_ID,256,,True,True
10,LUNG1-119\STEP_12_LBP_TEXTURE\GTV1_LBP_histogram.csv,256,4,Patient_ID,256,,True,True
10,LUNG1-120\STEP_12_LBP_TEXTURE\GTV1_LBP_histogram.csv,256,4,Patient_ID,256,,True,True
10,LUNG1-121\STEP_12_LBP_TEXTURE\GTV1_LBP_histogram.csv,256,4,Patient_ID,256,,True,True
10,LUNG1-122\STEP_12_LBP_TEXTURE\GTV1_LBP_histogram.csv,256,4,Patient_ID,256,,True,True
10,LUNG1-123\STEP_12_LBP_TEXTURE\GTV1_LBP_histogram.csv,256,4,Patient_ID,256,,True,True
10,LUNG1-124\STEP_12_LBP_TEXTURE\GTV1_LBP_histogram.csv,256,4,Patient_ID,256,,True,True
10,LUNG1-125\STEP_12_LBP_TEXTURE\GTV1_LBP_histogram.csv,256,4,Patient_ID,256,,True,True
10,LUNG1-126\STEP_12_LBP_TEXTURE\GTV1_LBP_histogram.csv,256,4,Patient_ID,256,,True,True
10,LUNG1-127\STEP_12_LBP_TEXTURE\GTV1_LBP_histogram.csv,256,4,Patient_ID,256,,True,True
10,LUNG1-129\STEP_12_LBP_TEXTURE\GTV1_LBP_histogram.csv,256,4,Patient_ID,256,,True,True
10,LUNG1-130\STEP_12_LBP_TEXTURE\GTV1_LBP_histogram.csv,256,4,Patient_ID,256,,True,True
10,LUNG1-131\STEP_12_LBP_TEXTURE\GTV1_LBP_histogram.csv,256,4,Patient_ID,256,,True,True
10,LUNG1-132\STEP_12_LBP_TEXTURE\GTV1_LBP_histogram.csv,256,4,Patient_ID,256,,True,True
10,LUNG1-133\STEP_12_LBP_TEXTURE\GTV1_LBP_histogram.csv,256,4,Patient_ID,256,,True,True
10,LUNG1-134\STEP_12_LBP_TEXTURE\GTV1_LBP_histogram.csv,256,4,Patient_ID,256,,True,True
10,LUNG1-135\STEP_12_LBP_TEXTURE\GTV1_LBP_histogram.csv,256,4,Patient_ID,256,,True,True
10,LUNG1-136\STEP_12_LBP_TEXTURE\GTV1_LBP_histogram.csv,256,4,Patient_ID,256,,True,True
10,LUNG1-137\STEP_12_LBP_TEXTURE\GTV1_LBP_histogram.csv,256,4,Patient_ID,256,,True,True
10,LUNG1-138\STEP_12_LBP_TEXTURE\GTV1_LBP_histogram.csv,256,4,Patient_ID,256,,True,True
10,LUNG1-139\STEP_12_LBP_TEXTURE\GTV1_LBP_histogram.csv,256,4,Patient_ID,256,,True,True
10,LUNG1-140\STEP_12_LBP_TEXTURE\GTV1_LBP_histogram.csv,256,4,Patient_ID,256,,True,True
10,LUNG1-141\STEP_12_LBP_TEXTURE\GTV1_LBP_histogram.csv,256,4,Patient_ID,256,,True,True
10,LUNG1-142\STEP_12_LBP_TEXTURE\GTV1_LBP_histogram.csv,256,4,Patient_ID,256,,True,True
10,LUNG1-143\STEP_12_LBP_TEXTURE\GTV1_LBP_histogram.csv,256,4,Patient_ID,256,,True,True
10,LUNG1-144\STEP_12_LBP_TEXTURE\GTV1_LBP_histogram.csv,256,4,Patient_ID,256,,True,True
10,LUNG1-145\STEP_12_LBP_TEXTURE\GTV1_LBP_histogram.csv,256,4,Patient_ID,256,,True,True
10,LUNG1-146\STEP_12_LBP_TEXTURE\GTV1_LBP_histogram.csv,256,4,Patient_ID,256,,True,True
10,LUNG1-147\STEP_12_LBP_TEXTURE\GTV1_LBP_histogram.csv,256,4,Patient_ID,256,,True,True
10,LUNG1-148\STEP_12_LBP_TEXTURE\GTV1_LBP_histogram.csv,256,4,Patient_ID,256,,True,True
10,LUNG1-149\STEP_12_LBP_TEXTURE\GTV1_LBP_histogram.csv,256,4,Patient_ID,256,,True,True
10,LUNG1-150\STEP_12_LBP_TEXTURE\GTV1_LBP_histogram.csv,256,4,Patient_ID,256,,True,True
10,LUNG1-151\STEP_12_LBP_TEXTURE\GTV1_LBP_histogram.csv,256,4,Patient_ID,256,,True,True
10,LUNG1-152\STEP_12_LBP_TEXTURE\GTV1_LBP_histogram.csv,256,4,Patient_ID,256,,True,True
10,LUNG1-153\STEP_12_LBP_TEXTURE\GTV1_LBP_histogram.csv,256,4,Patient_ID,256,,True,True
10,LUNG1-154\STEP_12_LBP_TEXTURE\GTV1_LBP_histogram.csv,256,4,Patient_ID,256,,True,True
10,LUNG1-155\STEP_12_LBP_TEXTURE\GTV1_LBP_histogram.csv,256,4,Patient_ID,256,,True,True
10,LUNG1-156\STEP_12_LBP_TEXTURE\GTV1_LBP_histogram.csv,256,4,Patient_ID,256,,True,True
10,LUNG1-157\STEP_12_LBP_TEXTURE\GTV1_LBP_histogram.csv,256,4,Patient_ID,256,,True,True
10,LUNG1-158\STEP_12_LBP_TEXTURE\GTV1_LBP_histogram.csv,256,4,Patient_ID,256,,True,True
10,LUNG1-159\STEP_12_LBP_TEXTURE\GTV1_LBP_histogram.csv,256,4,Patient_ID,256,,True,True
10,LUNG1-160\STEP_12_LBP_TEXTURE\GTV1_LBP_histogram.csv,256,4,Patient_ID,256,,True,True
10,LUNG1-161\STEP_12_LBP_TEXTURE\GTV1_LBP_histogram.csv,256,4,Patient_ID,256,,True,True
10,LUNG1-162\STEP_12_LBP_TEXTURE\GTV1_LBP_histogram.csv,256,4,Patient_ID,256,,True,True
10,LUNG1-163\STEP_12_LBP_TEXTURE\GTV1_LBP_histogram.csv,256,4,Patient_ID,256,,True,True
10,LUNG1-164\STEP_12_LBP_TEXTURE\GTV1_LBP_histogram.csv,256,4,Patient_ID,256,,True,True
10,LUNG1-165\STEP_12_LBP_TEXTURE\GTV1_LBP_histogram.csv,256,4,Patient_ID,256,,True,True
10,LUNG1-166\STEP_12_LBP_TEXTURE\GTV1_LBP_histogram.csv,256,4,Patient_ID,256,,True,True
10,LUNG1-167\STEP_12_LBP_TEXTURE\GTV1_LBP_histogram.csv,256,4,Patient_ID,256,,True,True
10,LUNG1-168\STEP_12_LBP_TEXTURE\GTV1_LBP_histogram.csv,256,4,Patient_ID,256,,True,True
10,LUNG1-169\STEP_12_LBP_TEXTURE\GTV1_LBP_histogram.csv,256,4,Patient_ID,256,,True,True
10,LUNG1-170\STEP_12_LBP_TEXTURE\GTV1_LBP_histogram.csv,256,4,Patient_ID,256,,True,True
10,LUNG1-171\STEP_12_LBP_TEXTURE\GTV1_LBP_histogram.csv,256,4,Patient_ID,256,,True,True
10,LUNG1-172\STEP_12_LBP_TEXTURE\GTV1_LBP_histogram.csv,256,4,Patient_ID,256,,True,True
10,LUNG1-173\STEP_12_LBP_TEXTURE\GTV1_LBP_histogram.csv,256,4,Patient_ID,256,,True,True
10,LUNG1-174\STEP_12_LBP_TEXTURE\GTV1_LBP_histogram.csv,256,4,Patient_ID,256,,True,True
10,LUNG1-175\STEP_12_LBP_TEXTURE\GTV1_LBP_histogram.csv,256,4,Patient_ID,256,,True,True
10,LUNG1-176\STEP_12_LBP_TEXTURE\GTV1_LBP_histogram.csv,256,4,Patient_ID,256,,True,True
10,LUNG1-177\STEP_12_LBP_TEXTURE\GTV1_LBP_histogram.csv,256,4,Patient_ID,256,,True,True
10,LUNG1-178\STEP_12_LBP_TEXTURE\GTV1_LBP_histogram.csv,256,4,Patient_ID,256,,True,True
10,LUNG1-179\STEP_12_LBP_TEXTURE\GTV1_LBP_histogram.csv,256,4,Patient_ID,256,,True,True
10,LUNG1-180\STEP_12_LBP_TEXTURE\GTV1_LBP_histogram.csv,256,4,Patient_ID,256,,True,True
10,LUNG1-181\STEP_12_LBP_TEXTURE\GTV1_LBP_histogram.csv,256,4,Patient_ID,256,,True,True
10,LUNG1-182\STEP_12_LBP_TEXTURE\GTV1_LBP_histogram.csv,256,4,Patient_ID,256,,True,True
10,LUNG1-183\STEP_12_LBP_TEXTURE\GTV1_LBP_histogram.csv,256,4,Patient_ID,256,,True,True
10,LUNG1-184\STEP_12_LBP_TEXTURE\GTV1_LBP_histogram.csv,256,4,Patient_ID,256,,True,True
10,LUNG1-185\STEP_12_LBP_TEXTURE\GTV1_LBP_histogram.csv,256,4,Patient_ID,256,,True,True
10,LUNG1-186\STEP_12_LBP_TEXTURE\GTV1_LBP_histogram.csv,256,4,Patient_ID,256,,True,True
10,LUNG1-187\STEP_12_LBP_TEXTURE\GTV1_LBP_histogram.csv,256,4,Patient_ID,256,,True,True
10,LUNG1-188\STEP_12_LBP_TEXTURE\GTV1_LBP_histogram.csv,256,4,Patient_ID,256,,True,True
10,LUNG1-189\STEP_12_LBP_TEXTURE\GTV1_LBP_histogram.csv,256,4,Patient_ID,256,,True,True
10,LUNG1-190\STEP_12_LBP_TEXTURE\GTV1_LBP_histogram.csv,256,4,Patient_ID,256,,True,True
10,LUNG1-191\STEP_12_LBP_TEXTURE\GTV1_LBP_histogram.csv,256,4,Patient_ID,256,,True,True
10,LUNG1-192\STEP_12_LBP_TEXTURE\GTV1_LBP_histogram.csv,256,4,Patient_ID,256,,True,True
10,LUNG1-193\STEP_12_LBP_TEXTURE\GTV1_LBP_histogram.csv,256,4,Patient_ID,256,,True,True
10,LUNG1-194\STEP_12_LBP_TEXTURE\GTV1_LBP_histogram.csv,256,4,Patient_ID,256,,True,True
10,LUNG1-195\STEP_12_LBP_TEXTURE\GTV1_LBP_histogram.csv,256,4,Patient_ID,256,,True,True
10,LUNG1-196\STEP_12_LBP_TEXTURE\GTV1_LBP_histogram.csv,256,4,Patient_ID,256,,True,True
10,LUNG1-197\STEP_12_LBP_TEXTURE\GTV1_LBP_histogram.csv,256,4,Patient_ID,256,,True,True
10,LUNG1-198\STEP_12_LBP_TEXTURE\GTV1_LBP_histogram.csv,256,4,Patient_ID,256,,True,True
10,LUNG1-199\STEP_12_LBP_TEXTURE\GTV1_LBP_histogram.csv,256,4,Patient_ID,256,,True,True
10,LUNG1-200\STEP_12_LBP_TEXTURE\GTV1_LBP_histogram.csv,256,4,Patient_ID,256,,True,True
10,LUNG1-201\STEP_12_LBP_TEXTURE\GTV1_LBP_histogram.csv,256,4,Patient_ID,256,,True,True
10,LUNG1-202\STEP_12_LBP_TEXTURE\GTV1_LBP_histogram.csv,256,4,Patient_ID,256,,True,True
10,LUNG1-203\STEP_12_LBP_TEXTURE\GTV1_LBP_histogram.csv,256,4,Patient_ID,256,,True,True
10,LUNG1-204\STEP_12_LBP_TEXTURE\GTV1_LBP_histogram.csv,256,4,Patient_ID,256,,True,True
10,LUNG1-205\STEP_12_LBP_TEXTURE\GTV1_LBP_histogram.csv,256,4,Patient_ID,256,,True,True
10,LUNG1-206\STEP_12_LBP_TEXTURE\GTV1_LBP_histogram.csv,256,4,Patient_ID,256,,True,True
10,LUNG1-207\STEP_12_LBP_TEXTURE\GTV1_LBP_histogram.csv,256,4,Patient_ID,256,,True,True
10,LUNG1-208\STEP_12_LBP_TEXTURE\GTV1_LBP_histogram.csv,256,4,Patient_ID,256,,True,True
10,LUNG1-209\STEP_12_LBP_TEXTURE\GTV1_LBP_histogram.csv,256,4,Patient_ID,256,,True,True
10,LUNG1-210\STEP_12_LBP_TEXTURE\GTV1_LBP_histogram.csv,256,4,Patient_ID,256,,True,True
10,LUNG1-211\STEP_12_LBP_TEXTURE\GTV1_LBP_histogram.csv,256,4,Patient_ID,256,,True,True
10,LUNG1-212\STEP_12_LBP_TEXTURE\GTV1_LBP_histogram.csv,256,4,Patient_ID,256,,True,True
10,LUNG1-213\STEP_12_LBP_TEXTURE\GTV1_LBP_histogram.csv,256,4,Patient_ID,256,,True,True
10,LUNG1-214\STEP_12_LBP_TEXTURE\GTV1_LBP_histogram.csv,256,4,Patient_ID,256,,True,True
10,LUNG1-215\STEP_12_LBP_TEXTURE\GTV1_LBP_histogram.csv,256,4,Patient_ID,256,,True,True
10,LUNG1-216\STEP_12_LBP_TEXTURE\GTV1_LBP_histogram.csv,256,4,Patient_ID,256,,True,True
10,LUNG1-217\STEP_12_LBP_TEXTURE\GTV1_LBP_histogram.csv,256,4,Patient_ID,256,,True,True
10,LUNG1-218\STEP_12_LBP_TEXTURE\GTV1_LBP_histogram.csv,256,4,Patient_ID,256,,True,True
10,LUNG1-219\STEP_12_LBP_TEXTURE\GTV1_LBP_histogram.csv,256,4,Patient_ID,256,,True,True
10,LUNG1-220\STEP_12_LBP_TEXTURE\GTV1_LBP_histogram.csv,256,4,Patient_ID,256,,True,True
10,LUNG1-221\STEP_12_LBP_TEXTURE\GTV1_LBP_histogram.csv,256,4,Patient_ID,256,,True,True
10,LUNG1-222\STEP_12_LBP_TEXTURE\GTV1_LBP_histogram.csv,256,4,Patient_ID,256,,True,True
10,LUNG1-223\STEP_12_LBP_TEXTURE\GTV1_LBP_histogram.csv,256,4,Patient_ID,256,,True,True
10,LUNG1-224\STEP_12_LBP_TEXTURE\GTV1_LBP_histogram.csv,256,4,Patient_ID,256,,True,True
10,LUNG1-225\STEP_12_LBP_TEXTURE\GTV1_LBP_histogram.csv,256,4,Patient_ID,256,,True,True
10,LUNG1-226\STEP_12_LBP_TEXTURE\GTV1_LBP_histogram.csv,256,4,Patient_ID,256,,True,True
10,LUNG1-227\STEP_12_LBP_TEXTURE\GTV1_LBP_histogram.csv,256,4,Patient_ID,256,,True,True
10,LUNG1-228\STEP_12_LBP_TEXTURE\GTV1_LBP_histogram.csv,256,4,Patient_ID,256,,True,True
10,LUNG1-229\STEP_12_LBP_TEXTURE\GTV1_LBP_histogram.csv,256,4,Patient_ID,256,,True,True
10,LUNG1-230\STEP_12_LBP_TEXTURE\GTV1_LBP_histogram.csv,256,4,Patient_ID,256,,True,True
10,LUNG1-231\STEP_12_LBP_TEXTURE\GTV1_LBP_histogram.csv,256,4,Patient_ID,256,,True,True
10,LUNG1-232\STEP_12_LBP_TEXTURE\GTV1_LBP_histogram.csv,256,4,Patient_ID,256,,True,True
10,LUNG1-233\STEP_12_LBP_TEXTURE\GTV1_LBP_histogram.csv,256,4,Patient_ID,256,,True,True
10,LUNG1-234\STEP_12_LBP_TEXTURE\GTV1_LBP_histogram.csv,256,4,Patient_ID,256,,True,True
10,LUNG1-235\STEP_12_LBP_TEXTURE\GTV1_LBP_histogram.csv,256,4,Patient_ID,256,,True,True
10,LUNG1-236\STEP_12_LBP_TEXTURE\GTV1_LBP_histogram.csv,256,4,Patient_ID,256,,True,True
10,LUNG1-237\STEP_12_LBP_TEXTURE\GTV1_LBP_histogram.csv,256,4,Patient_ID,256,,True,True
10,LUNG1-238\STEP_12_LBP_TEXTURE\GTV1_LBP_histogram.csv,256,4,Patient_ID,256,,True,True
10,LUNG1-239\STEP_12_LBP_TEXTURE\GTV1_LBP_histogram.csv,256,4,Patient_ID,256,,True,True
10,LUNG1-240\STEP_12_LBP_TEXTURE\GTV1_LBP_histogram.csv,256,4,Patient_ID,256,,True,True
10,LUNG1-241\STEP_12_LBP_TEXTURE\GTV1_LBP_histogram.csv,256,4,Patient_ID,256,,True,True
10,LUNG1-242\STEP_12_LBP_TEXTURE\GTV1_LBP_histogram.csv,256,4,Patient_ID,256,,True,True
10,LUNG1-243\STEP_12_LBP_TEXTURE\GTV1_LBP_histogram.csv,256,4,Patient_ID,256,,True,True
10,LUNG1-244\STEP_12_LBP_TEXTURE\GTV1_LBP_histogram.csv,256,4,Patient_ID,256,,True,True
10,LUNG1-245\STEP_12_LBP_TEXTURE\GTV1_LBP_histogram.csv,256,4,Patient_ID,256,,True,True
10,LUNG1-246\STEP_12_LBP_TEXTURE\GTV1_LBP_histogram.csv,256,4,Patient_ID,256,,True,True
10,LUNG1-247\STEP_12_LBP_TEXTURE\GTV1_LBP_histogram.csv,256,4,Patient_ID,256,,True,True
10,LUNG1-248\STEP_12_LBP_TEXTURE\GTV1_LBP_histogram.csv,256,4,Patient_ID,256,,True,True
10,LUNG1-249\STEP_12_LBP_TEXTURE\GTV1_LBP_histogram.csv,256,4,Patient_ID,256,,True,True
10,LUNG1-250\STEP_12_LBP_TEXTURE\GTV1_LBP_histogram.csv,256,4,Patient_ID,256,,True,True
10,LUNG1-251\STEP_12_LBP_TEXTURE\GTV1_LBP_histogram.csv,256,4,Patient_ID,256,,True,True
10,LUNG1-252\STEP_12_LBP_TEXTURE\GTV1_LBP_histogram.csv,256,4,Patient_ID,256,,True,True
10,LUNG1-253\STEP_12_LBP_TEXTURE\GTV1_LBP_histogram.csv,256,4,Patient_ID,256,,True,True
10,LUNG1-254\STEP_12_LBP_TEXTURE\GTV1_LBP_histogram.csv,256,4,Patient_ID,256,,True,True
10,LUNG1-255\STEP_12_LBP_TEXTURE\GTV1_LBP_histogram.csv,256,4,Patient_ID,256,,True,True
10,LUNG1-256\STEP_12_LBP_TEXTURE\GTV1_LBP_histogram.csv,256,4,Patient_ID,256,,True,True
10,LUNG1-257\STEP_12_LBP_TEXTURE\GTV1_LBP_histogram.csv,256,4,Patient_ID,256,,True,True
10,LUNG1-258\STEP_12_LBP_TEXTURE\GTV1_LBP_histogram.csv,256,4,Patient_ID,256,,True,True
10,LUNG1-259\STEP_12_LBP_TEXTURE\GTV1_LBP_histogram.csv,256,4,Patient_ID,256,,True,True
10,LUNG1-260\STEP_12_LBP_TEXTURE\GTV1_LBP_histogram.csv,256,4,Patient_ID,256,,True,True
10,LUNG1-261\STEP_12_LBP_TEXTURE\GTV1_LBP_histogram.csv,256,4,Patient_ID,256,,True,True
10,LUNG1-262\STEP_12_LBP_TEXTURE\GTV1_LBP_histogram.csv,256,4,Patient_ID,256,,True,True
10,LUNG1-263\STEP_12_LBP_TEXTURE\GTV1_LBP_histogram.csv,256,4,Patient_ID,256,,True,True
10,LUNG1-264\STEP_12_LBP_TEXTURE\GTV1_LBP_histogram.csv,256,4,Patient_ID,256,,True,True
10,LUNG1-265\STEP_12_LBP_TEXTURE\GTV1_LBP_histogram.csv,256,4,Patient_ID,256,,True,True
10,LUNG1-266\STEP_12_LBP_TEXTURE\GTV1_LBP_histogram.csv,256,4,Patient_ID,256,,True,True
10,LUNG1-267\STEP_12_LBP_TEXTURE\GTV1_LBP_histogram.csv,256,4,Patient_ID,256,,True,True
10,LUNG1-268\STEP_12_LBP_TEXTURE\GTV1_LBP_histogram.csv,256,4,Patient_ID,256,,True,True
10,LUNG1-269\STEP_12_LBP_TEXTURE\GTV1_LBP_histogram.csv,256,4,Patient_ID,256,,True,True
10,LUNG1-270\STEP_12_LBP_TEXTURE\GTV1_LBP_histogram.csv,256,4,Patient_ID,256,,True,True
10,LUNG1-271\STEP_12_LBP_TEXTURE\GTV1_LBP_histogram.csv,256,4,Patient_ID,256,,True,True
10,LUNG1-272\STEP_12_LBP_TEXTURE\GTV1_LBP_histogram.csv,256,4,Patient_ID,256,,True,True
10,LUNG1-273\STEP_12_LBP_TEXTURE\GTV1_LBP_histogram.csv,256,4,Patient_ID,256,,True,True
10,LUNG1-274\STEP_12_LBP_TEXTURE\GTV1_LBP_histogram.csv,256,4,Patient_ID,256,,True,True
10,LUNG1-275\STEP_12_LBP_TEXTURE\GTV1_LBP_histogram.csv,256,4,Patient_ID,256,,True,True
10,LUNG1-276\STEP_12_LBP_TEXTURE\GTV1_LBP_histogram.csv,256,4,Patient_ID,256,,True,True
10,LUNG1-277\STEP_12_LBP_TEXTURE\GTV1_LBP_histogram.csv,256,4,Patient_ID,256,,True,True
10,LUNG1-278\STEP_12_LBP_TEXTURE\GTV1_LBP_histogram.csv,256,4,Patient_ID,256,,True,True
10,LUNG1-279\STEP_12_LBP_TEXTURE\GTV1_LBP_histogram.csv,256,4,Patient_ID,256,,True,True
10,LUNG1-280\STEP_12_LBP_TEXTURE\GTV1_LBP_histogram.csv,256,4,Patient_ID,256,,True,True
10,LUNG1-281\STEP_12_LBP_TEXTURE\GTV1_LBP_histogram.csv,256,4,Patient_ID,256,,True,True
10,LUNG1-282\STEP_12_LBP_TEXTURE\GTV1_LBP_histogram.csv,256,4,Patient_ID,256,,True,True
10,LUNG1-283\STEP_12_LBP_TEXTURE\GTV1_LBP_histogram.csv,256,4,Patient_ID,256,,True,True
10,LUNG1-284\STEP_12_LBP_TEXTURE\GTV1_LBP_histogram.csv,256,4,Patient_ID,256,,True,True
10,LUNG1-285\STEP_12_LBP_TEXTURE\GTV1_LBP_histogram.csv,256,4,Patient_ID,256,,True,True
10,LUNG1-286\STEP_12_LBP_TEXTURE\GTV1_LBP_histogram.csv,256,4,Patient_ID,256,,True,True
10,LUNG1-287\STEP_12_LBP_TEXTURE\GTV1_LBP_histogram.csv,256,4,Patient_ID,256,,True,True
10,LUNG1-288\STEP_12_LBP_TEXTURE\GTV1_LBP_histogram.csv,256,4,Patient_ID,256,,True,True
10,LUNG1-289\STEP_12_LBP_TEXTURE\GTV1_LBP_histogram.csv,256,4,Patient_ID,256,,True,True
10,LUNG1-290\STEP_12_LBP_TEXTURE\GTV1_LBP_histogram.csv,256,4,Patient_ID,256,,True,True
10,LUNG1-291\STEP_12_LBP_TEXTURE\GTV1_LBP_histogram.csv,256,4,Patient_ID,256,,True,True
10,LUNG1-292\STEP_12_LBP_TEXTURE\GTV1_LBP_histogram.csv,256,4,Patient_ID,256,,True,True
10,LUNG1-293\STEP_12_LBP_TEXTURE\GTV1_LBP_histogram.csv,256,4,Patient_ID,256,,True,True
10,LUNG1-294\STEP_12_LBP_TEXTURE\GTV1_LBP_histogram.csv,256,4,Patient_ID,256,,True,True
10,LUNG1-295\STEP_12_LBP_TEXTURE\GTV1_LBP_histogram.csv,256,4,Patient_ID,256,,True,True
10,LUNG1-296\STEP_12_LBP_TEXTURE\GTV1_LBP_histogram.csv,256,4,Patient_ID,256,,True,True
10,LUNG1-297\STEP_12_LBP_TEXTURE\GTV1_LBP_histogram.csv,256,4,Patient_ID,256,,True,True
10,LUNG1-298\STEP_12_LBP_TEXTURE\GTV1_LBP_histogram.csv,256,4,Patient_ID,256,,True,True
10,LUNG1-299\STEP_12_LBP_TEXTURE\GTV1_LBP_histogram.csv,256,4,Patient_ID,256,,True,True
10,LUNG1-300\STEP_12_LBP_TEXTURE\GTV1_LBP_histogram.csv,256,4,Patient_ID,256,,True,True
10,LUNG1-301\STEP_12_LBP_TEXTURE\GTV1_LBP_histogram.csv,256,4,Patient_ID,256,,True,True
10,LUNG1-302\STEP_12_LBP_TEXTURE\GTV1_LBP_histogram.csv,256,4,Patient_ID,256,,True,True
10,LUNG1-303\STEP_12_LBP_TEXTURE\GTV1_LBP_histogram.csv,256,4,Patient_ID,256,,True,True
10,LUNG1-304\STEP_12_LBP_TEXTURE\GTV1_LBP_histogram.csv,256,4,Patient_ID,256,,True,True
10,LUNG1-305\STEP_12_LBP_TEXTURE\GTV1_LBP_histogram.csv,256,4,Patient_ID,256,,True,True
10,LUNG1-306\STEP_12_LBP_TEXTURE\GTV1_LBP_histogram.csv,256,4,Patient_ID,256,,True,True
10,LUNG1-307\STEP_12_LBP_TEXTURE\GTV1_LBP_histogram.csv,256,4,Patient_ID,256,,True,True
10,LUNG1-308\STEP_12_LBP_TEXTURE\GTV1_LBP_histogram.csv,256,4,Patient_ID,256,,True,True
10,LUNG1-309\STEP_12_LBP_TEXTURE\GTV1_LBP_histogram.csv,256,4,Patient_ID,256,,True,True
10,LUNG1-310\STEP_12_LBP_TEXTURE\GTV1_LBP_histogram.csv,256,4,Patient_ID,256,,True,True
10,LUNG1-311\STEP_12_LBP_TEXTURE\GTV1_LBP_histogram.csv,256,4,Patient_ID,256,,True,True
10,LUNG1-312\STEP_12_LBP_TEXTURE\GTV1_LBP_histogram.csv,256,4,Patient_ID,256,,True,True
10,LUNG1-313\STEP_12_LBP_TEXTURE\GTV1_LBP_histogram.csv,256,4,Patient_ID,256,,True,True
10,LUNG1-314\STEP_12_LBP_TEXTURE\GTV1_LBP_histogram.csv,256,4,Patient_ID,256,,True,True
10,LUNG1-315\STEP_12_LBP_TEXTURE\GTV1_LBP_histogram.csv,256,4,Patient_ID,256,,True,True
10,LUNG1-316\STEP_12_LBP_TEXTURE\GTV1_LBP_histogram.csv,256,4,Patient_ID,256,,True,True
10,LUNG1-317\STEP_12_LBP_TEXTURE\GTV1_LBP_histogram.csv,256,4,Patient_ID,256,,True,True
10,LUNG1-318\STEP_12_LBP_TEXTURE\GTV1_LBP_histogram.csv,256,4,Patient_ID,256,,True,True
10,LUNG1-319\STEP_12_LBP_TEXTURE\GTV1_LBP_histogram.csv,256,4,Patient_ID,256,,True,True
10,LUNG1-320\STEP_12_LBP_TEXTURE\GTV1_LBP_histogram.csv,256,4,Patient_ID,256,,True,True
10,LUNG1-321\STEP_12_LBP_TEXTURE\GTV1_LBP_histogram.csv,256,4,Patient_ID,256,,True,True
10,LUNG1-322\STEP_12_LBP_TEXTURE\GTV1_LBP_histogram.csv,256,4,Patient_ID,256,,True,True
10,LUNG1-323\STEP_12_LBP_TEXTURE\GTV1_LBP_histogram.csv,256,4,Patient_ID,256,,True,True
10,LUNG1-324\STEP_12_LBP_TEXTURE\GTV1_LBP_histogram.csv,256,4,Patient_ID,256,,True,True
10,LUNG1-325\STEP_12_LBP_TEXTURE\GTV1_LBP_histogram.csv,256,4,Patient_ID,256,,True,True
10,LUNG1-326\STEP_12_LBP_TEXTURE\GTV1_LBP_histogram.csv,256,4,Patient_ID,256,,True,True
10,LUNG1-327\STEP_12_LBP_TEXTURE\GTV1_LBP_histogram.csv,256,4,Patient_ID,256,,True,True
10,LUNG1-328\STEP_12_LBP_TEXTURE\GTV1_LBP_histogram.csv,256,4,Patient_ID,256,,True,True
10,LUNG1-329\STEP_12_LBP_TEXTURE\GTV1_LBP_histogram.csv,256,4,Patient_ID,256,,True,True
10,LUNG1-330\STEP_12_LBP_TEXTURE\GTV1_LBP_histogram.csv,256,4,Patient_ID,256,,True,True
10,LUNG1-331\STEP_12_LBP_TEXTURE\GTV1_LBP_histogram.csv,256,4,Patient_ID,256,,True,True
10,LUNG1-332\STEP_12_LBP_TEXTURE\GTV1_LBP_histogram.csv,256,4,Patient_ID,256,,True,True
10,LUNG1-333\STEP_12_LBP_TEXTURE\GTV1_LBP_histogram.csv,256,4,Patient_ID,256,,True,True
10,LUNG1-334\STEP_12_LBP_TEXTURE\GTV1_LBP_histogram.csv,256,4,Patient_ID,256,,True,True
10,LUNG1-335\STEP_12_LBP_TEXTURE\GTV1_LBP_histogram.csv,256,4,Patient_ID,256,,True,True
10,LUNG1-336\STEP_12_LBP_TEXTURE\GTV1_LBP_histogram.csv,256,4,Patient_ID,256,,True,True
10,LUNG1-337\STEP_12_LBP_TEXTURE\GTV1_LBP_histogram.csv,256,4,Patient_ID,256,,True,True
10,LUNG1-338\STEP_12_LBP_TEXTURE\GTV1_LBP_histogram.csv,256,4,Patient_ID,256,,True,True
10,LUNG1-339\STEP_12_LBP_TEXTURE\GTV1_LBP_histogram.csv,256,4,Patient_ID,256,,True,True
10,LUNG1-340\STEP_12_LBP_TEXTURE\GTV1_LBP_histogram.csv,256,4,Patient_ID,256,,True,True
10,LUNG1-341\STEP_12_LBP_TEXTURE\GTV1_LBP_histogram.csv,256,4,Patient_ID,256,,True,True
10,LUNG1-342\STEP_12_LBP_TEXTURE\GTV1_LBP_histogram.csv,256,4,Patient_ID,256,,True,True
10,LUNG1-343\STEP_12_LBP_TEXTURE\GTV1_LBP_histogram.csv,256,4,Patient_ID,256,,True,True
10,LUNG1-344\STEP_12_LBP_TEXTURE\GTV1_LBP_histogram.csv,256,4,Patient_ID,256,,True,True
10,LUNG1-345\STEP_12_LBP_TEXTURE\GTV1_LBP_histogram.csv,256,4,Patient_ID,256,,True,True
10,LUNG1-346\STEP_12_LBP_TEXTURE\GTV1_LBP_histogram.csv,256,4,Patient_ID,256,,True,True
10,LUNG1-347\STEP_12_LBP_TEXTURE\GTV1_LBP_histogram.csv,256,4,Patient_ID,256,,True,True
10,LUNG1-348\STEP_12_LBP_TEXTURE\GTV1_LBP_histogram.csv,256,4,Patient_ID,256,,True,True
10,LUNG1-349\STEP_12_LBP_TEXTURE\GTV1_LBP_histogram.csv,256,4,Patient_ID,256,,True,True
10,LUNG1-350\STEP_12_LBP_TEXTURE\GTV1_LBP_histogram.csv,256,4,Patient_ID,256,,True,True
10,LUNG1-351\STEP_12_LBP_TEXTURE\GTV1_LBP_histogram.csv,256,4,Patient_ID,256,,True,True
10,LUNG1-352\STEP_12_LBP_TEXTURE\GTV1_LBP_histogram.csv,256,4,Patient_ID,256,,True,True
10,LUNG1-353\STEP_12_LBP_TEXTURE\GTV1_LBP_histogram.csv,256,4,Patient_ID,256,,True,True
10,LUNG1-354\STEP_12_LBP_TEXTURE\GTV1_LBP_histogram.csv,256,4,Patient_ID,256,,True,True
10,LUNG1-355\STEP_12_LBP_TEXTURE\GTV1_LBP_histogram.csv,256,4,Patient_ID,256,,True,True
10,LUNG1-356\STEP_12_LBP_TEXTURE\GTV1_LBP_histogram.csv,256,4,Patient_ID,256,,True,True
10,LUNG1-357\STEP_12_LBP_TEXTURE\GTV1_LBP_histogram.csv,256,4,Patient_ID,256,,True,True
10,LUNG1-358\STEP_12_LBP_TEXTURE\GTV1_LBP_histogram.csv,256,4,Patient_ID,256,,True,True
10,LUNG1-359\STEP_12_LBP_TEXTURE\GTV1_LBP_histogram.csv,256,4,Patient_ID,256,,True,True
10,LUNG1-360\STEP_12_LBP_TEXTURE\GTV1_LBP_histogram.csv,256,4,Patient_ID,256,,True,True
10,LUNG1-361\STEP_12_LBP_TEXTURE\GTV1_LBP_histogram.csv,256,4,Patient_ID,256,,True,True
10,LUNG1-362\STEP_12_LBP_TEXTURE\GTV1_LBP_histogram.csv,256,4,Patient_ID,256,,True,True
10,LUNG1-363\STEP_12_LBP_TEXTURE\GTV1_LBP_histogram.csv,256,4,Patient_ID,256,,True,True
10,LUNG1-364\STEP_12_LBP_TEXTURE\GTV1_LBP_histogram.csv,256,4,Patient_ID,256,,True,True
10,LUNG1-365\STEP_12_LBP_TEXTURE\GTV1_LBP_histogram.csv,256,4,Patient_ID,256,,True,True
10,LUNG1-366\STEP_12_LBP_TEXTURE\GTV1_LBP_histogram.csv,256,4,Patient_ID,256,,True,True
10,LUNG1-367\STEP_12_LBP_TEXTURE\GTV1_LBP_histogram.csv,256,4,Patient_ID,256,,True,True
10,LUNG1-368\STEP_12_LBP_TEXTURE\GTV1_LBP_histogram.csv,256,4,Patient_ID,256,,True,True
10,LUNG1-369\STEP_12_LBP_TEXTURE\GTV1_LBP_histogram.csv,256,4,Patient_ID,256,,True,True
10,LUNG1-370\STEP_12_LBP_TEXTURE\GTV1_LBP_histogram.csv,256,4,Patient_ID,256,,True,True
10,LUNG1-371\STEP_12_LBP_TEXTURE\GTV1_LBP_histogram.csv,256,4,Patient_ID,256,,True,True
10,LUNG1-372\STEP_12_LBP_TEXTURE\GTV1_LBP_histogram.csv,256,4,Patient_ID,256,,True,True
10,LUNG1-373\STEP_12_LBP_TEXTURE\GTV1_LBP_histogram.csv,256,4,Patient_ID,256,,True,True
10,LUNG1-374\STEP_12_LBP_TEXTURE\GTV1_LBP_histogram.csv,256,4,Patient_ID,256,,True,True
10,LUNG1-375\STEP_12_LBP_TEXTURE\GTV1_LBP_histogram.csv,256,4,Patient_ID,256,,True,True
10,LUNG1-376\STEP_12_LBP_TEXTURE\GTV1_LBP_histogram.csv,256,4,Patient_ID,256,,True,True
10,LUNG1-377\STEP_12_LBP_TEXTURE\GTV1_LBP_histogram.csv,256,4,Patient_ID,256,,True,True
10,LUNG1-378\STEP_12_LBP_TEXTURE\GTV1_LBP_histogram.csv,256,4,Patient_ID,256,,True,True
10,LUNG1-379\STEP_12_LBP_TEXTURE\GTV1_LBP_histogram.csv,256,4,Patient_ID,256,,True,True
10,LUNG1-380\STEP_12_LBP_TEXTURE\GTV1_LBP_histogram.csv,256,4,Patient_ID,256,,True,True
10,LUNG1-381\STEP_12_LBP_TEXTURE\GTV1_LBP_histogram.csv,256,4,Patient_ID,256,,True,True
10,LUNG1-382\STEP_12_LBP_TEXTURE\GTV1_LBP_histogram.csv,256,4,Patient_ID,256,,True,True
10,LUNG1-383\STEP_12_LBP_TEXTURE\GTV1_LBP_histogram.csv,256,4,Patient_ID,256,,True,True
10,LUNG1-384\STEP_12_LBP_TEXTURE\GTV1_LBP_histogram.csv,256,4,Patient_ID,256,,True,True
10,LUNG1-385\STEP_12_LBP_TEXTURE\GTV1_LBP_histogram.csv,256,4,Patient_ID,256,,True,True
10,LUNG1-386\STEP_12_LBP_TEXTURE\GTV1_LBP_histogram.csv,256,4,Patient_ID,256,,True,True
10,LUNG1-387\STEP_12_LBP_TEXTURE\GTV1_LBP_histogram.csv,256,4,Patient_ID,256,,True,True
10,LUNG1-388\STEP_12_LBP_TEXTURE\GTV1_LBP_histogram.csv,256,4,Patient_ID,256,,True,True
10,LUNG1-389\STEP_12_LBP_TEXTURE\GTV1_LBP_histogram.csv,256,4,Patient_ID,256,,True,True
10,LUNG1-390\STEP_12_LBP_TEXTURE\GTV1_LBP_histogram.csv,256,4,Patient_ID,256,,True,True
10,LUNG1-391\STEP_12_LBP_TEXTURE\GTV1_LBP_histogram.csv,256,4,Patient_ID,256,,True,True
10,LUNG1-392\STEP_12_LBP_TEXTURE\GTV1_LBP_histogram.csv,256,4,Patient_ID,256,,True,True
10,LUNG1-393\STEP_12_LBP_TEXTURE\GTV1_LBP_histogram.csv,256,4,Patient_ID,256,,True,True
10,LUNG1-394\STEP_12_LBP_TEXTURE\GTV1_LBP_histogram.csv,256,4,Patient_ID,256,,True,True
10,LUNG1-395\STEP_12_LBP_TEXTURE\GTV1_LBP_histogram.csv,256,4,Patient_ID,256,,True,True
10,LUNG1-396\STEP_12_LBP_TEXTURE\GTV1_LBP_histogram.csv,256,4,Patient_ID,256,,True,True
10,LUNG1-397\STEP_12_LBP_TEXTURE\GTV1_LBP_histogram.csv,256,4,Patient_ID,256,,True,True
10,LUNG1-398\STEP_12_LBP_TEXTURE\GTV1_LBP_histogram.csv,256,4,Patient_ID,256,,True,True
10,LUNG1-399\STEP_12_LBP_TEXTURE\GTV1_LBP_histogram.csv,256,4,Patient_ID,256,,True,True
10,LUNG1-400\STEP_12_LBP_TEXTURE\GTV1_LBP_histogram.csv,256,4,Patient_ID,256,,True,True
10,LUNG1-401\STEP_12_LBP_TEXTURE\GTV1_LBP_histogram.csv,256,4,Patient_ID,256,,True,True
10,LUNG1-402\STEP_12_LBP_TEXTURE\GTV1_LBP_histogram.csv,256,4,Patient_ID,256,,True,True
10,LUNG1-403\STEP_12_LBP_TEXTURE\GTV1_LBP_histogram.csv,256,4,Patient_ID,256,,True,True
10,LUNG1-404\STEP_12_LBP_TEXTURE\GTV1_LBP_histogram.csv,256,4,Patient_ID,256,,True,True
10,LUNG1-405\STEP_12_LBP_TEXTURE\GTV1_LBP_histogram.csv,256,4,Patient_ID,256,,True,True
10,LUNG1-406\STEP_12_LBP_TEXTURE\GTV1_LBP_histogram.csv,256,4,Patient_ID,256,,True,True
10,LUNG1-407\STEP_12_LBP_TEXTURE\GTV1_LBP_histogram.csv,256,4,Patient_ID,256,,True,True
10,LUNG1-408\STEP_12_LBP_TEXTURE\GTV1_LBP_histogram.csv,256,4,Patient_ID,256,,True,True
10,LUNG1-409\STEP_12_LBP_TEXTURE\GTV1_LBP_histogram.csv,256,4,Patient_ID,256,,True,True
10,LUNG1-410\STEP_12_LBP_TEXTURE\GTV1_LBP_histogram.csv,256,4,Patient_ID,256,,True,True
10,LUNG1-411\STEP_12_LBP_TEXTURE\GTV1_LBP_histogram.csv,256,4,Patient_ID,256,,True,True
10,LUNG1-412\STEP_12_LBP_TEXTURE\GTV1_LBP_histogram.csv,256,4,Patient_ID,256,,True,True
10,LUNG1-413\STEP_12_LBP_TEXTURE\GTV1_LBP_histogram.csv,256,4,Patient_ID,256,,True,True
10,LUNG1-414\STEP_12_LBP_TEXTURE\GTV1_LBP_histogram.csv,256,4,Patient_ID,256,,True,True
10,LUNG1-415\STEP_12_LBP_TEXTURE\GTV1_LBP_histogram.csv,256,4,Patient_ID,256,,True,True
10,LUNG1-416\STEP_12_LBP_TEXTURE\GTV1_LBP_histogram.csv,256,4,Patient_ID,256,,True,True
10,LUNG1-417\STEP_12_LBP_TEXTURE\GTV1_LBP_histogram.csv,256,4,Patient_ID,256,,True,True
10,LUNG1-418\STEP_12_LBP_TEXTURE\GTV1_LBP_histogram.csv,256,4,Patient_ID,256,,True,True
10,LUNG1-419\STEP_12_LBP_TEXTURE\GTV1_LBP_histogram.csv,256,4,Patient_ID,256,,True,True
10,LUNG1-420\STEP_12_LBP_TEXTURE\GTV1_LBP_histogram.csv,256,4,Patient_ID,256,,True,True
10,LUNG1-421\STEP_12_LBP_TEXTURE\GTV1_LBP_histogram.csv,256,4,Patient_ID,256,,True,True
10,LUNG1-422\STEP_12_LBP_TEXTURE\GTV1_LBP_histogram.csv,256,4,Patient_ID,256,,True,True
10,LUNG1-001\STEP_11_GLCM_TEXTURE\GTV1_GLCM_texture.csv,252,10,Patient_ID,252,,True,True
10,LUNG1-236\STEP_11_GLCM_TEXTURE\GTV1_GLCM_texture.csv,252,10,Patient_ID,252,,True,True
10,LUNG1-382\STEP_11_GLCM_TEXTURE\GTV1_GLCM_texture.csv,252,10,Patient_ID,252,,True,True
10,STEP_11_GLCM_ALL_PATIENTS\STEP_11_All_Patients_GLCM_Detailed.csv,252,10,Patient_ID,252,,True,True
10,LUNG1-035\STEP_11_GLCM_TEXTURE\GTV1_GLCM_texture.csv,240,10,Patient_ID,240,,True,True
10,LUNG1-068\STEP_11_GLCM_TEXTURE\GTV1_GLCM_texture.csv,240,10,Patient_ID,240,,True,True
10,LUNG1-096\STEP_11_GLCM_TEXTURE\GTV1_GLCM_texture.csv,240,10,Patient_ID,240,,True,True
10,LUNG1-219\STEP_11_GLCM_TEXTURE\GTV1_GLCM_texture.csv,240,10,Patient_ID,240,,True,True
10,LUNG1-220\STEP_11_GLCM_TEXTURE\GTV1_GLCM_texture.csv,240,10,Patient_ID,240,,True,True
10,LUNG1-241\STEP_11_GLCM_TEXTURE\GTV1_GLCM_texture.csv,240,10,Patient_ID,240,,True,True
10,LUNG1-275\STEP_11_GLCM_TEXTURE\GTV1_GLCM_texture.csv,240,10,Patient_ID,240,,True,True
10,LUNG1-410\STEP_11_GLCM_TEXTURE\GTV1_GLCM_texture.csv,240,10,Patient_ID,240,,True,True
10,LUNG1-412\STEP_11_GLCM_TEXTURE\GTV1_GLCM_texture.csv,240,10,Patient_ID,240,,True,True
10,LUNG1-020\STEP_11_GLCM_TEXTURE\GTV1_GLCM_texture.csv,228,10,Patient_ID,228,,True,True
10,LUNG1-048\STEP_11_GLCM_TEXTURE\GTV1_GLCM_texture.csv,228,10,Patient_ID,228,,True,True
10,LUNG1-053\STEP_11_GLCM_TEXTURE\GTV1_GLCM_texture.csv,228,10,Patient_ID,228,,True,True
10,LUNG1-073\STEP_11_GLCM_TEXTURE\GTV1_GLCM_texture.csv,228,10,Patient_ID,228,,True,True
10,LUNG1-125\STEP_11_GLCM_TEXTURE\GTV1_GLCM_texture.csv,228,10,Patient_ID,228,,True,True
10,LUNG1-148\STEP_11_GLCM_TEXTURE\GTV1_GLCM_texture.csv,228,10,Patient_ID,228,,True,True
10,LUNG1-230\STEP_11_GLCM_TEXTURE\GTV1_GLCM_texture.csv,228,10,Patient_ID,228,,True,True
10,LUNG1-267\STEP_11_GLCM_TEXTURE\GTV1_GLCM_texture.csv,228,10,Patient_ID,228,,True,True
10,LUNG1-280\STEP_11_GLCM_TEXTURE\GTV1_GLCM_texture.csv,228,10,Patient_ID,228,,True,True
10,LUNG1-303\STEP_11_GLCM_TEXTURE\GTV1_GLCM_texture.csv,228,10,Patient_ID,228,,True,True
10,LUNG1-314\STEP_11_GLCM_TEXTURE\GTV1_GLCM_texture.csv,228,10,Patient_ID,228,,True,True
10,LUNG1-345\STEP_11_GLCM_TEXTURE\GTV1_GLCM_texture.csv,228,10,Patient_ID,228,,True,True
10,LUNG1-031\STEP_11_GLCM_TEXTURE\GTV1_GLCM_texture.csv,216,10,Patient_ID,216,,True,True
10,LUNG1-055\STEP_11_GLCM_TEXTURE\GTV1_GLCM_texture.csv,216,10,Patient_ID,216,,True,True
10,LUNG1-077\STEP_11_GLCM_TEXTURE\GTV1_GLCM_texture.csv,216,10,Patient_ID,216,,True,True
10,LUNG1-079\STEP_11_GLCM_TEXTURE\GTV1_GLCM_texture.csv,216,10,Patient_ID,216,,True,True
10,LUNG1-113\STEP_11_GLCM_TEXTURE\GTV1_GLCM_texture.csv,216,10,Patient_ID,216,,True,True
10,LUNG1-132\STEP_11_GLCM_TEXTURE\GTV1_GLCM_texture.csv,216,10,Patient_ID,216,,True,True
10,LUNG1-170\STEP_11_GLCM_TEXTURE\GTV1_GLCM_texture.csv,216,10,Patient_ID,216,,True,True
10,LUNG1-198\STEP_11_GLCM_TEXTURE\GTV1_GLCM_texture.csv,216,10,Patient_ID,216,,True,True
10,LUNG1-207\STEP_11_GLCM_TEXTURE\GTV1_GLCM_texture.csv,216,10,Patient_ID,216,,True,True
10,LUNG1-235\STEP_11_GLCM_TEXTURE\GTV1_GLCM_texture.csv,216,10,Patient_ID,216,,True,True
10,LUNG1-238\STEP_11_GLCM_TEXTURE\GTV1_GLCM_texture.csv,216,10,Patient_ID,216,,True,True
10,LUNG1-312\STEP_11_GLCM_TEXTURE\GTV1_GLCM_texture.csv,216,10,Patient_ID,216,,True,True
10,LUNG1-392\STEP_11_GLCM_TEXTURE\GTV1_GLCM_texture.csv,216,10,Patient_ID,216,,True,True
10,LUNG1-406\STEP_11_GLCM_TEXTURE\GTV1_GLCM_texture.csv,216,10,Patient_ID,216,,True,True
10,LUNG1-003\STEP_11_GLCM_TEXTURE\GTV1_GLCM_texture.csv,204,10,Patient_ID,204,,True,True
10,LUNG1-051\STEP_11_GLCM_TEXTURE\GTV1_GLCM_texture.csv,204,10,Patient_ID,204,,True,True
10,LUNG1-071\STEP_11_GLCM_TEXTURE\GTV1_GLCM_texture.csv,204,10,Patient_ID,204,,True,True
10,LUNG1-121\STEP_11_GLCM_TEXTURE\GTV1_GLCM_texture.csv,204,10,Patient_ID,204,,True,True
10,LUNG1-155\STEP_11_GLCM_TEXTURE\GTV1_GLCM_texture.csv,204,10,Patient_ID,204,,True,True
10,LUNG1-177\STEP_11_GLCM_TEXTURE\GTV1_GLCM_texture.csv,204,10,Patient_ID,204,,True,True
10,LUNG1-194\STEP_11_GLCM_TEXTURE\GTV1_GLCM_texture.csv,204,10,Patient_ID,204,,True,True
10,LUNG1-265\STEP_11_GLCM_TEXTURE\GTV1_GLCM_texture.csv,204,10,Patient_ID,204,,True,True
10,LUNG1-291\STEP_11_GLCM_TEXTURE\GTV1_GLCM_texture.csv,204,10,Patient_ID,204,,True,True
10,LUNG1-294\STEP_11_GLCM_TEXTURE\GTV1_GLCM_texture.csv,204,10,Patient_ID,204,,True,True
10,LUNG1-304\STEP_11_GLCM_TEXTURE\GTV1_GLCM_texture.csv,204,10,Patient_ID,204,,True,True
10,LUNG1-316\STEP_11_GLCM_TEXTURE\GTV1_GLCM_texture.csv,204,10,Patient_ID,204,,True,True
10,LUNG1-336\STEP_11_GLCM_TEXTURE\GTV1_GLCM_texture.csv,204,10,Patient_ID,204,,True,True
10,LUNG1-372\STEP_11_GLCM_TEXTURE\GTV1_GLCM_texture.csv,204,10,Patient_ID,204,,True,True
10,LUNG1-398\STEP_11_GLCM_TEXTURE\GTV1_GLCM_texture.csv,204,10,Patient_ID,204,,True,True
10,LUNG1-408\STEP_11_GLCM_TEXTURE\GTV1_GLCM_texture.csv,204,10,Patient_ID,204,,True,True
10,LUNG1-409\STEP_11_GLCM_TEXTURE\GTV1_GLCM_texture.csv,204,10,Patient_ID,204,,True,True
10,LUNG1-045\STEP_11_GLCM_TEXTURE\GTV1_GLCM_texture.csv,192,10,Patient_ID,192,,True,True
10,LUNG1-059\STEP_11_GLCM_TEXTURE\GTV1_GLCM_texture.csv,192,10,Patient_ID,192,,True,True
10,LUNG1-088\STEP_11_GLCM_TEXTURE\GTV1_GLCM_texture.csv,192,10,Patient_ID,192,,True,True
10,LUNG1-109\STEP_11_GLCM_TEXTURE\GTV1_GLCM_texture.csv,192,10,Patient_ID,192,,True,True
10,LUNG1-166\STEP_11_GLCM_TEXTURE\GTV1_GLCM_texture.csv,192,10,Patient_ID,192,,True,True
10,LUNG1-185\STEP_11_GLCM_TEXTURE\GTV1_GLCM_texture.csv,192,10,Patient_ID,192,,True,True
10,LUNG1-189\STEP_11_GLCM_TEXTURE\GTV1_GLCM_texture.csv,192,10,Patient_ID,192,,True,True
10,LUNG1-211\STEP_11_GLCM_TEXTURE\GTV1_GLCM_texture.csv,192,10,Patient_ID,192,,True,True
10,LUNG1-259\STEP_11_GLCM_TEXTURE\GTV1_GLCM_texture.csv,192,10,Patient_ID,192,,True,True
10,LUNG1-268\STEP_11_GLCM_TEXTURE\GTV1_GLCM_texture.csv,192,10,Patient_ID,192,,True,True
10,LUNG1-285\STEP_11_GLCM_TEXTURE\GTV1_GLCM_texture.csv,192,10,Patient_ID,192,,True,True
10,LUNG1-293\STEP_11_GLCM_TEXTURE\GTV1_GLCM_texture.csv,192,10,Patient_ID,192,,True,True
10,LUNG1-323\STEP_11_GLCM_TEXTURE\GTV1_GLCM_texture.csv,192,10,Patient_ID,192,,True,True
10,LUNG1-330\STEP_11_GLCM_TEXTURE\GTV1_GLCM_texture.csv,192,10,Patient_ID,192,,True,True
10,LUNG1-341\STEP_11_GLCM_TEXTURE\GTV1_GLCM_texture.csv,192,10,Patient_ID,192,,True,True
10,LUNG1-350\STEP_11_GLCM_TEXTURE\GTV1_GLCM_texture.csv,192,10,Patient_ID,192,,True,True
10,LUNG1-384\STEP_11_GLCM_TEXTURE\GTV1_GLCM_texture.csv,192,10,Patient_ID,192,,True,True
10,LUNG1-422\STEP_11_GLCM_TEXTURE\GTV1_GLCM_texture.csv,192,10,Patient_ID,192,,True,True
10,LUNG1-405\STEP_11_GLCM_TEXTURE\GTV1_GLCM_texture.csv,189,10,Patient_ID,189,,True,True
10,LUNG1-008\STEP_11_GLCM_TEXTURE\GTV1_GLCM_texture.csv,180,10,Patient_ID,180,,True,True
10,LUNG1-029\STEP_11_GLCM_TEXTURE\GTV1_GLCM_texture.csv,180,10,Patient_ID,180,,True,True
10,LUNG1-036\STEP_11_GLCM_TEXTURE\GTV1_GLCM_texture.csv,180,10,Patient_ID,180,,True,True
10,LUNG1-041\STEP_11_GLCM_TEXTURE\GTV1_GLCM_texture.csv,180,10,Patient_ID,180,,True,True
10,LUNG1-054\STEP_11_GLCM_TEXTURE\GTV1_GLCM_texture.csv,180,10,Patient_ID,180,,True,True
10,LUNG1-093\STEP_11_GLCM_TEXTURE\GTV1_GLCM_texture.csv,180,10,Patient_ID,180,,True,True
10,LUNG1-099\STEP_11_GLCM_TEXTURE\GTV1_GLCM_texture.csv,180,10,Patient_ID,180,,True,True
10,LUNG1-129\STEP_11_GLCM_TEXTURE\GTV1_GLCM_texture.csv,180,10,Patient_ID,180,,True,True
10,LUNG1-151\STEP_11_GLCM_TEXTURE\GTV1_GLCM_texture.csv,180,10,Patient_ID,180,,True,True
10,LUNG1-197\STEP_11_GLCM_TEXTURE\GTV1_GLCM_texture.csv,180,10,Patient_ID,180,,True,True
10,LUNG1-213\STEP_11_GLCM_TEXTURE\GTV1_GLCM_texture.csv,180,10,Patient_ID,180,,True,True
10,LUNG1-249\STEP_11_GLCM_TEXTURE\GTV1_GLCM_texture.csv,180,10,Patient_ID,180,,True,True
10,LUNG1-274\STEP_11_GLCM_TEXTURE\GTV1_GLCM_texture.csv,180,10,Patient_ID,180,,True,True
10,LUNG1-279\STEP_11_GLCM_TEXTURE\GTV1_GLCM_texture.csv,180,10,Patient_ID,180,,True,True
10,LUNG1-286\STEP_11_GLCM_TEXTURE\GTV1_GLCM_texture.csv,180,10,Patient_ID,180,,True,True
10,LUNG1-299\STEP_11_GLCM_TEXTURE\GTV1_GLCM_texture.csv,180,10,Patient_ID,180,,True,True
10,LUNG1-373\STEP_11_GLCM_TEXTURE\GTV1_GLCM_texture.csv,180,10,Patient_ID,180,,True,True
10,LUNG1-421\STEP_11_GLCM_TEXTURE\GTV1_GLCM_texture.csv,180,10,Patient_ID,180,,True,True
10,LUNG1-120\STEP_11_GLCM_TEXTURE\GTV1_GLCM_texture.csv,176,10,Patient_ID,176,,True,True
10,LUNG1-011\STEP_11_GLCM_TEXTURE\GTV1_GLCM_texture.csv,168,10,Patient_ID,168,,True,True
10,LUNG1-028\STEP_11_GLCM_TEXTURE\GTV1_GLCM_texture.csv,168,10,Patient_ID,168,,True,True
10,LUNG1-066\STEP_11_GLCM_TEXTURE\GTV1_GLCM_texture.csv,168,10,Patient_ID,168,,True,True
10,LUNG1-067\STEP_11_GLCM_TEXTURE\GTV1_GLCM_texture.csv,168,10,Patient_ID,168,,True,True
10,LUNG1-159\STEP_11_GLCM_TEXTURE\GTV1_GLCM_texture.csv,168,10,Patient_ID,168,,True,True
10,LUNG1-168\STEP_11_GLCM_TEXTURE\GTV1_GLCM_texture.csv,168,10,Patient_ID,168,,True,True
10,LUNG1-175\STEP_11_GLCM_TEXTURE\GTV1_GLCM_texture.csv,168,10,Patient_ID,168,,True,True
10,LUNG1-183\STEP_11_GLCM_TEXTURE\GTV1_GLCM_texture.csv,168,10,Patient_ID,168,,True,True
10,LUNG1-203\STEP_11_GLCM_TEXTURE\GTV1_GLCM_texture.csv,168,10,Patient_ID,168,,True,True
10,LUNG1-260\STEP_11_GLCM_TEXTURE\GTV1_GLCM_texture.csv,168,10,Patient_ID,168,,True,True
10,LUNG1-278\STEP_11_GLCM_TEXTURE\GTV1_GLCM_texture.csv,168,10,Patient_ID,168,,True,True
10,LUNG1-297\STEP_11_GLCM_TEXTURE\GTV1_GLCM_texture.csv,168,10,Patient_ID,168,,True,True
10,LUNG1-358\STEP_11_GLCM_TEXTURE\GTV1_GLCM_texture.csv,168,10,Patient_ID,168,,True,True
10,LUNG1-390\STEP_11_GLCM_TEXTURE\GTV1_GLCM_texture.csv,168,10,Patient_ID,168,,True,True
10,LUNG1-019\STEP_11_GLCM_TEXTURE\GTV1_GLCM_texture.csv,156,10,Patient_ID,156,,True,True
10,LUNG1-024\STEP_11_GLCM_TEXTURE\GTV1_GLCM_texture.csv,156,10,Patient_ID,156,,True,True
10,LUNG1-070\STEP_11_GLCM_TEXTURE\GTV1_GLCM_texture.csv,156,10,Patient_ID,156,,True,True
10,LUNG1-084\STEP_11_GLCM_TEXTURE\GTV1_GLCM_texture.csv,156,10,Patient_ID,156,,True,True
10,LUNG1-124\STEP_11_GLCM_TEXTURE\GTV1_GLCM_texture.csv,156,10,Patient_ID,156,,True,True
10,LUNG1-145\STEP_11_GLCM_TEXTURE\GTV1_GLCM_texture.csv,156,10,Patient_ID,156,,True,True
10,LUNG1-164\STEP_11_GLCM_TEXTURE\GTV1_GLCM_texture.csv,156,10,Patient_ID,156,,True,True
10,LUNG1-184\STEP_11_GLCM_TEXTURE\GTV1_GLCM_texture.csv,156,10,Patient_ID,156,,True,True
10,LUNG1-209\STEP_11_GLCM_TEXTURE\GTV1_GLCM_texture.csv,156,10,Patient_ID,156,,True,True
10,LUNG1-214\STEP_11_GLCM_TEXTURE\GTV1_GLCM_texture.csv,156,10,Patient_ID,156,,True,True
10,LUNG1-226\STEP_11_GLCM_TEXTURE\GTV1_GLCM_texture.csv,156,10,Patient_ID,156,,True,True
10,LUNG1-243\STEP_11_GLCM_TEXTURE\GTV1_GLCM_texture.csv,156,10,Patient_ID,156,,True,True
10,LUNG1-244\STEP_11_GLCM_TEXTURE\GTV1_GLCM_texture.csv,156,10,Patient_ID,156,,True,True
10,LUNG1-264\STEP_11_GLCM_TEXTURE\GTV1_GLCM_texture.csv,156,10,Patient_ID,156,,True,True
10,LUNG1-269\STEP_11_GLCM_TEXTURE\GTV1_GLCM_texture.csv,156,10,Patient_ID,156,,True,True
10,LUNG1-271\STEP_11_GLCM_TEXTURE\GTV1_GLCM_texture.csv,156,10,Patient_ID,156,,True,True
10,LUNG1-277\STEP_11_GLCM_TEXTURE\GTV1_GLCM_texture.csv,156,10,Patient_ID,156,,True,True
10,LUNG1-318\STEP_11_GLCM_TEXTURE\GTV1_GLCM_texture.csv,156,10,Patient_ID,156,,True,True
10,LUNG1-322\STEP_11_GLCM_TEXTURE\GTV1_GLCM_texture.csv,156,10,Patient_ID,156,,True,True
10,LUNG1-342\STEP_11_GLCM_TEXTURE\GTV1_GLCM_texture.csv,156,10,Patient_ID,156,,True,True
10,LUNG1-355\STEP_11_GLCM_TEXTURE\GTV1_GLCM_texture.csv,156,10,Patient_ID,156,,True,True
10,LUNG1-366\STEP_11_GLCM_TEXTURE\GTV1_GLCM_texture.csv,156,10,Patient_ID,156,,True,True
10,LUNG1-370\STEP_11_GLCM_TEXTURE\GTV1_GLCM_texture.csv,156,10,Patient_ID,156,,True,True
10,LUNG1-378\STEP_11_GLCM_TEXTURE\GTV1_GLCM_texture.csv,156,10,Patient_ID,156,,True,True
10,LUNG1-403\STEP_11_GLCM_TEXTURE\GTV1_GLCM_texture.csv,156,10,Patient_ID,156,,True,True
10,LUNG1-010\STEP_11_GLCM_TEXTURE\GTV1_GLCM_texture.csv,155,10,Patient_ID,155,,True,True
10,LUNG1-354\STEP_11_GLCM_TEXTURE\GTV1_GLCM_texture.csv,155,10,Patient_ID,155,,True,True
10,LUNG1-187\STEP_11_GLCM_TEXTURE\GTV1_GLCM_texture.csv,144,10,Patient_ID,144,,True,True
10,LUNG1-222\STEP_11_GLCM_TEXTURE\GTV1_GLCM_texture.csv,144,10,Patient_ID,144,,True,True
10,LUNG1-223\STEP_11_GLCM_TEXTURE\GTV1_GLCM_texture.csv,144,10,Patient_ID,144,,True,True
10,LUNG1-227\STEP_11_GLCM_TEXTURE\GTV1_GLCM_texture.csv,144,10,Patient_ID,144,,True,True
10,LUNG1-302\STEP_11_GLCM_TEXTURE\GTV1_GLCM_texture.csv,144,10,Patient_ID,144,,True,True
10,LUNG1-306\STEP_11_GLCM_TEXTURE\GTV1_GLCM_texture.csv,144,10,Patient_ID,144,,True,True
10,LUNG1-309\STEP_11_GLCM_TEXTURE\GTV1_GLCM_texture.csv,144,10,Patient_ID,144,,True,True
10,LUNG1-339\STEP_11_GLCM_TEXTURE\GTV1_GLCM_texture.csv,144,10,Patient_ID,144,,True,True
10,LUNG1-362\STEP_11_GLCM_TEXTURE\GTV1_GLCM_texture.csv,144,10,Patient_ID,144,,True,True
10,LUNG1-374\STEP_11_GLCM_TEXTURE\GTV1_GLCM_texture.csv,144,10,Patient_ID,144,,True,True
10,LUNG1-389\STEP_11_GLCM_TEXTURE\GTV1_GLCM_texture.csv,144,10,Patient_ID,144,,True,True
10,LUNG1-394\STEP_11_GLCM_TEXTURE\GTV1_GLCM_texture.csv,144,10,Patient_ID,144,,True,True
10,LUNG1-063\STEP_11_GLCM_TEXTURE\GTV1_GLCM_texture.csv,143,10,Patient_ID,143,,True,True
10,LUNG1-112\STEP_11_GLCM_TEXTURE\GTV1_GLCM_texture.csv,143,10,Patient_ID,143,,True,True
10,LUNG1-383\STEP_11_GLCM_TEXTURE\GTV1_GLCM_texture.csv,143,10,Patient_ID,143,,True,True
10,LUNG1-413\STEP_11_GLCM_TEXTURE\GTV1_GLCM_texture.csv,143,10,Patient_ID,143,,True,True
10,LUNG1-313\STEP_11_GLCM_TEXTURE\GTV1_GLCM_texture.csv,142,10,Patient_ID,142,,True,True
10,LUNG1-102\STEP_11_GLCM_TEXTURE\GTV1_GLCM_texture.csv,141,10,Patient_ID,141,,True,True
10,LUNG1-014\STEP_11_GLCM_TEXTURE\GTV1_GLCM_texture.csv,132,10,Patient_ID,132,,True,True
10,LUNG1-085\STEP_11_GLCM_TEXTURE\GTV1_GLCM_texture.csv,132,10,Patient_ID,132,,True,True
10,LUNG1-103\STEP_11_GLCM_TEXTURE\GTV1_GLCM_texture.csv,132,10,Patient_ID,132,,True,True
10,LUNG1-107\STEP_11_GLCM_TEXTURE\GTV1_GLCM_texture.csv,132,10,Patient_ID,132,,True,True
10,LUNG1-131\STEP_11_GLCM_TEXTURE\GTV1_GLCM_texture.csv,132,10,Patient_ID,132,,True,True
10,LUNG1-136\STEP_11_GLCM_TEXTURE\GTV1_GLCM_texture.csv,132,10,Patient_ID,132,,True,True
10,LUNG1-162\STEP_11_GLCM_TEXTURE\GTV1_GLCM_texture.csv,132,10,Patient_ID,132,,True,True
10,LUNG1-171\STEP_11_GLCM_TEXTURE\GTV1_GLCM_texture.csv,132,10,Patient_ID,132,,True,True
10,LUNG1-202\STEP_11_GLCM_TEXTURE\GTV1_GLCM_texture.csv,132,10,Patient_ID,132,,True,True
10,LUNG1-204\STEP_11_GLCM_TEXTURE\GTV1_GLCM_texture.csv,132,10,Patient_ID,132,,True,True
10,LUNG1-317\STEP_11_GLCM_TEXTURE\GTV1_GLCM_texture.csv,132,10,Patient_ID,132,,True,True
10,LUNG1-411\STEP_11_GLCM_TEXTURE\GTV1_GLCM_texture.csv,132,10,Patient_ID,132,,True,True
10,LUNG1-420\STEP_11_GLCM_TEXTURE\GTV1_GLCM_texture.csv,132,10,Patient_ID,132,,True,True
10,LUNG1-007\STEP_11_GLCM_TEXTURE\GTV1_GLCM_texture.csv,120,10,Patient_ID,120,,True,True
10,LUNG1-064\STEP_11_GLCM_TEXTURE\GTV1_GLCM_texture.csv,120,10,Patient_ID,120,,True,True
10,LUNG1-122\STEP_11_GLCM_TEXTURE\GTV1_GLCM_texture.csv,120,10,Patient_ID,120,,True,True
10,LUNG1-139\STEP_11_GLCM_TEXTURE\GTV1_GLCM_texture.csv,120,10,Patient_ID,120,,True,True
10,LUNG1-157\STEP_11_GLCM_TEXTURE\GTV1_GLCM_texture.csv,120,10,Patient_ID,120,,True,True
10,LUNG1-206\STEP_11_GLCM_TEXTURE\GTV1_GLCM_texture.csv,120,10,Patient_ID,120,,True,True
10,LUNG1-251\STEP_11_GLCM_TEXTURE\GTV1_GLCM_texture.csv,120,10,Patient_ID,120,,True,True
10,LUNG1-255\STEP_11_GLCM_TEXTURE\GTV1_GLCM_texture.csv,120,10,Patient_ID,120,,True,True
10,LUNG1-298\STEP_11_GLCM_TEXTURE\GTV1_GLCM_texture.csv,120,10,Patient_ID,120,,True,True
10,LUNG1-315\STEP_11_GLCM_TEXTURE\GTV1_GLCM_texture.csv,120,10,Patient_ID,120,,True,True
10,LUNG1-326\STEP_11_GLCM_TEXTURE\GTV1_GLCM_texture.csv,120,10,Patient_ID,120,,True,True
10,LUNG1-329\STEP_11_GLCM_TEXTURE\GTV1_GLCM_texture.csv,120,10,Patient_ID,120,,True,True
10,LUNG1-333\STEP_11_GLCM_TEXTURE\GTV1_GLCM_texture.csv,120,10,Patient_ID,120,,True,True
10,LUNG1-356\STEP_11_GLCM_TEXTURE\GTV1_GLCM_texture.csv,120,10,Patient_ID,120,,True,True
10,LUNG1-380\STEP_11_GLCM_TEXTURE\GTV1_GLCM_texture.csv,120,10,Patient_ID,120,,True,True
10,LUNG1-395\STEP_11_GLCM_TEXTURE\GTV1_GLCM_texture.csv,120,10,Patient_ID,120,,True,True
10,LUNG1-414\STEP_11_GLCM_TEXTURE\GTV1_GLCM_texture.csv,120,10,Patient_ID,120,,True,True
10,LUNG1-037\STEP_11_GLCM_TEXTURE\GTV1_GLCM_texture.csv,108,10,Patient_ID,108,,True,True
10,LUNG1-039\STEP_11_GLCM_TEXTURE\GTV1_GLCM_texture.csv,108,10,Patient_ID,108,,True,True
10,LUNG1-078\STEP_11_GLCM_TEXTURE\GTV1_GLCM_texture.csv,108,10,Patient_ID,108,,True,True
10,LUNG1-090\STEP_11_GLCM_TEXTURE\GTV1_GLCM_texture.csv,108,10,Patient_ID,108,,True,True
10,LUNG1-146\STEP_11_GLCM_TEXTURE\GTV1_GLCM_texture.csv,108,10,Patient_ID,108,,True,True
10,LUNG1-154\STEP_11_GLCM_TEXTURE\GTV1_GLCM_texture.csv,108,10,Patient_ID,108,,True,True
10,LUNG1-169\STEP_11_GLCM_TEXTURE\GTV1_GLCM_texture.csv,108,10,Patient_ID,108,,True,True
10,LUNG1-182\STEP_11_GLCM_TEXTURE\GTV1_GLCM_texture.csv,108,10,Patient_ID,108,,True,True
10,LUNG1-246\STEP_11_GLCM_TEXTURE\GTV1_GLCM_texture.csv,108,10,Patient_ID,108,,True,True
10,LUNG1-247\STEP_11_GLCM_TEXTURE\GTV1_GLCM_texture.csv,108,10,Patient_ID,108,,True,True
10,LUNG1-261\STEP_11_GLCM_TEXTURE\GTV1_GLCM_texture.csv,108,10,Patient_ID,108,,True,True
10,LUNG1-266\STEP_11_GLCM_TEXTURE\GTV1_GLCM_texture.csv,108,10,Patient_ID,108,,True,True
10,LUNG1-338\STEP_11_GLCM_TEXTURE\GTV1_GLCM_texture.csv,108,10,Patient_ID,108,,True,True
10,LUNG1-365\STEP_11_GLCM_TEXTURE\GTV1_GLCM_texture.csv,108,10,Patient_ID,108,,True,True
10,LUNG1-379\STEP_11_GLCM_TEXTURE\GTV1_GLCM_texture.csv,108,10,Patient_ID,108,,True,True
10,LUNG1-388\STEP_11_GLCM_TEXTURE\GTV1_GLCM_texture.csv,108,10,Patient_ID,108,,True,True
10,LUNG1-119\STEP_11_GLCM_TEXTURE\GTV1_GLCM_texture.csv,107,10,Patient_ID,107,,True,True
10,LUNG1-334\STEP_11_GLCM_TEXTURE\GTV1_GLCM_texture.csv,107,10,Patient_ID,107,,True,True
10,LUNG1-013\STEP_11_GLCM_TEXTURE\GTV1_GLCM_texture.csv,96,10,Patient_ID,96,,True,True
10,LUNG1-080\STEP_11_GLCM_TEXTURE\GTV1_GLCM_texture.csv,96,10,Patient_ID,96,,True,True
10,LUNG1-081\STEP_11_GLCM_TEXTURE\GTV1_GLCM_texture.csv,96,10,Patient_ID,96,,True,True
10,LUNG1-083\STEP_11_GLCM_TEXTURE\GTV1_GLCM_texture.csv,96,10,Patient_ID,96,,True,True
10,LUNG1-138\STEP_11_GLCM_TEXTURE\GTV1_GLCM_texture.csv,96,10,Patient_ID,96,,True,True
10,LUNG1-150\STEP_11_GLCM_TEXTURE\GTV1_GLCM_texture.csv,96,10,Patient_ID,96,,True,True
10,LUNG1-152\STEP_11_GLCM_TEXTURE\GTV1_GLCM_texture.csv,96,10,Patient_ID,96,,True,True
10,LUNG1-153\STEP_11_GLCM_TEXTURE\GTV1_GLCM_texture.csv,96,10,Patient_ID,96,,True,True
10,LUNG1-160\STEP_11_GLCM_TEXTURE\GTV1_GLCM_texture.csv,96,10,Patient_ID,96,,True,True
10,LUNG1-165\STEP_11_GLCM_TEXTURE\GTV1_GLCM_texture.csv,96,10,Patient_ID,96,,True,True
10,LUNG1-174\STEP_11_GLCM_TEXTURE\GTV1_GLCM_texture.csv,96,10,Patient_ID,96,,True,True
10,LUNG1-212\STEP_11_GLCM_TEXTURE\GTV1_GLCM_texture.csv,96,10,Patient_ID,96,,True,True
10,LUNG1-240\STEP_11_GLCM_TEXTURE\GTV1_GLCM_texture.csv,96,10,Patient_ID,96,,True,True
10,LUNG1-252\STEP_11_GLCM_TEXTURE\GTV1_GLCM_texture.csv,96,10,Patient_ID,96,,True,True
10,LUNG1-253\STEP_11_GLCM_TEXTURE\GTV1_GLCM_texture.csv,96,10,Patient_ID,96,,True,True
10,LUNG1-287\STEP_11_GLCM_TEXTURE\GTV1_GLCM_texture.csv,96,10,Patient_ID,96,,True,True
10,LUNG1-295\STEP_11_GLCM_TEXTURE\GTV1_GLCM_texture.csv,96,10,Patient_ID,96,,True,True
10,LUNG1-305\STEP_11_GLCM_TEXTURE\GTV1_GLCM_texture.csv,96,10,Patient_ID,96,,True,True
10,LUNG1-346\STEP_11_GLCM_TEXTURE\GTV1_GLCM_texture.csv,96,10,Patient_ID,96,,True,True
10,LUNG1-371\STEP_11_GLCM_TEXTURE\GTV1_GLCM_texture.csv,96,10,Patient_ID,96,,True,True
10,LUNG1-391\STEP_11_GLCM_TEXTURE\GTV1_GLCM_texture.csv,96,10,Patient_ID,96,,True,True
10,LUNG1-399\STEP_11_GLCM_TEXTURE\GTV1_GLCM_texture.csv,96,10,Patient_ID,96,,True,True
10,LUNG1-404\STEP_11_GLCM_TEXTURE\GTV1_GLCM_texture.csv,96,10,Patient_ID,96,,True,True
10,LUNG1-180\STEP_11_GLCM_TEXTURE\GTV1_GLCM_texture.csv,95,10,Patient_ID,95,,True,True
10,LUNG1-250\STEP_11_GLCM_TEXTURE\GTV1_GLCM_texture.csv,95,10,Patient_ID,95,,True,True
10,LUNG1-369\STEP_11_GLCM_TEXTURE\GTV1_GLCM_texture.csv,95,10,Patient_ID,95,,True,True
10,LUNG1-270\STEP_11_GLCM_TEXTURE\GTV1_GLCM_texture.csv,93,10,Patient_ID,93,,True,True
10,LUNG1-061\STEP_11_GLCM_TEXTURE\GTV1_GLCM_texture.csv,84,10,Patient_ID,84,,True,True
10,LUNG1-076\STEP_11_GLCM_TEXTURE\GTV1_GLCM_texture.csv,84,10,Patient_ID,84,,True,True
10,LUNG1-087\STEP_11_GLCM_TEXTURE\GTV1_GLCM_texture.csv,84,10,Patient_ID,84,,True,True
10,LUNG1-094\STEP_11_GLCM_TEXTURE\GTV1_GLCM_texture.csv,84,10,Patient_ID,84,,True,True
10,LUNG1-106\STEP_11_GLCM_TEXTURE\GTV1_GLCM_texture.csv,84,10,Patient_ID,84,,True,True
10,LUNG1-118\STEP_11_GLCM_TEXTURE\GTV1_GLCM_texture.csv,84,10,Patient_ID,84,,True,True
10,LUNG1-127\STEP_11_GLCM_TEXTURE\GTV1_GLCM_texture.csv,84,10,Patient_ID,84,,True,True
10,LUNG1-135\STEP_11_GLCM_TEXTURE\GTV1_GLCM_texture.csv,84,10,Patient_ID,84,,True,True
10,LUNG1-178\STEP_11_GLCM_TEXTURE\GTV1_GLCM_texture.csv,84,10,Patient_ID,84,,True,True
10,LUNG1-234\STEP_11_GLCM_TEXTURE\GTV1_GLCM_texture.csv,84,10,Patient_ID,84,,True,True
10,LUNG1-254\STEP_11_GLCM_TEXTURE\GTV1_GLCM_texture.csv,84,10,Patient_ID,84,,True,True
10,LUNG1-321\STEP_11_GLCM_TEXTURE\GTV1_GLCM_texture.csv,84,10,Patient_ID,84,,True,True
10,LUNG1-328\STEP_11_GLCM_TEXTURE\GTV1_GLCM_texture.csv,84,10,Patient_ID,84,,True,True
10,LUNG1-332\STEP_11_GLCM_TEXTURE\GTV1_GLCM_texture.csv,84,10,Patient_ID,84,,True,True
10,LUNG1-347\STEP_11_GLCM_TEXTURE\GTV1_GLCM_texture.csv,84,10,Patient_ID,84,,True,True
10,LUNG1-385\STEP_11_GLCM_TEXTURE\GTV1_GLCM_texture.csv,84,10,Patient_ID,84,,True,True
10,LUNG1-062\STEP_11_GLCM_TEXTURE\GTV1_GLCM_texture.csv,82,10,Patient_ID,82,,True,True
10,LUNG1-082\STEP_11_GLCM_TEXTURE\GTV1_GLCM_texture.csv,72,10,Patient_ID,72,,True,True
10,LUNG1-126\STEP_11_GLCM_TEXTURE\GTV1_GLCM_texture.csv,72,10,Patient_ID,72,,True,True
10,LUNG1-158\STEP_11_GLCM_TEXTURE\GTV1_GLCM_texture.csv,72,10,Patient_ID,72,,True,True
10,LUNG1-176\STEP_11_GLCM_TEXTURE\GTV1_GLCM_texture.csv,72,10,Patient_ID,72,,True,True
10,LUNG1-188\STEP_11_GLCM_TEXTURE\GTV1_GLCM_texture.csv,72,10,Patient_ID,72,,True,True
10,LUNG1-215\STEP_11_GLCM_TEXTURE\GTV1_GLCM_texture.csv,72,10,Patient_ID,72,,True,True
10,LUNG1-281\STEP_11_GLCM_TEXTURE\GTV1_GLCM_texture.csv,72,10,Patient_ID,72,,True,True
10,LUNG1-296\STEP_11_GLCM_TEXTURE\GTV1_GLCM_texture.csv,72,10,Patient_ID,72,,True,True
10,LUNG1-325\STEP_11_GLCM_TEXTURE\GTV1_GLCM_texture.csv,72,10,Patient_ID,72,,True,True
10,LUNG1-359\STEP_11_GLCM_TEXTURE\GTV1_GLCM_texture.csv,72,10,Patient_ID,72,,True,True
10,LUNG1-195\STEP_11_GLCM_TEXTURE\GTV1_GLCM_texture.csv,71,10,Patient_ID,71,,True,True
10,LUNG1-415\STEP_11_GLCM_TEXTURE\GTV1_GLCM_texture.csv,69,10,Patient_ID,69,,True,True
10,LUNG1-015\STEP_11_GLCM_TEXTURE\GTV1_GLCM_texture.csv,60,10,Patient_ID,60,,True,True
10,LUNG1-100\STEP_11_GLCM_TEXTURE\GTV1_GLCM_texture.csv,60,10,Patient_ID,60,,True,True
10,LUNG1-111\STEP_11_GLCM_TEXTURE\GTV1_GLCM_texture.csv,60,10,Patient_ID,60,,True,True
10,LUNG1-133\STEP_11_GLCM_TEXTURE\GTV1_GLCM_texture.csv,60,10,Patient_ID,60,,True,True
10,LUNG1-134\STEP_11_GLCM_TEXTURE\GTV1_GLCM_texture.csv,60,10,Patient_ID,60,,True,True
10,LUNG1-216\STEP_11_GLCM_TEXTURE\GTV1_GLCM_texture.csv,60,10,Patient_ID,60,,True,True
10,LUNG1-231\STEP_11_GLCM_TEXTURE\GTV1_GLCM_texture.csv,60,10,Patient_ID,60,,True,True
10,LUNG1-272\STEP_11_GLCM_TEXTURE\GTV1_GLCM_texture.csv,60,10,Patient_ID,60,,True,True
10,LUNG1-288\STEP_11_GLCM_TEXTURE\GTV1_GLCM_texture.csv,60,10,Patient_ID,60,,True,True
10,LUNG1-307\STEP_11_GLCM_TEXTURE\GTV1_GLCM_texture.csv,60,10,Patient_ID,60,,True,True
10,LUNG1-095\STEP_12_LBP_TEXTURE\GTV1_LBP_slice_features.csv,55,7,Patient_ID,55,,True,True
10,LUNG1-130\STEP_12_LBP_TEXTURE\GTV1_LBP_slice_features.csv,54,7,Patient_ID,54,,True,True
10,LUNG1-069\STEP_12_LBP_TEXTURE\GTV1_LBP_slice_features.csv,51,7,Patient_ID,51,,True,True
10,LUNG1-026\STEP_12_LBP_TEXTURE\GTV1_LBP_slice_features.csv,48,7,Patient_ID,48,,True,True
10,LUNG1-049\STEP_11_GLCM_TEXTURE\GTV1_GLCM_texture.csv,48,10,Patient_ID,48,,True,True
10,LUNG1-050\STEP_11_GLCM_TEXTURE\GTV1_GLCM_texture.csv,48,10,Patient_ID,48,,True,True
10,LUNG1-086\STEP_11_GLCM_TEXTURE\GTV1_GLCM_texture.csv,48,10,Patient_ID,48,,True,True
10,LUNG1-089\STEP_11_GLCM_TEXTURE\GTV1_GLCM_texture.csv,48,10,Patient_ID,48,,True,True
10,LUNG1-098\STEP_11_GLCM_TEXTURE\GTV1_GLCM_texture.csv,48,10,Patient_ID,48,,True,True
10,LUNG1-110\STEP_11_GLCM_TEXTURE\GTV1_GLCM_texture.csv,48,10,Patient_ID,48,,True,True
10,LUNG1-114\STEP_11_GLCM_TEXTURE\GTV1_GLCM_texture.csv,48,10,Patient_ID,48,,True,True
10,LUNG1-311\STEP_11_GLCM_TEXTURE\GTV1_GLCM_texture.csv,48,10,Patient_ID,48,,True,True
10,LUNG1-179\STEP_12_LBP_TEXTURE\GTV1_LBP_slice_features.csv,47,7,Patient_ID,47,,True,True
10,LUNG1-043\STEP_12_LBP_TEXTURE\GTV1_LBP_slice_features.csv,44,7,Patient_ID,44,,True,True
10,LUNG1-017\STEP_12_LBP_TEXTURE\GTV1_LBP_slice_features.csv,43,7,Patient_ID,43,,True,True
10,LUNG1-065\STEP_12_LBP_TEXTURE\GTV1_LBP_slice_features.csv,43,7,Patient_ID,43,,True,True
10,LUNG1-074\STEP_12_LBP_TEXTURE\GTV1_LBP_slice_features.csv,42,7,Patient_ID,42,,True,True
10,LUNG1-377\STEP_12_LBP_TEXTURE\GTV1_LBP_slice_features.csv,42,7,Patient_ID,42,,True,True
10,LUNG1-349\STEP_12_LBP_TEXTURE\GTV1_LBP_slice_features.csv,39,7,Patient_ID,39,,True,True
10,LUNG1-367\STEP_12_LBP_TEXTURE\GTV1_LBP_slice_features.csv,39,7,Patient_ID,39,,True,True
10,LUNG1-396\STEP_12_LBP_TEXTURE\GTV1_LBP_slice_features.csv,39,7,Patient_ID,39,,True,True
10,LUNG1-072\STEP_12_LBP_TEXTURE\GTV1_LBP_slice_features.csv,38,7,Patient_ID,38,,True,True
10,LUNG1-091\STEP_12_LBP_TEXTURE\GTV1_LBP_slice_features.csv,38,7,Patient_ID,38,,True,True
10,LUNG1-289\STEP_12_LBP_TEXTURE\GTV1_LBP_slice_features.csv,38,7,Patient_ID,38,,True,True
10,LUNG1-097\STEP_12_LBP_TEXTURE\GTV1_LBP_slice_features.csv,37,7,Patient_ID,37,,True,True
10,LUNG1-140\STEP_12_LBP_TEXTURE\GTV1_LBP_slice_features.csv,37,7,Patient_ID,37,,True,True
10,LUNG1-149\STEP_12_LBP_TEXTURE\GTV1_LBP_slice_features.csv,37,7,Patient_ID,37,,True,True
10,LUNG1-348\STEP_12_LBP_TEXTURE\GTV1_LBP_slice_features.csv,37,7,Patient_ID,37,,True,True
10,LUNG1-004\STEP_12_LBP_TEXTURE\GTV1_LBP_slice_features.csv,36,7,Patient_ID,36,,True,True
10,LUNG1-023\STEP_12_LBP_TEXTURE\GTV1_LBP_slice_features.csv,36,7,Patient_ID,36,,True,True
10,LUNG1-027\STEP_11_GLCM_TEXTURE\GTV1_GLCM_texture.csv,36,10,Patient_ID,36,,True,True
10,LUNG1-108\STEP_11_GLCM_TEXTURE\GTV1_GLCM_texture.csv,36,10,Patient_ID,36,,True,True
10,LUNG1-156\STEP_11_GLCM_TEXTURE\GTV1_GLCM_texture.csv,36,10,Patient_ID,36,,True,True
10,LUNG1-161\STEP_11_GLCM_TEXTURE\GTV1_GLCM_texture.csv,36,10,Patient_ID,36,,True,True
10,LUNG1-167\STEP_11_GLCM_TEXTURE\GTV1_GLCM_texture.csv,36,10,Patient_ID,36,,True,True
10,LUNG1-190\STEP_12_LBP_TEXTURE\GTV1_LBP_slice_features.csv,36,7,Patient_ID,36,,True,True
10,LUNG1-276\STEP_12_LBP_TEXTURE\GTV1_LBP_slice_features.csv,36,7,Patient_ID,36,,True,True
10,LUNG1-282\STEP_11_GLCM_TEXTURE\GTV1_GLCM_texture.csv,36,10,Patient_ID,36,,True,True
10,LUNG1-283\STEP_12_LBP_TEXTURE\GTV1_LBP_slice_features.csv,36,7,Patient_ID,36,,True,True
10,LUNG1-353\STEP_12_LBP_TEXTURE\GTV1_LBP_slice_features.csv,36,7,Patient_ID,36,,True,True
10,LUNG1-357\STEP_12_LBP_TEXTURE\GTV1_LBP_slice_features.csv,36,7,Patient_ID,36,,True,True
10,LUNG1-386\STEP_11_GLCM_TEXTURE\GTV1_GLCM_texture.csv,36,10,Patient_ID,36,,True,True
10,LUNG1-375\STEP_12_LBP_TEXTURE\GTV1_LBP_slice_features.csv,35,7,Patient_ID,35,,True,True
10,LUNG1-075\STEP_12_LBP_TEXTURE\GTV1_LBP_slice_features.csv,34,7,Patient_ID,34,,True,True
10,LUNG1-105\STEP_12_LBP_TEXTURE\GTV1_LBP_slice_features.csv,33,7,Patient_ID,33,,True,True
10,LUNG1-173\STEP_12_LBP_TEXTURE\GTV1_LBP_slice_features.csv,33,7,Patient_ID,33,,True,True
10,LUNG1-196\STEP_12_LBP_TEXTURE\GTV1_LBP_slice_features.csv,33,7,Patient_ID,33,,True,True
10,LUNG1-221\STEP_12_LBP_TEXTURE\GTV1_LBP_slice_features.csv,33,7,Patient_ID,33,,True,True
10,LUNG1-233\STEP_12_LBP_TEXTURE\GTV1_LBP_slice_features.csv,33,7,Patient_ID,33,,True,True
10,LUNG1-273\STEP_12_LBP_TEXTURE\GTV1_LBP_slice_features.csv,32,7,Patient_ID,32,,True,True
10,LUNG1-387\STEP_12_LBP_TEXTURE\GTV1_LBP_slice_features.csv,32,7,Patient_ID,32,,True,True
10,LUNG1-417\STEP_12_LBP_TEXTURE\GTV1_LBP_slice_features.csv,32,7,Patient_ID,32,,True,True
10,LUNG1-181\STEP_12_LBP_TEXTURE\GTV1_LBP_slice_features.csv,31,7,Patient_ID,31,,True,True
10,LUNG1-200\STEP_12_LBP_TEXTURE\GTV1_LBP_slice_features.csv,31,7,Patient_ID,31,,True,True
10,LUNG1-245\STEP_12_LBP_TEXTURE\GTV1_LBP_slice_features.csv,31,7,Patient_ID,31,,True,True
10,LUNG1-308\STEP_12_LBP_TEXTURE\GTV1_LBP_slice_features.csv,31,7,Patient_ID,31,,True,True
10,LUNG1-033\STEP_12_LBP_TEXTURE\GTV1_LBP_slice_features.csv,30,7,Patient_ID,30,,True,True
10,LUNG1-056\STEP_12_LBP_TEXTURE\GTV1_LBP_slice_features.csv,30,7,Patient_ID,30,,True,True
10,LUNG1-115\STEP_12_LBP_TEXTURE\GTV1_LBP_slice_features.csv,30,7,Patient_ID,30,,True,True
10,LUNG1-393\STEP_12_LBP_TEXTURE\GTV1_LBP_slice_features.csv,30,7,Patient_ID,30,,True,True
10,LUNG1-401\STEP_12_LBP_TEXTURE\GTV1_LBP_slice_features.csv,30,7,Patient_ID,30,,True,True
10,LUNG1-012\STEP_12_LBP_TEXTURE\GTV1_LBP_slice_features.csv,29,7,Patient_ID,29,,True,True
10,LUNG1-021\STEP_12_LBP_TEXTURE\GTV1_LBP_slice_features.csv,29,7,Patient_ID,29,,True,True
10,LUNG1-229\STEP_12_LBP_TEXTURE\GTV1_LBP_slice_features.csv,29,7,Patient_ID,29,,True,True
10,LUNG1-400\STEP_12_LBP_TEXTURE\GTV1_LBP_slice_features.csv,29,7,Patient_ID,29,,True,True
10,LUNG1-042\STEP_12_LBP_TEXTURE\GTV1_LBP_slice_features.csv,28,7,Patient_ID,28,,True,True
10,LUNG1-205\STEP_12_LBP_TEXTURE\GTV1_LBP_slice_features.csv,28,7,Patient_ID,28,,True,True
10,LUNG1-224\STEP_12_LBP_TEXTURE\GTV1_LBP_slice_features.csv,28,7,Patient_ID,28,,True,True
10,LUNG1-232\STEP_12_LBP_TEXTURE\GTV1_LBP_slice_features.csv,28,7,Patient_ID,28,,True,True
10,LUNG1-263\STEP_12_LBP_TEXTURE\GTV1_LBP_slice_features.csv,28,7,Patient_ID,28,,True,True
10,LUNG1-340\STEP_12_LBP_TEXTURE\GTV1_LBP_slice_features.csv,28,7,Patient_ID,28,,True,True
10,LUNG1-022\STEP_12_LBP_TEXTURE\GTV1_LBP_slice_features.csv,27,7,Patient_ID,27,,True,True
10,LUNG1-030\STEP_12_LBP_TEXTURE\GTV1_LBP_slice_features.csv,27,7,Patient_ID,27,,True,True
10,LUNG1-032\STEP_12_LBP_TEXTURE\GTV1_LBP_slice_features.csv,27,7,Patient_ID,27,,True,True
10,LUNG1-044\STEP_12_LBP_TEXTURE\GTV1_LBP_slice_features.csv,27,7,Patient_ID,27,,True,True
10,LUNG1-047\STEP_12_LBP_TEXTURE\GTV1_LBP_slice_features.csv,27,7,Patient_ID,27,,True,True
10,LUNG1-116\STEP_12_LBP_TEXTURE\GTV1_LBP_slice_features.csv,27,7,Patient_ID,27,,True,True
10,LUNG1-141\STEP_12_LBP_TEXTURE\GTV1_LBP_slice_features.csv,27,7,Patient_ID,27,,True,True
10,LUNG1-191\STEP_12_LBP_TEXTURE\GTV1_LBP_slice_features.csv,27,7,Patient_ID,27,,True,True
10,LUNG1-193\STEP_12_LBP_TEXTURE\GTV1_LBP_slice_features.csv,27,7,Patient_ID,27,,True,True
10,LUNG1-201\STEP_12_LBP_TEXTURE\GTV1_LBP_slice_features.csv,27,7,Patient_ID,27,,True,True
10,LUNG1-256\STEP_12_LBP_TEXTURE\GTV1_LBP_slice_features.csv,27,7,Patient_ID,27,,True,True
10,LUNG1-257\STEP_12_LBP_TEXTURE\GTV1_LBP_slice_features.csv,27,7,Patient_ID,27,,True,True
10,LUNG1-310\STEP_12_LBP_TEXTURE\GTV1_LBP_slice_features.csv,27,7,Patient_ID,27,,True,True
10,LUNG1-344\STEP_12_LBP_TEXTURE\GTV1_LBP_slice_features.csv,27,7,Patient_ID,27,,True,True
10,LUNG1-368\STEP_12_LBP_TEXTURE\GTV1_LBP_slice_features.csv,27,7,Patient_ID,27,,True,True
10,LUNG1-418\STEP_12_LBP_TEXTURE\GTV1_LBP_slice_features.csv,27,7,Patient_ID,27,,True,True
10,LUNG1-002\STEP_12_LBP_TEXTURE\GTV1_LBP_slice_features.csv,26,7,Patient_ID,26,,True,True
10,LUNG1-038\STEP_12_LBP_TEXTURE\GTV1_LBP_slice_features.csv,26,7,Patient_ID,26,,True,True
10,LUNG1-142\STEP_12_LBP_TEXTURE\GTV1_LBP_slice_features.csv,26,7,Patient_ID,26,,True,True
10,LUNG1-163\STEP_12_LBP_TEXTURE\GTV1_LBP_slice_features.csv,26,7,Patient_ID,26,,True,True
10,LUNG1-172\STEP_12_LBP_TEXTURE\GTV1_LBP_slice_features.csv,26,7,Patient_ID,26,,True,True
10,LUNG1-217\STEP_12_LBP_TEXTURE\GTV1_LBP_slice_features.csv,26,7,Patient_ID,26,,True,True
10,LUNG1-300\STEP_12_LBP_TEXTURE\GTV1_LBP_slice_features.csv,26,7,Patient_ID,26,,True,True
10,LUNG1-320\STEP_12_LBP_TEXTURE\GTV1_LBP_slice_features.csv,26,7,Patient_ID,26,,True,True
10,LUNG1-327\STEP_12_LBP_TEXTURE\GTV1_LBP_slice_features.csv,26,7,Patient_ID,26,,True,True
10,LUNG1-331\STEP_12_LBP_TEXTURE\GTV1_LBP_slice_features.csv,26,7,Patient_ID,26,,True,True
10,LUNG1-343\STEP_12_LBP_TEXTURE\GTV1_LBP_slice_features.csv,26,7,Patient_ID,26,,True,True
10,LUNG1-104\STEP_12_LBP_TEXTURE\GTV1_LBP_slice_features.csv,25,7,Patient_ID,25,,True,True
10,LUNG1-143\STEP_12_LBP_TEXTURE\GTV1_LBP_slice_features.csv,25,7,Patient_ID,25,,True,True
10,LUNG1-147\STEP_12_LBP_TEXTURE\GTV1_LBP_slice_features.csv,25,7,Patient_ID,25,,True,True
10,LUNG1-258\STEP_12_LBP_TEXTURE\GTV1_LBP_slice_features.csv,25,7,Patient_ID,25,,True,True
10,LUNG1-301\STEP_12_LBP_TEXTURE\GTV1_LBP_slice_features.csv,25,7,Patient_ID,25,,True,True
10,LUNG1-361\STEP_12_LBP_TEXTURE\GTV1_LBP_slice_features.csv,25,7,Patient_ID,25,,True,True
10,LUNG1-381\STEP_12_LBP_TEXTURE\GTV1_LBP_slice_features.csv,25,7,Patient_ID,25,,True,True
10,LUNG1-397\STEP_12_LBP_TEXTURE\GTV1_LBP_slice_features.csv,25,7,Patient_ID,25,,True,True
10,LUNG1-402\STEP_12_LBP_TEXTURE\GTV1_LBP_slice_features.csv,25,7,Patient_ID,25,,True,True
10,LUNG1-005\STEP_12_LBP_TEXTURE\GTV1_LBP_slice_features.csv,24,7,Patient_ID,24,,True,True
10,LUNG1-018\STEP_12_LBP_TEXTURE\GTV1_LBP_slice_features.csv,24,7,Patient_ID,24,,True,True
10,LUNG1-025\STEP_12_LBP_TEXTURE\GTV1_LBP_slice_features.csv,24,7,Patient_ID,24,,True,True
10,LUNG1-058\STEP_12_LBP_TEXTURE\GTV1_LBP_slice_features.csv,24,7,Patient_ID,24,,True,True
10,LUNG1-060\STEP_12_LBP_TEXTURE\GTV1_LBP_slice_features.csv,24,7,Patient_ID,24,,True,True
10,LUNG1-192\STEP_11_GLCM_TEXTURE\GTV1_GLCM_texture.csv,24,10,Patient_ID,24,,True,True
10,LUNG1-237\STEP_12_LBP_TEXTURE\GTV1_LBP_slice_features.csv,24,7,Patient_ID,24,,True,True
10,LUNG1-242\STEP_12_LBP_TEXTURE\GTV1_LBP_slice_features.csv,24,7,Patient_ID,24,,True,True
10,LUNG1-284\STEP_12_LBP_TEXTURE\GTV1_LBP_slice_features.csv,24,7,Patient_ID,24,,True,True
10,LUNG1-319\STEP_12_LBP_TEXTURE\GTV1_LBP_slice_features.csv,24,7,Patient_ID,24,,True,True
10,LUNG1-335\STEP_12_LBP_TEXTURE\GTV1_LBP_slice_features.csv,24,7,Patient_ID,24,,True,True
10,LUNG1-364\STEP_12_LBP_TEXTURE\GTV1_LBP_slice_features.csv,24,7,Patient_ID,24,,True,True
10,LUNG1-006\STEP_12_LBP_TEXTURE\GTV1_LBP_slice_features.csv,23,7,Patient_ID,23,,True,True
10,LUNG1-034\STEP_12_LBP_TEXTURE\GTV1_LBP_slice_features.csv,23,7,Patient_ID,23,,True,True
10,LUNG1-046\STEP_12_LBP_TEXTURE\GTV1_LBP_slice_features.csv,23,7,Patient_ID,23,,True,True
10,LUNG1-101\STEP_12_LBP_TEXTURE\GTV1_LBP_slice_features.csv,23,7,Patient_ID,23,,True,True
10,LUNG1-117\STEP_12_LBP_TEXTURE\GTV1_LBP_slice_features.csv,23,7,Patient_ID,23,,True,True
10,LUNG1-123\STEP_12_LBP_TEXTURE\GTV1_LBP_slice_features.csv,23,7,Patient_ID,23,,True,True
10,LUNG1-144\STEP_12_LBP_TEXTURE\GTV1_LBP_slice_features.csv,23,7,Patient_ID,23,,True,True
10,LUNG1-199\STEP_12_LBP_TEXTURE\GTV1_LBP_slice_features.csv,23,7,Patient_ID,23,,True,True
10,LUNG1-218\STEP_12_LBP_TEXTURE\GTV1_LBP_slice_features.csv,23,7,Patient_ID,23,,True,True
10,LUNG1-248\STEP_12_LBP_TEXTURE\GTV1_LBP_slice_features.csv,23,7,Patient_ID,23,,True,True
10,LUNG1-262\STEP_12_LBP_TEXTURE\GTV1_LBP_slice_features.csv,23,7,Patient_ID,23,,True,True
10,LUNG1-290\STEP_12_LBP_TEXTURE\GTV1_LBP_slice_features.csv,23,7,Patient_ID,23,,True,True
10,LUNG1-351\STEP_12_LBP_TEXTURE\GTV1_LBP_slice_features.csv,23,7,Patient_ID,23,,True,True
10,LUNG1-363\STEP_12_LBP_TEXTURE\GTV1_LBP_slice_features.csv,23,7,Patient_ID,23,,True,True
10,LUNG1-416\STEP_12_LBP_TEXTURE\GTV1_LBP_slice_features.csv,23,7,Patient_ID,23,,True,True
10,LUNG1-419\STEP_12_LBP_TEXTURE\GTV1_LBP_slice_features.csv,23,7,Patient_ID,23,,True,True
10,LUNG1-009\STEP_12_LBP_TEXTURE\GTV1_LBP_slice_features.csv,22,7,Patient_ID,22,,True,True
10,LUNG1-016\STEP_12_LBP_TEXTURE\GTV1_LBP_slice_features.csv,22,7,Patient_ID,22,,True,True
10,LUNG1-040\STEP_12_LBP_TEXTURE\GTV1_LBP_slice_features.csv,22,7,Patient_ID,22,,True,True
10,LUNG1-052\STEP_12_LBP_TEXTURE\GTV1_LBP_slice_features.csv,22,7,Patient_ID,22,,True,True
10,LUNG1-057\STEP_12_LBP_TEXTURE\GTV1_LBP_slice_features.csv,22,7,Patient_ID,22,,True,True
10,LUNG1-092\STEP_12_LBP_TEXTURE\GTV1_LBP_slice_features.csv,22,7,Patient_ID,22,,True,True
10,LUNG1-137\STEP_12_LBP_TEXTURE\GTV1_LBP_slice_features.csv,22,7,Patient_ID,22,,True,True
10,LUNG1-186\STEP_12_LBP_TEXTURE\GTV1_LBP_slice_features.csv,22,7,Patient_ID,22,,True,True
10,LUNG1-208\STEP_12_LBP_TEXTURE\GTV1_LBP_slice_features.csv,22,7,Patient_ID,22,,True,True
10,LUNG1-210\STEP_12_LBP_TEXTURE\GTV1_LBP_slice_features.csv,22,7,Patient_ID,22,,True,True
10,LUNG1-225\STEP_12_LBP_TEXTURE\GTV1_LBP_slice_features.csv,22,7,Patient_ID,22,,True,True
10,LUNG1-228\STEP_12_LBP_TEXTURE\GTV1_LBP_slice_features.csv,22,7,Patient_ID,22,,True,True
10,LUNG1-239\STEP_12_LBP_TEXTURE\GTV1_LBP_slice_features.csv,22,7,Patient_ID,22,,True,True
10,LUNG1-292\STEP_12_LBP_TEXTURE\GTV1_LBP_slice_features.csv,22,7,Patient_ID,22,,True,True
10,LUNG1-324\STEP_12_LBP_TEXTURE\GTV1_LBP_slice_features.csv,22,7,Patient_ID,22,,True,True
10,LUNG1-337\STEP_12_LBP_TEXTURE\GTV1_LBP_slice_features.csv,22,7,Patient_ID,22,,True,True
10,LUNG1-352\STEP_12_LBP_TEXTURE\GTV1_LBP_slice_features.csv,22,7,Patient_ID,22,,True,True
10,LUNG1-360\STEP_12_LBP_TEXTURE\GTV1_LBP_slice_features.csv,22,7,Patient_ID,22,,True,True
10,LUNG1-376\STEP_12_LBP_TEXTURE\GTV1_LBP_slice_features.csv,22,7,Patient_ID,22,,True,True
10,LUNG1-407\STEP_12_LBP_TEXTURE\GTV1_LBP_slice_features.csv,22,7,Patient_ID,22,,True,True
10,LUNG1-001\STEP_12_LBP_TEXTURE\GTV1_LBP_slice_features.csv,21,7,Patient_ID,21,,True,True
10,LUNG1-236\STEP_12_LBP_TEXTURE\GTV1_LBP_slice_features.csv,21,7,Patient_ID,21,,True,True
10,LUNG1-382\STEP_12_LBP_TEXTURE\GTV1_LBP_slice_features.csv,21,7,Patient_ID,21,,True,True
10,LUNG1-035\STEP_12_LBP_TEXTURE\GTV1_LBP_slice_features.csv,20,7,Patient_ID,20,,True,True
10,LUNG1-068\STEP_12_LBP_TEXTURE\GTV1_LBP_slice_features.csv,20,7,Patient_ID,20,,True,True
10,LUNG1-096\STEP_12_LBP_TEXTURE\GTV1_LBP_slice_features.csv,20,7,Patient_ID,20,,True,True
10,LUNG1-219\STEP_12_LBP_TEXTURE\GTV1_LBP_slice_features.csv,20,7,Patient_ID,20,,True,True
10,LUNG1-220\STEP_12_LBP_TEXTURE\GTV1_LBP_slice_features.csv,20,7,Patient_ID,20,,True,True
10,LUNG1-241\STEP_12_LBP_TEXTURE\GTV1_LBP_slice_features.csv,20,7,Patient_ID,20,,True,True
10,LUNG1-275\STEP_12_LBP_TEXTURE\GTV1_LBP_slice_features.csv,20,7,Patient_ID,20,,True,True
10,LUNG1-410\STEP_12_LBP_TEXTURE\GTV1_LBP_slice_features.csv,20,7,Patient_ID,20,,True,True
10,LUNG1-412\STEP_12_LBP_TEXTURE\GTV1_LBP_slice_features.csv,20,7,Patient_ID,20,,True,True
10,LUNG1-020\STEP_12_LBP_TEXTURE\GTV1_LBP_slice_features.csv,19,7,Patient_ID,19,,True,True
10,LUNG1-048\STEP_12_LBP_TEXTURE\GTV1_LBP_slice_features.csv,19,7,Patient_ID,19,,True,True
10,LUNG1-053\STEP_12_LBP_TEXTURE\GTV1_LBP_slice_features.csv,19,7,Patient_ID,19,,True,True
10,LUNG1-073\STEP_12_LBP_TEXTURE\GTV1_LBP_slice_features.csv,19,7,Patient_ID,19,,True,True
10,LUNG1-125\STEP_12_LBP_TEXTURE\GTV1_LBP_slice_features.csv,19,7,Patient_ID,19,,True,True
10,LUNG1-148\STEP_12_LBP_TEXTURE\GTV1_LBP_slice_features.csv,19,7,Patient_ID,19,,True,True
10,LUNG1-230\STEP_12_LBP_TEXTURE\GTV1_LBP_slice_features.csv,19,7,Patient_ID,19,,True,True
10,LUNG1-267\STEP_12_LBP_TEXTURE\GTV1_LBP_slice_features.csv,19,7,Patient_ID,19,,True,True
10,LUNG1-280\STEP_12_LBP_TEXTURE\GTV1_LBP_slice_features.csv,19,7,Patient_ID,19,,True,True
10,LUNG1-303\STEP_12_LBP_TEXTURE\GTV1_LBP_slice_features.csv,19,7,Patient_ID,19,,True,True
10,LUNG1-314\STEP_12_LBP_TEXTURE\GTV1_LBP_slice_features.csv,19,7,Patient_ID,19,,True,True
10,LUNG1-345\STEP_12_LBP_TEXTURE\GTV1_LBP_slice_features.csv,19,7,Patient_ID,19,,True,True
10,LUNG1-031\STEP_12_LBP_TEXTURE\GTV1_LBP_slice_features.csv,18,7,Patient_ID,18,,True,True
10,LUNG1-055\STEP_12_LBP_TEXTURE\GTV1_LBP_slice_features.csv,18,7,Patient_ID,18,,True,True
10,LUNG1-077\STEP_12_LBP_TEXTURE\GTV1_LBP_slice_features.csv,18,7,Patient_ID,18,,True,True
10,LUNG1-079\STEP_12_LBP_TEXTURE\GTV1_LBP_slice_features.csv,18,7,Patient_ID,18,,True,True
10,LUNG1-113\STEP_12_LBP_TEXTURE\GTV1_LBP_slice_features.csv,18,7,Patient_ID,18,,True,True
10,LUNG1-132\STEP_12_LBP_TEXTURE\GTV1_LBP_slice_features.csv,18,7,Patient_ID,18,,True,True
10,LUNG1-170\STEP_12_LBP_TEXTURE\GTV1_LBP_slice_features.csv,18,7,Patient_ID,18,,True,True
10,LUNG1-198\STEP_12_LBP_TEXTURE\GTV1_LBP_slice_features.csv,18,7,Patient_ID,18,,True,True
10,LUNG1-207\STEP_12_LBP_TEXTURE\GTV1_LBP_slice_features.csv,18,7,Patient_ID,18,,True,True
10,LUNG1-235\STEP_12_LBP_TEXTURE\GTV1_LBP_slice_features.csv,18,7,Patient_ID,18,,True,True
10,LUNG1-238\STEP_12_LBP_TEXTURE\GTV1_LBP_slice_features.csv,18,7,Patient_ID,18,,True,True
10,LUNG1-312\STEP_12_LBP_TEXTURE\GTV1_LBP_slice_features.csv,18,7,Patient_ID,18,,True,True
10,LUNG1-392\STEP_12_LBP_TEXTURE\GTV1_LBP_slice_features.csv,18,7,Patient_ID,18,,True,True
10,LUNG1-406\STEP_12_LBP_TEXTURE\GTV1_LBP_slice_features.csv,18,7,Patient_ID,18,,True,True
10,LUNG1-003\STEP_12_LBP_TEXTURE\GTV1_LBP_slice_features.csv,17,7,Patient_ID,17,,True,True
10,LUNG1-051\STEP_12_LBP_TEXTURE\GTV1_LBP_slice_features.csv,17,7,Patient_ID,17,,True,True
10,LUNG1-071\STEP_12_LBP_TEXTURE\GTV1_LBP_slice_features.csv,17,7,Patient_ID,17,,True,True
10,LUNG1-121\STEP_12_LBP_TEXTURE\GTV1_LBP_slice_features.csv,17,7,Patient_ID,17,,True,True
10,LUNG1-155\STEP_12_LBP_TEXTURE\GTV1_LBP_slice_features.csv,17,7,Patient_ID,17,,True,True
10,LUNG1-177\STEP_12_LBP_TEXTURE\GTV1_LBP_slice_features.csv,17,7,Patient_ID,17,,True,True
10,LUNG1-194\STEP_12_LBP_TEXTURE\GTV1_LBP_slice_features.csv,17,7,Patient_ID,17,,True,True
10,LUNG1-265\STEP_12_LBP_TEXTURE\GTV1_LBP_slice_features.csv,17,7,Patient_ID,17,,True,True
10,LUNG1-291\STEP_12_LBP_TEXTURE\GTV1_LBP_slice_features.csv,17,7,Patient_ID,17,,True,True
10,LUNG1-294\STEP_12_LBP_TEXTURE\GTV1_LBP_slice_features.csv,17,7,Patient_ID,17,,True,True
10,LUNG1-304\STEP_12_LBP_TEXTURE\GTV1_LBP_slice_features.csv,17,7,Patient_ID,17,,True,True
10,LUNG1-316\STEP_12_LBP_TEXTURE\GTV1_LBP_slice_features.csv,17,7,Patient_ID,17,,True,True
10,LUNG1-336\STEP_12_LBP_TEXTURE\GTV1_LBP_slice_features.csv,17,7,Patient_ID,17,,True,True
10,LUNG1-372\STEP_12_LBP_TEXTURE\GTV1_LBP_slice_features.csv,17,7,Patient_ID,17,,True,True
10,LUNG1-398\STEP_12_LBP_TEXTURE\GTV1_LBP_slice_features.csv,17,7,Patient_ID,17,,True,True
10,LUNG1-408\STEP_12_LBP_TEXTURE\GTV1_LBP_slice_features.csv,17,7,Patient_ID,17,,True,True
10,LUNG1-409\STEP_12_LBP_TEXTURE\GTV1_LBP_slice_features.csv,17,7,Patient_ID,17,,True,True
10,LUNG1-045\STEP_12_LBP_TEXTURE\GTV1_LBP_slice_features.csv,16,7,Patient_ID,16,,True,True
10,LUNG1-059\STEP_12_LBP_TEXTURE\GTV1_LBP_slice_features.csv,16,7,Patient_ID,16,,True,True
10,LUNG1-088\STEP_12_LBP_TEXTURE\GTV1_LBP_slice_features.csv,16,7,Patient_ID,16,,True,True
10,LUNG1-109\STEP_12_LBP_TEXTURE\GTV1_LBP_slice_features.csv,16,7,Patient_ID,16,,True,True
10,LUNG1-166\STEP_12_LBP_TEXTURE\GTV1_LBP_slice_features.csv,16,7,Patient_ID,16,,True,True
10,LUNG1-185\STEP_12_LBP_TEXTURE\GTV1_LBP_slice_features.csv,16,7,Patient_ID,16,,True,True
10,LUNG1-189\STEP_12_LBP_TEXTURE\GTV1_LBP_slice_features.csv,16,7,Patient_ID,16,,True,True
10,LUNG1-211\STEP_12_LBP_TEXTURE\GTV1_LBP_slice_features.csv,16,7,Patient_ID,16,,True,True
10,LUNG1-259\STEP_12_LBP_TEXTURE\GTV1_LBP_slice_features.csv,16,7,Patient_ID,16,,True,True
10,LUNG1-268\STEP_12_LBP_TEXTURE\GTV1_LBP_slice_features.csv,16,7,Patient_ID,16,,True,True
10,LUNG1-285\STEP_12_LBP_TEXTURE\GTV1_LBP_slice_features.csv,16,7,Patient_ID,16,,True,True
10,LUNG1-293\STEP_12_LBP_TEXTURE\GTV1_LBP_slice_features.csv,16,7,Patient_ID,16,,True,True
10,LUNG1-323\STEP_12_LBP_TEXTURE\GTV1_LBP_slice_features.csv,16,7,Patient_ID,16,,True,True
10,LUNG1-330\STEP_12_LBP_TEXTURE\GTV1_LBP_slice_features.csv,16,7,Patient_ID,16,,True,True
10,LUNG1-341\STEP_12_LBP_TEXTURE\GTV1_LBP_slice_features.csv,16,7,Patient_ID,16,,True,True
10,LUNG1-350\STEP_12_LBP_TEXTURE\GTV1_LBP_slice_features.csv,16,7,Patient_ID,16,,True,True
10,LUNG1-384\STEP_12_LBP_TEXTURE\GTV1_LBP_slice_features.csv,16,7,Patient_ID,16,,True,True
10,LUNG1-405\STEP_12_LBP_TEXTURE\GTV1_LBP_slice_features.csv,16,7,Patient_ID,16,,True,True
10,LUNG1-422\STEP_12_LBP_TEXTURE\GTV1_LBP_slice_features.csv,16,7,Patient_ID,16,,True,True
10,LUNG1-008\STEP_12_LBP_TEXTURE\GTV1_LBP_slice_features.csv,15,7,Patient_ID,15,,True,True
10,LUNG1-029\STEP_12_LBP_TEXTURE\GTV1_LBP_slice_features.csv,15,7,Patient_ID,15,,True,True
10,LUNG1-036\STEP_12_LBP_TEXTURE\GTV1_LBP_slice_features.csv,15,7,Patient_ID,15,,True,True
10,LUNG1-041\STEP_12_LBP_TEXTURE\GTV1_LBP_slice_features.csv,15,7,Patient_ID,15,,True,True
10,LUNG1-054\STEP_12_LBP_TEXTURE\GTV1_LBP_slice_features.csv,15,7,Patient_ID,15,,True,True
10,LUNG1-093\STEP_12_LBP_TEXTURE\GTV1_LBP_slice_features.csv,15,7,Patient_ID,15,,True,True
10,LUNG1-099\STEP_12_LBP_TEXTURE\GTV1_LBP_slice_features.csv,15,7,Patient_ID,15,,True,True
10,LUNG1-120\STEP_12_LBP_TEXTURE\GTV1_LBP_slice_features.csv,15,7,Patient_ID,15,,True,True
10,LUNG1-129\STEP_12_LBP_TEXTURE\GTV1_LBP_slice_features.csv,15,7,Patient_ID,15,,True,True
10,LUNG1-151\STEP_12_LBP_TEXTURE\GTV1_LBP_slice_features.csv,15,7,Patient_ID,15,,True,True
10,LUNG1-197\STEP_12_LBP_TEXTURE\GTV1_LBP_slice_features.csv,15,7,Patient_ID,15,,True,True
10,LUNG1-213\STEP_12_LBP_TEXTURE\GTV1_LBP_slice_features.csv,15,7,Patient_ID,15,,True,True
10,LUNG1-249\STEP_12_LBP_TEXTURE\GTV1_LBP_slice_features.csv,15,7,Patient_ID,15,,True,True
10,LUNG1-274\STEP_12_LBP_TEXTURE\GTV1_LBP_slice_features.csv,15,7,Patient_ID,15,,True,True
10,LUNG1-279\STEP_12_LBP_TEXTURE\GTV1_LBP_slice_features.csv,15,7,Patient_ID,15,,True,True
10,LUNG1-286\STEP_12_LBP_TEXTURE\GTV1_LBP_slice_features.csv,15,7,Patient_ID,15,,True,True
10,LUNG1-299\STEP_12_LBP_TEXTURE\GTV1_LBP_slice_features.csv,15,7,Patient_ID,15,,True,True
10,LUNG1-373\STEP_12_LBP_TEXTURE\GTV1_LBP_slice_features.csv,15,7,Patient_ID,15,,True,True
10,LUNG1-421\STEP_12_LBP_TEXTURE\GTV1_LBP_slice_features.csv,15,7,Patient_ID,15,,True,True
10,LUNG1-011\STEP_12_LBP_TEXTURE\GTV1_LBP_slice_features.csv,14,7,Patient_ID,14,,True,True
10,LUNG1-028\STEP_12_LBP_TEXTURE\GTV1_LBP_slice_features.csv,14,7,Patient_ID,14,,True,True
10,LUNG1-066\STEP_12_LBP_TEXTURE\GTV1_LBP_slice_features.csv,14,7,Patient_ID,14,,True,True
10,LUNG1-067\STEP_12_LBP_TEXTURE\GTV1_LBP_slice_features.csv,14,7,Patient_ID,14,,True,True
10,LUNG1-159\STEP_12_LBP_TEXTURE\GTV1_LBP_slice_features.csv,14,7,Patient_ID,14,,True,True
10,LUNG1-168\STEP_12_LBP_TEXTURE\GTV1_LBP_slice_features.csv,14,7,Patient_ID,14,,True,True
10,LUNG1-175\STEP_12_LBP_TEXTURE\GTV1_LBP_slice_features.csv,14,7,Patient_ID,14,,True,True
10,LUNG1-183\STEP_12_LBP_TEXTURE\GTV1_LBP_slice_features.csv,14,7,Patient_ID,14,,True,True
10,LUNG1-203\STEP_12_LBP_TEXTURE\GTV1_LBP_slice_features.csv,14,7,Patient_ID,14,,True,True
10,LUNG1-260\STEP_12_LBP_TEXTURE\GTV1_LBP_slice_features.csv,14,7,Patient_ID,14,,True,True
10,LUNG1-278\STEP_12_LBP_TEXTURE\GTV1_LBP_slice_features.csv,14,7,Patient_ID,14,,True,True
10,LUNG1-297\STEP_12_LBP_TEXTURE\GTV1_LBP_slice_features.csv,14,7,Patient_ID,14,,True,True
10,LUNG1-358\STEP_12_LBP_TEXTURE\GTV1_LBP_slice_features.csv,14,7,Patient_ID,14,,True,True
10,LUNG1-390\STEP_12_LBP_TEXTURE\GTV1_LBP_slice_features.csv,14,7,Patient_ID,14,,True,True
10,LUNG1-010\STEP_12_LBP_TEXTURE\GTV1_LBP_slice_features.csv,13,7,Patient_ID,13,,True,True
10,LUNG1-019\STEP_12_LBP_TEXTURE\GTV1_LBP_slice_features.csv,13,7,Patient_ID,13,,True,True
10,LUNG1-024\STEP_12_LBP_TEXTURE\GTV1_LBP_slice_features.csv,13,7,Patient_ID,13,,True,True
10,LUNG1-070\STEP_12_LBP_TEXTURE\GTV1_LBP_slice_features.csv,13,7,Patient_ID,13,,True,True
10,LUNG1-084\STEP_12_LBP_TEXTURE\GTV1_LBP_slice_features.csv,13,7,Patient_ID,13,,True,True
10,LUNG1-124\STEP_12_LBP_TEXTURE\GTV1_LBP_slice_features.csv,13,7,Patient_ID,13,,True,True
10,LUNG1-145\STEP_12_LBP_TEXTURE\GTV1_LBP_slice_features.csv,13,7,Patient_ID,13,,True,True
10,LUNG1-164\STEP_12_LBP_TEXTURE\GTV1_LBP_slice_features.csv,13,7,Patient_ID,13,,True,True
10,LUNG1-184\STEP_12_LBP_TEXTURE\GTV1_LBP_slice_features.csv,13,7,Patient_ID,13,,True,True
10,LUNG1-209\STEP_12_LBP_TEXTURE\GTV1_LBP_slice_features.csv,13,7,Patient_ID,13,,True,True
10,LUNG1-214\STEP_12_LBP_TEXTURE\GTV1_LBP_slice_features.csv,13,7,Patient_ID,13,,True,True
10,LUNG1-226\STEP_12_LBP_TEXTURE\GTV1_LBP_slice_features.csv,13,7,Patient_ID,13,,True,True
10,LUNG1-243\STEP_12_LBP_TEXTURE\GTV1_LBP_slice_features.csv,13,7,Patient_ID,13,,True,True
10,LUNG1-244\STEP_12_LBP_TEXTURE\GTV1_LBP_slice_features.csv,13,7,Patient_ID,13,,True,True
10,LUNG1-264\STEP_12_LBP_TEXTURE\GTV1_LBP_slice_features.csv,13,7,Patient_ID,13,,True,True
10,LUNG1-269\STEP_12_LBP_TEXTURE\GTV1_LBP_slice_features.csv,13,7,Patient_ID,13,,True,True
10,LUNG1-271\STEP_12_LBP_TEXTURE\GTV1_LBP_slice_features.csv,13,7,Patient_ID,13,,True,True
10,LUNG1-277\STEP_12_LBP_TEXTURE\GTV1_LBP_slice_features.csv,13,7,Patient_ID,13,,True,True
10,LUNG1-318\STEP_12_LBP_TEXTURE\GTV1_LBP_slice_features.csv,13,7,Patient_ID,13,,True,True
10,LUNG1-322\STEP_12_LBP_TEXTURE\GTV1_LBP_slice_features.csv,13,7,Patient_ID,13,,True,True
10,LUNG1-342\STEP_12_LBP_TEXTURE\GTV1_LBP_slice_features.csv,13,7,Patient_ID,13,,True,True
10,LUNG1-354\STEP_12_LBP_TEXTURE\GTV1_LBP_slice_features.csv,13,7,Patient_ID,13,,True,True
10,LUNG1-355\STEP_12_LBP_TEXTURE\GTV1_LBP_slice_features.csv,13,7,Patient_ID,13,,True,True
10,LUNG1-366\STEP_12_LBP_TEXTURE\GTV1_LBP_slice_features.csv,13,7,Patient_ID,13,,True,True
10,LUNG1-370\STEP_12_LBP_TEXTURE\GTV1_LBP_slice_features.csv,13,7,Patient_ID,13,,True,True
10,LUNG1-378\STEP_12_LBP_TEXTURE\GTV1_LBP_slice_features.csv,13,7,Patient_ID,13,,True,True
10,LUNG1-403\STEP_12_LBP_TEXTURE\GTV1_LBP_slice_features.csv,13,7,Patient_ID,13,,True,True
10,LUNG1-001\STEP_11_GLCM_TEXTURE\GTV1_GLCM_Features_By_Distance_And_Orientation.csv,12,9,Patient_ID,12,,True,True
10,LUNG1-002\STEP_11_GLCM_TEXTURE\GTV1_GLCM_Features_By_Distance_And_Orientation.csv,12,9,Patient_ID,12,,True,True
10,LUNG1-003\STEP_11_GLCM_TEXTURE\GTV1_GLCM_Features_By_Distance_And_Orientation.csv,12,9,Patient_ID,12,,True,True
10,LUNG1-004\STEP_11_GLCM_TEXTURE\GTV1_GLCM_Features_By_Distance_And_Orientation.csv,12,9,Patient_ID,12,,True,True
10,LUNG1-005\STEP_11_GLCM_TEXTURE\GTV1_GLCM_Features_By_Distance_And_Orientation.csv,12,9,Patient_ID,12,,True,True
10,LUNG1-006\STEP_11_GLCM_TEXTURE\GTV1_GLCM_Features_By_Distance_And_Orientation.csv,12,9,Patient_ID,12,,True,True
10,LUNG1-007\STEP_11_GLCM_TEXTURE\GTV1_GLCM_Features_By_Distance_And_Orientation.csv,12,9,Patient_ID,12,,True,True
10,LUNG1-008\STEP_11_GLCM_TEXTURE\GTV1_GLCM_Features_By_Distance_And_Orientation.csv,12,9,Patient_ID,12,,True,True
10,LUNG1-009\STEP_11_GLCM_TEXTURE\GTV1_GLCM_Features_By_Distance_And_Orientation.csv,12,9,Patient_ID,12,,True,True
10,LUNG1-010\STEP_11_GLCM_TEXTURE\GTV1_GLCM_Features_By_Distance_And_Orientation.csv,12,9,Patient_ID,12,,True,True
10,LUNG1-011\STEP_11_GLCM_TEXTURE\GTV1_GLCM_Features_By_Distance_And_Orientation.csv,12,9,Patient_ID,12,,True,True
10,LUNG1-012\STEP_11_GLCM_TEXTURE\GTV1_GLCM_Features_By_Distance_And_Orientation.csv,12,9,Patient_ID,12,,True,True
10,LUNG1-013\STEP_11_GLCM_TEXTURE\GTV1_GLCM_Features_By_Distance_And_Orientation.csv,12,9,Patient_ID,12,,True,True
10,LUNG1-014\STEP_11_GLCM_TEXTURE\GTV1_GLCM_Features_By_Distance_And_Orientation.csv,12,9,Patient_ID,12,,True,True
10,LUNG1-015\STEP_11_GLCM_TEXTURE\GTV1_GLCM_Features_By_Distance_And_Orientation.csv,12,9,Patient_ID,12,,True,True
10,LUNG1-016\STEP_11_GLCM_TEXTURE\GTV1_GLCM_Features_By_Distance_And_Orientation.csv,12,9,Patient_ID,12,,True,True
10,LUNG1-017\STEP_11_GLCM_TEXTURE\GTV1_GLCM_Features_By_Distance_And_Orientation.csv,12,9,Patient_ID,12,,True,True
10,LUNG1-018\STEP_11_GLCM_TEXTURE\GTV1_GLCM_Features_By_Distance_And_Orientation.csv,12,9,Patient_ID,12,,True,True
10,LUNG1-019\STEP_11_GLCM_TEXTURE\GTV1_GLCM_Features_By_Distance_And_Orientation.csv,12,9,Patient_ID,12,,True,True
10,LUNG1-020\STEP_11_GLCM_TEXTURE\GTV1_GLCM_Features_By_Distance_And_Orientation.csv,12,9,Patient_ID,12,,True,True
10,LUNG1-021\STEP_11_GLCM_TEXTURE\GTV1_GLCM_Features_By_Distance_And_Orientation.csv,12,9,Patient_ID,12,,True,True
10,LUNG1-022\STEP_11_GLCM_TEXTURE\GTV1_GLCM_Features_By_Distance_And_Orientation.csv,12,9,Patient_ID,12,,True,True
10,LUNG1-023\STEP_11_GLCM_TEXTURE\GTV1_GLCM_Features_By_Distance_And_Orientation.csv,12,9,Patient_ID,12,,True,True
10,LUNG1-024\STEP_11_GLCM_TEXTURE\GTV1_GLCM_Features_By_Distance_And_Orientation.csv,12,9,Patient_ID,12,,True,True
10,LUNG1-025\STEP_11_GLCM_TEXTURE\GTV1_GLCM_Features_By_Distance_And_Orientation.csv,12,9,Patient_ID,12,,True,True
10,LUNG1-026\STEP_11_GLCM_TEXTURE\GTV1_GLCM_Features_By_Distance_And_Orientation.csv,12,9,Patient_ID,12,,True,True
10,LUNG1-027\STEP_11_GLCM_TEXTURE\GTV1_GLCM_Features_By_Distance_And_Orientation.csv,12,9,Patient_ID,12,,True,True
10,LUNG1-028\STEP_11_GLCM_TEXTURE\GTV1_GLCM_Features_By_Distance_And_Orientation.csv,12,9,Patient_ID,12,,True,True
10,LUNG1-029\STEP_11_GLCM_TEXTURE\GTV1_GLCM_Features_By_Distance_And_Orientation.csv,12,9,Patient_ID,12,,True,True
10,LUNG1-030\STEP_11_GLCM_TEXTURE\GTV1_GLCM_Features_By_Distance_And_Orientation.csv,12,9,Patient_ID,12,,True,True
10,LUNG1-031\STEP_11_GLCM_TEXTURE\GTV1_GLCM_Features_By_Distance_And_Orientation.csv,12,9,Patient_ID,12,,True,True
10,LUNG1-032\STEP_11_GLCM_TEXTURE\GTV1_GLCM_Features_By_Distance_And_Orientation.csv,12,9,Patient_ID,12,,True,True
10,LUNG1-033\STEP_11_GLCM_TEXTURE\GTV1_GLCM_Features_By_Distance_And_Orientation.csv,12,9,Patient_ID,12,,True,True
10,LUNG1-034\STEP_11_GLCM_TEXTURE\GTV1_GLCM_Features_By_Distance_And_Orientation.csv,12,9,Patient_ID,12,,True,True
10,LUNG1-035\STEP_11_GLCM_TEXTURE\GTV1_GLCM_Features_By_Distance_And_Orientation.csv,12,9,Patient_ID,12,,True,True
10,LUNG1-036\STEP_11_GLCM_TEXTURE\GTV1_GLCM_Features_By_Distance_And_Orientation.csv,12,9,Patient_ID,12,,True,True
10,LUNG1-037\STEP_11_GLCM_TEXTURE\GTV1_GLCM_Features_By_Distance_And_Orientation.csv,12,9,Patient_ID,12,,True,True
10,LUNG1-038\STEP_11_GLCM_TEXTURE\GTV1_GLCM_Features_By_Distance_And_Orientation.csv,12,9,Patient_ID,12,,True,True
10,LUNG1-039\STEP_11_GLCM_TEXTURE\GTV1_GLCM_Features_By_Distance_And_Orientation.csv,12,9,Patient_ID,12,,True,True
10,LUNG1-040\STEP_11_GLCM_TEXTURE\GTV1_GLCM_Features_By_Distance_And_Orientation.csv,12,9,Patient_ID,12,,True,True
10,LUNG1-041\STEP_11_GLCM_TEXTURE\GTV1_GLCM_Features_By_Distance_And_Orientation.csv,12,9,Patient_ID,12,,True,True
10,LUNG1-042\STEP_11_GLCM_TEXTURE\GTV1_GLCM_Features_By_Distance_And_Orientation.csv,12,9,Patient_ID,12,,True,True
10,LUNG1-043\STEP_11_GLCM_TEXTURE\GTV1_GLCM_Features_By_Distance_And_Orientation.csv,12,9,Patient_ID,12,,True,True
10,LUNG1-044\STEP_11_GLCM_TEXTURE\GTV1_GLCM_Features_By_Distance_And_Orientation.csv,12,9,Patient_ID,12,,True,True
10,LUNG1-045\STEP_11_GLCM_TEXTURE\GTV1_GLCM_Features_By_Distance_And_Orientation.csv,12,9,Patient_ID,12,,True,True
10,LUNG1-046\STEP_11_GLCM_TEXTURE\GTV1_GLCM_Features_By_Distance_And_Orientation.csv,12,9,Patient_ID,12,,True,True
10,LUNG1-047\STEP_11_GLCM_TEXTURE\GTV1_GLCM_Features_By_Distance_And_Orientation.csv,12,9,Patient_ID,12,,True,True
10,LUNG1-048\STEP_11_GLCM_TEXTURE\GTV1_GLCM_Features_By_Distance_And_Orientation.csv,12,9,Patient_ID,12,,True,True
10,LUNG1-049\STEP_11_GLCM_TEXTURE\GTV1_GLCM_Features_By_Distance_And_Orientation.csv,12,9,Patient_ID,12,,True,True
10,LUNG1-050\STEP_11_GLCM_TEXTURE\GTV1_GLCM_Features_By_Distance_And_Orientation.csv,12,9,Patient_ID,12,,True,True
10,LUNG1-051\STEP_11_GLCM_TEXTURE\GTV1_GLCM_Features_By_Distance_And_Orientation.csv,12,9,Patient_ID,12,,True,True
10,LUNG1-052\STEP_11_GLCM_TEXTURE\GTV1_GLCM_Features_By_Distance_And_Orientation.csv,12,9,Patient_ID,12,,True,True
10,LUNG1-053\STEP_11_GLCM_TEXTURE\GTV1_GLCM_Features_By_Distance_And_Orientation.csv,12,9,Patient_ID,12,,True,True
10,LUNG1-054\STEP_11_GLCM_TEXTURE\GTV1_GLCM_Features_By_Distance_And_Orientation.csv,12,9,Patient_ID,12,,True,True
10,LUNG1-055\STEP_11_GLCM_TEXTURE\GTV1_GLCM_Features_By_Distance_And_Orientation.csv,12,9,Patient_ID,12,,True,True
10,LUNG1-056\STEP_11_GLCM_TEXTURE\GTV1_GLCM_Features_By_Distance_And_Orientation.csv,12,9,Patient_ID,12,,True,True
10,LUNG1-057\STEP_11_GLCM_TEXTURE\GTV1_GLCM_Features_By_Distance_And_Orientation.csv,12,9,Patient_ID,12,,True,True
10,LUNG1-058\STEP_11_GLCM_TEXTURE\GTV1_GLCM_Features_By_Distance_And_Orientation.csv,12,9,Patient_ID,12,,True,True
10,LUNG1-059\STEP_11_GLCM_TEXTURE\GTV1_GLCM_Features_By_Distance_And_Orientation.csv,12,9,Patient_ID,12,,True,True
10,LUNG1-060\STEP_11_GLCM_TEXTURE\GTV1_GLCM_Features_By_Distance_And_Orientation.csv,12,9,Patient_ID,12,,True,True
10,LUNG1-061\STEP_11_GLCM_TEXTURE\GTV1_GLCM_Features_By_Distance_And_Orientation.csv,12,9,Patient_ID,12,,True,True
10,LUNG1-062\STEP_11_GLCM_TEXTURE\GTV1_GLCM_Features_By_Distance_And_Orientation.csv,12,9,Patient_ID,12,,True,True
10,LUNG1-063\STEP_11_GLCM_TEXTURE\GTV1_GLCM_Features_By_Distance_And_Orientation.csv,12,9,Patient_ID,12,,True,True
10,LUNG1-063\STEP_12_LBP_TEXTURE\GTV1_LBP_slice_features.csv,12,7,Patient_ID,12,,True,True
10,LUNG1-064\STEP_11_GLCM_TEXTURE\GTV1_GLCM_Features_By_Distance_And_Orientation.csv,12,9,Patient_ID,12,,True,True
10,LUNG1-065\STEP_11_GLCM_TEXTURE\GTV1_GLCM_Features_By_Distance_And_Orientation.csv,12,9,Patient_ID,12,,True,True
10,LUNG1-066\STEP_11_GLCM_TEXTURE\GTV1_GLCM_Features_By_Distance_And_Orientation.csv,12,9,Patient_ID,12,,True,True
10,LUNG1-067\STEP_11_GLCM_TEXTURE\GTV1_GLCM_Features_By_Distance_And_Orientation.csv,12,9,Patient_ID,12,,True,True
10,LUNG1-068\STEP_11_GLCM_TEXTURE\GTV1_GLCM_Features_By_Distance_And_Orientation.csv,12,9,Patient_ID,12,,True,True
10,LUNG1-069\STEP_11_GLCM_TEXTURE\GTV1_GLCM_Features_By_Distance_And_Orientation.csv,12,9,Patient_ID,12,,True,True
10,LUNG1-070\STEP_11_GLCM_TEXTURE\GTV1_GLCM_Features_By_Distance_And_Orientation.csv,12,9,Patient_ID,12,,True,True
10,LUNG1-071\STEP_11_GLCM_TEXTURE\GTV1_GLCM_Features_By_Distance_And_Orientation.csv,12,9,Patient_ID,12,,True,True
10,LUNG1-072\STEP_11_GLCM_TEXTURE\GTV1_GLCM_Features_By_Distance_And_Orientation.csv,12,9,Patient_ID,12,,True,True
10,LUNG1-073\STEP_11_GLCM_TEXTURE\GTV1_GLCM_Features_By_Distance_And_Orientation.csv,12,9,Patient_ID,12,,True,True
10,LUNG1-074\STEP_11_GLCM_TEXTURE\GTV1_GLCM_Features_By_Distance_And_Orientation.csv,12,9,Patient_ID,12,,True,True
10,LUNG1-075\STEP_11_GLCM_TEXTURE\GTV1_GLCM_Features_By_Distance_And_Orientation.csv,12,9,Patient_ID,12,,True,True
10,LUNG1-076\STEP_11_GLCM_TEXTURE\GTV1_GLCM_Features_By_Distance_And_Orientation.csv,12,9,Patient_ID,12,,True,True
10,LUNG1-077\STEP_11_GLCM_TEXTURE\GTV1_GLCM_Features_By_Distance_And_Orientation.csv,12,9,Patient_ID,12,,True,True
10,LUNG1-078\STEP_11_GLCM_TEXTURE\GTV1_GLCM_Features_By_Distance_And_Orientation.csv,12,9,Patient_ID,12,,True,True
10,LUNG1-079\STEP_11_GLCM_TEXTURE\GTV1_GLCM_Features_By_Distance_And_Orientation.csv,12,9,Patient_ID,12,,True,True
10,LUNG1-080\STEP_11_GLCM_TEXTURE\GTV1_GLCM_Features_By_Distance_And_Orientation.csv,12,9,Patient_ID,12,,True,True
10,LUNG1-081\STEP_11_GLCM_TEXTURE\GTV1_GLCM_Features_By_Distance_And_Orientation.csv,12,9,Patient_ID,12,,True,True
10,LUNG1-082\STEP_11_GLCM_TEXTURE\GTV1_GLCM_Features_By_Distance_And_Orientation.csv,12,9,Patient_ID,12,,True,True
10,LUNG1-083\STEP_11_GLCM_TEXTURE\GTV1_GLCM_Features_By_Distance_And_Orientation.csv,12,9,Patient_ID,12,,True,True
10,LUNG1-084\STEP_11_GLCM_TEXTURE\GTV1_GLCM_Features_By_Distance_And_Orientation.csv,12,9,Patient_ID,12,,True,True
10,LUNG1-085\STEP_11_GLCM_TEXTURE\GTV1_GLCM_Features_By_Distance_And_Orientation.csv,12,9,Patient_ID,12,,True,True
10,LUNG1-086\STEP_11_GLCM_TEXTURE\GTV1_GLCM_Features_By_Distance_And_Orientation.csv,12,9,Patient_ID,12,,True,True
10,LUNG1-087\STEP_11_GLCM_TEXTURE\GTV1_GLCM_Features_By_Distance_And_Orientation.csv,12,9,Patient_ID,12,,True,True
10,LUNG1-088\STEP_11_GLCM_TEXTURE\GTV1_GLCM_Features_By_Distance_And_Orientation.csv,12,9,Patient_ID,12,,True,True
10,LUNG1-089\STEP_11_GLCM_TEXTURE\GTV1_GLCM_Features_By_Distance_And_Orientation.csv,12,9,Patient_ID,12,,True,True
10,LUNG1-090\STEP_11_GLCM_TEXTURE\GTV1_GLCM_Features_By_Distance_And_Orientation.csv,12,9,Patient_ID,12,,True,True
10,LUNG1-091\STEP_11_GLCM_TEXTURE\GTV1_GLCM_Features_By_Distance_And_Orientation.csv,12,9,Patient_ID,12,,True,True
10,LUNG1-092\STEP_11_GLCM_TEXTURE\GTV1_GLCM_Features_By_Distance_And_Orientation.csv,12,9,Patient_ID,12,,True,True
10,LUNG1-093\STEP_11_GLCM_TEXTURE\GTV1_GLCM_Features_By_Distance_And_Orientation.csv,12,9,Patient_ID,12,,True,True
10,LUNG1-094\STEP_11_GLCM_TEXTURE\GTV1_GLCM_Features_By_Distance_And_Orientation.csv,12,9,Patient_ID,12,,True,True
10,LUNG1-095\STEP_11_GLCM_TEXTURE\GTV1_GLCM_Features_By_Distance_And_Orientation.csv,12,9,Patient_ID,12,,True,True
10,LUNG1-096\STEP_11_GLCM_TEXTURE\GTV1_GLCM_Features_By_Distance_And_Orientation.csv,12,9,Patient_ID,12,,True,True
10,LUNG1-097\STEP_11_GLCM_TEXTURE\GTV1_GLCM_Features_By_Distance_And_Orientation.csv,12,9,Patient_ID,12,,True,True
10,LUNG1-098\STEP_11_GLCM_TEXTURE\GTV1_GLCM_Features_By_Distance_And_Orientation.csv,12,9,Patient_ID,12,,True,True
10,LUNG1-099\STEP_11_GLCM_TEXTURE\GTV1_GLCM_Features_By_Distance_And_Orientation.csv,12,9,Patient_ID,12,,True,True
10,LUNG1-100\STEP_11_GLCM_TEXTURE\GTV1_GLCM_Features_By_Distance_And_Orientation.csv,12,9,Patient_ID,12,,True,True
10,LUNG1-101\STEP_11_GLCM_TEXTURE\GTV1_GLCM_Features_By_Distance_And_Orientation.csv,12,9,Patient_ID,12,,True,True
10,LUNG1-102\STEP_11_GLCM_TEXTURE\GTV1_GLCM_Features_By_Distance_And_Orientation.csv,12,9,Patient_ID,12,,True,True
10,LUNG1-102\STEP_12_LBP_TEXTURE\GTV1_LBP_slice_features.csv,12,7,Patient_ID,12,,True,True
10,LUNG1-103\STEP_11_GLCM_TEXTURE\GTV1_GLCM_Features_By_Distance_And_Orientation.csv,12,9,Patient_ID,12,,True,True
10,LUNG1-104\STEP_11_GLCM_TEXTURE\GTV1_GLCM_Features_By_Distance_And_Orientation.csv,12,9,Patient_ID,12,,True,True
10,LUNG1-105\STEP_11_GLCM_TEXTURE\GTV1_GLCM_Features_By_Distance_And_Orientation.csv,12,9,Patient_ID,12,,True,True
10,LUNG1-106\STEP_11_GLCM_TEXTURE\GTV1_GLCM_Features_By_Distance_And_Orientation.csv,12,9,Patient_ID,12,,True,True
10,LUNG1-107\STEP_11_GLCM_TEXTURE\GTV1_GLCM_Features_By_Distance_And_Orientation.csv,12,9,Patient_ID,12,,True,True
10,LUNG1-108\STEP_11_GLCM_TEXTURE\GTV1_GLCM_Features_By_Distance_And_Orientation.csv,12,9,Patient_ID,12,,True,True
10,LUNG1-109\STEP_11_GLCM_TEXTURE\GTV1_GLCM_Features_By_Distance_And_Orientation.csv,12,9,Patient_ID,12,,True,True
10,LUNG1-110\STEP_11_GLCM_TEXTURE\GTV1_GLCM_Features_By_Distance_And_Orientation.csv,12,9,Patient_ID,12,,True,True
10,LUNG1-111\STEP_11_GLCM_TEXTURE\GTV1_GLCM_Features_By_Distance_And_Orientation.csv,12,9,Patient_ID,12,,True,True
10,LUNG1-112\STEP_11_GLCM_TEXTURE\GTV1_GLCM_Features_By_Distance_And_Orientation.csv,12,9,Patient_ID,12,,True,True
10,LUNG1-112\STEP_12_LBP_TEXTURE\GTV1_LBP_slice_features.csv,12,7,Patient_ID,12,,True,True
10,LUNG1-113\STEP_11_GLCM_TEXTURE\GTV1_GLCM_Features_By_Distance_And_Orientation.csv,12,9,Patient_ID,12,,True,True
10,LUNG1-114\STEP_11_GLCM_TEXTURE\GTV1_GLCM_Features_By_Distance_And_Orientation.csv,12,9,Patient_ID,12,,True,True
10,LUNG1-115\STEP_11_GLCM_TEXTURE\GTV1_GLCM_Features_By_Distance_And_Orientation.csv,12,9,Patient_ID,12,,True,True
10,LUNG1-116\STEP_11_GLCM_TEXTURE\GTV1_GLCM_Features_By_Distance_And_Orientation.csv,12,9,Patient_ID,12,,True,True
10,LUNG1-117\STEP_11_GLCM_TEXTURE\GTV1_GLCM_Features_By_Distance_And_Orientation.csv,12,9,Patient_ID,12,,True,True
10,LUNG1-118\STEP_11_GLCM_TEXTURE\GTV1_GLCM_Features_By_Distance_And_Orientation.csv,12,9,Patient_ID,12,,True,True
10,LUNG1-119\STEP_11_GLCM_TEXTURE\GTV1_GLCM_Features_By_Distance_And_Orientation.csv,12,9,Patient_ID,12,,True,True
10,LUNG1-120\STEP_11_GLCM_TEXTURE\GTV1_GLCM_Features_By_Distance_And_Orientation.csv,12,9,Patient_ID,12,,True,True
10,LUNG1-121\STEP_11_GLCM_TEXTURE\GTV1_GLCM_Features_By_Distance_And_Orientation.csv,12,9,Patient_ID,12,,True,True
10,LUNG1-122\STEP_11_GLCM_TEXTURE\GTV1_GLCM_Features_By_Distance_And_Orientation.csv,12,9,Patient_ID,12,,True,True
10,LUNG1-123\STEP_11_GLCM_TEXTURE\GTV1_GLCM_Features_By_Distance_And_Orientation.csv,12,9,Patient_ID,12,,True,True
10,LUNG1-124\STEP_11_GLCM_TEXTURE\GTV1_GLCM_Features_By_Distance_And_Orientation.csv,12,9,Patient_ID,12,,True,True
10,LUNG1-125\STEP_11_GLCM_TEXTURE\GTV1_GLCM_Features_By_Distance_And_Orientation.csv,12,9,Patient_ID,12,,True,True
10,LUNG1-126\STEP_11_GLCM_TEXTURE\GTV1_GLCM_Features_By_Distance_And_Orientation.csv,12,9,Patient_ID,12,,True,True
10,LUNG1-127\STEP_11_GLCM_TEXTURE\GTV1_GLCM_Features_By_Distance_And_Orientation.csv,12,9,Patient_ID,12,,True,True
10,LUNG1-129\STEP_11_GLCM_TEXTURE\GTV1_GLCM_Features_By_Distance_And_Orientation.csv,12,9,Patient_ID,12,,True,True
10,LUNG1-130\STEP_11_GLCM_TEXTURE\GTV1_GLCM_Features_By_Distance_And_Orientation.csv,12,9,Patient_ID,12,,True,True
10,LUNG1-131\STEP_11_GLCM_TEXTURE\GTV1_GLCM_Features_By_Distance_And_Orientation.csv,12,9,Patient_ID,12,,True,True
10,LUNG1-132\STEP_11_GLCM_TEXTURE\GTV1_GLCM_Features_By_Distance_And_Orientation.csv,12,9,Patient_ID,12,,True,True
10,LUNG1-133\STEP_11_GLCM_TEXTURE\GTV1_GLCM_Features_By_Distance_And_Orientation.csv,12,9,Patient_ID,12,,True,True
10,LUNG1-134\STEP_11_GLCM_TEXTURE\GTV1_GLCM_Features_By_Distance_And_Orientation.csv,12,9,Patient_ID,12,,True,True
10,LUNG1-135\STEP_11_GLCM_TEXTURE\GTV1_GLCM_Features_By_Distance_And_Orientation.csv,12,9,Patient_ID,12,,True,True
10,LUNG1-136\STEP_11_GLCM_TEXTURE\GTV1_GLCM_Features_By_Distance_And_Orientation.csv,12,9,Patient_ID,12,,True,True
10,LUNG1-137\STEP_11_GLCM_TEXTURE\GTV1_GLCM_Features_By_Distance_And_Orientation.csv,12,9,Patient_ID,12,,True,True
10,LUNG1-138\STEP_11_GLCM_TEXTURE\GTV1_GLCM_Features_By_Distance_And_Orientation.csv,12,9,Patient_ID,12,,True,True
10,LUNG1-139\STEP_11_GLCM_TEXTURE\GTV1_GLCM_Features_By_Distance_And_Orientation.csv,12,9,Patient_ID,12,,True,True
10,LUNG1-140\STEP_11_GLCM_TEXTURE\GTV1_GLCM_Features_By_Distance_And_Orientation.csv,12,9,Patient_ID,12,,True,True
10,LUNG1-141\STEP_11_GLCM_TEXTURE\GTV1_GLCM_Features_By_Distance_And_Orientation.csv,12,9,Patient_ID,12,,True,True
10,LUNG1-142\STEP_11_GLCM_TEXTURE\GTV1_GLCM_Features_By_Distance_And_Orientation.csv,12,9,Patient_ID,12,,True,True
10,LUNG1-143\STEP_11_GLCM_TEXTURE\GTV1_GLCM_Features_By_Distance_And_Orientation.csv,12,9,Patient_ID,12,,True,True
10,LUNG1-144\STEP_11_GLCM_TEXTURE\GTV1_GLCM_Features_By_Distance_And_Orientation.csv,12,9,Patient_ID,12,,True,True
10,LUNG1-145\STEP_11_GLCM_TEXTURE\GTV1_GLCM_Features_By_Distance_And_Orientation.csv,12,9,Patient_ID,12,,True,True
10,LUNG1-146\STEP_11_GLCM_TEXTURE\GTV1_GLCM_Features_By_Distance_And_Orientation.csv,12,9,Patient_ID,12,,True,True
10,LUNG1-147\STEP_11_GLCM_TEXTURE\GTV1_GLCM_Features_By_Distance_And_Orientation.csv,12,9,Patient_ID,12,,True,True
10,LUNG1-148\STEP_11_GLCM_TEXTURE\GTV1_GLCM_Features_By_Distance_And_Orientation.csv,12,9,Patient_ID,12,,True,True
10,LUNG1-149\STEP_11_GLCM_TEXTURE\GTV1_GLCM_Features_By_Distance_And_Orientation.csv,12,9,Patient_ID,12,,True,True
10,LUNG1-150\STEP_11_GLCM_TEXTURE\GTV1_GLCM_Features_By_Distance_And_Orientation.csv,12,9,Patient_ID,12,,True,True
10,LUNG1-151\STEP_11_GLCM_TEXTURE\GTV1_GLCM_Features_By_Distance_And_Orientation.csv,12,9,Patient_ID,12,,True,True
10,LUNG1-152\STEP_11_GLCM_TEXTURE\GTV1_GLCM_Features_By_Distance_And_Orientation.csv,12,9,Patient_ID,12,,True,True
10,LUNG1-153\STEP_11_GLCM_TEXTURE\GTV1_GLCM_Features_By_Distance_And_Orientation.csv,12,9,Patient_ID,12,,True,True
10,LUNG1-154\STEP_11_GLCM_TEXTURE\GTV1_GLCM_Features_By_Distance_And_Orientation.csv,12,9,Patient_ID,12,,True,True
10,LUNG1-155\STEP_11_GLCM_TEXTURE\GTV1_GLCM_Features_By_Distance_And_Orientation.csv,12,9,Patient_ID,12,,True,True
10,LUNG1-156\STEP_11_GLCM_TEXTURE\GTV1_GLCM_Features_By_Distance_And_Orientation.csv,12,9,Patient_ID,12,,True,True
10,LUNG1-157\STEP_11_GLCM_TEXTURE\GTV1_GLCM_Features_By_Distance_And_Orientation.csv,12,9,Patient_ID,12,,True,True
10,LUNG1-158\STEP_11_GLCM_TEXTURE\GTV1_GLCM_Features_By_Distance_And_Orientation.csv,12,9,Patient_ID,12,,True,True
10,LUNG1-159\STEP_11_GLCM_TEXTURE\GTV1_GLCM_Features_By_Distance_And_Orientation.csv,12,9,Patient_ID,12,,True,True
10,LUNG1-160\STEP_11_GLCM_TEXTURE\GTV1_GLCM_Features_By_Distance_And_Orientation.csv,12,9,Patient_ID,12,,True,True
10,LUNG1-161\STEP_11_GLCM_TEXTURE\GTV1_GLCM_Features_By_Distance_And_Orientation.csv,12,9,Patient_ID,12,,True,True
10,LUNG1-162\STEP_11_GLCM_TEXTURE\GTV1_GLCM_Features_By_Distance_And_Orientation.csv,12,9,Patient_ID,12,,True,True
10,LUNG1-163\STEP_11_GLCM_TEXTURE\GTV1_GLCM_Features_By_Distance_And_Orientation.csv,12,9,Patient_ID,12,,True,True
10,LUNG1-164\STEP_11_GLCM_TEXTURE\GTV1_GLCM_Features_By_Distance_And_Orientation.csv,12,9,Patient_ID,12,,True,True
10,LUNG1-165\STEP_11_GLCM_TEXTURE\GTV1_GLCM_Features_By_Distance_And_Orientation.csv,12,9,Patient_ID,12,,True,True
10,LUNG1-166\STEP_11_GLCM_TEXTURE\GTV1_GLCM_Features_By_Distance_And_Orientation.csv,12,9,Patient_ID,12,,True,True
10,LUNG1-167\STEP_11_GLCM_TEXTURE\GTV1_GLCM_Features_By_Distance_And_Orientation.csv,12,9,Patient_ID,12,,True,True
10,LUNG1-168\STEP_11_GLCM_TEXTURE\GTV1_GLCM_Features_By_Distance_And_Orientation.csv,12,9,Patient_ID,12,,True,True
10,LUNG1-169\STEP_11_GLCM_TEXTURE\GTV1_GLCM_Features_By_Distance_And_Orientation.csv,12,9,Patient_ID,12,,True,True
10,LUNG1-170\STEP_11_GLCM_TEXTURE\GTV1_GLCM_Features_By_Distance_And_Orientation.csv,12,9,Patient_ID,12,,True,True
10,LUNG1-171\STEP_11_GLCM_TEXTURE\GTV1_GLCM_Features_By_Distance_And_Orientation.csv,12,9,Patient_ID,12,,True,True
10,LUNG1-172\STEP_11_GLCM_TEXTURE\GTV1_GLCM_Features_By_Distance_And_Orientation.csv,12,9,Patient_ID,12,,True,True
10,LUNG1-173\STEP_11_GLCM_TEXTURE\GTV1_GLCM_Features_By_Distance_And_Orientation.csv,12,9,Patient_ID,12,,True,True
10,LUNG1-174\STEP_11_GLCM_TEXTURE\GTV1_GLCM_Features_By_Distance_And_Orientation.csv,12,9,Patient_ID,12,,True,True
10,LUNG1-175\STEP_11_GLCM_TEXTURE\GTV1_GLCM_Features_By_Distance_And_Orientation.csv,12,9,Patient_ID,12,,True,True
10,LUNG1-176\STEP_11_GLCM_TEXTURE\GTV1_GLCM_Features_By_Distance_And_Orientation.csv,12,9,Patient_ID,12,,True,True
10,LUNG1-177\STEP_11_GLCM_TEXTURE\GTV1_GLCM_Features_By_Distance_And_Orientation.csv,12,9,Patient_ID,12,,True,True
10,LUNG1-178\STEP_11_GLCM_TEXTURE\GTV1_GLCM_Features_By_Distance_And_Orientation.csv,12,9,Patient_ID,12,,True,True
10,LUNG1-179\STEP_11_GLCM_TEXTURE\GTV1_GLCM_Features_By_Distance_And_Orientation.csv,12,9,Patient_ID,12,,True,True
10,LUNG1-180\STEP_11_GLCM_TEXTURE\GTV1_GLCM_Features_By_Distance_And_Orientation.csv,12,9,Patient_ID,12,,True,True
10,LUNG1-181\STEP_11_GLCM_TEXTURE\GTV1_GLCM_Features_By_Distance_And_Orientation.csv,12,9,Patient_ID,12,,True,True
10,LUNG1-182\STEP_11_GLCM_TEXTURE\GTV1_GLCM_Features_By_Distance_And_Orientation.csv,12,9,Patient_ID,12,,True,True
10,LUNG1-183\STEP_11_GLCM_TEXTURE\GTV1_GLCM_Features_By_Distance_And_Orientation.csv,12,9,Patient_ID,12,,True,True
10,LUNG1-184\STEP_11_GLCM_TEXTURE\GTV1_GLCM_Features_By_Distance_And_Orientation.csv,12,9,Patient_ID,12,,True,True
10,LUNG1-185\STEP_11_GLCM_TEXTURE\GTV1_GLCM_Features_By_Distance_And_Orientation.csv,12,9,Patient_ID,12,,True,True
10,LUNG1-186\STEP_11_GLCM_TEXTURE\GTV1_GLCM_Features_By_Distance_And_Orientation.csv,12,9,Patient_ID,12,,True,True
10,LUNG1-187\STEP_11_GLCM_TEXTURE\GTV1_GLCM_Features_By_Distance_And_Orientation.csv,12,9,Patient_ID,12,,True,True
10,LUNG1-187\STEP_12_LBP_TEXTURE\GTV1_LBP_slice_features.csv,12,7,Patient_ID,12,,True,True
10,LUNG1-188\STEP_11_GLCM_TEXTURE\GTV1_GLCM_Features_By_Distance_And_Orientation.csv,12,9,Patient_ID,12,,True,True
10,LUNG1-189\STEP_11_GLCM_TEXTURE\GTV1_GLCM_Features_By_Distance_And_Orientation.csv,12,9,Patient_ID,12,,True,True
10,LUNG1-190\STEP_11_GLCM_TEXTURE\GTV1_GLCM_Features_By_Distance_And_Orientation.csv,12,9,Patient_ID,12,,True,True
10,LUNG1-191\STEP_11_GLCM_TEXTURE\GTV1_GLCM_Features_By_Distance_And_Orientation.csv,12,9,Patient_ID,12,,True,True
10,LUNG1-192\STEP_11_GLCM_TEXTURE\GTV1_GLCM_Features_By_Distance_And_Orientation.csv,12,9,Patient_ID,12,,True,True
10,LUNG1-193\STEP_11_GLCM_TEXTURE\GTV1_GLCM_Features_By_Distance_And_Orientation.csv,12,9,Patient_ID,12,,True,True
10,LUNG1-194\STEP_11_GLCM_TEXTURE\GTV1_GLCM_Features_By_Distance_And_Orientation.csv,12,9,Patient_ID,12,,True,True
10,LUNG1-195\STEP_11_GLCM_TEXTURE\GTV1_GLCM_Features_By_Distance_And_Orientation.csv,12,9,Patient_ID,12,,True,True
10,LUNG1-196\STEP_11_GLCM_TEXTURE\GTV1_GLCM_Features_By_Distance_And_Orientation.csv,12,9,Patient_ID,12,,True,True
10,LUNG1-197\STEP_11_GLCM_TEXTURE\GTV1_GLCM_Features_By_Distance_And_Orientation.csv,12,9,Patient_ID,12,,True,True
10,LUNG1-198\STEP_11_GLCM_TEXTURE\GTV1_GLCM_Features_By_Distance_And_Orientation.csv,12,9,Patient_ID,12,,True,True
10,LUNG1-199\STEP_11_GLCM_TEXTURE\GTV1_GLCM_Features_By_Distance_And_Orientation.csv,12,9,Patient_ID,12,,True,True
10,LUNG1-200\STEP_11_GLCM_TEXTURE\GTV1_GLCM_Features_By_Distance_And_Orientation.csv,12,9,Patient_ID,12,,True,True
10,LUNG1-201\STEP_11_GLCM_TEXTURE\GTV1_GLCM_Features_By_Distance_And_Orientation.csv,12,9,Patient_ID,12,,True,True
10,LUNG1-202\STEP_11_GLCM_TEXTURE\GTV1_GLCM_Features_By_Distance_And_Orientation.csv,12,9,Patient_ID,12,,True,True
10,LUNG1-203\STEP_11_GLCM_TEXTURE\GTV1_GLCM_Features_By_Distance_And_Orientation.csv,12,9,Patient_ID,12,,True,True
10,LUNG1-204\STEP_11_GLCM_TEXTURE\GTV1_GLCM_Features_By_Distance_And_Orientation.csv,12,9,Patient_ID,12,,True,True
10,LUNG1-205\STEP_11_GLCM_TEXTURE\GTV1_GLCM_Features_By_Distance_And_Orientation.csv,12,9,Patient_ID,12,,True,True
10,LUNG1-206\STEP_11_GLCM_TEXTURE\GTV1_GLCM_Features_By_Distance_And_Orientation.csv,12,9,Patient_ID,12,,True,True
10,LUNG1-207\STEP_11_GLCM_TEXTURE\GTV1_GLCM_Features_By_Distance_And_Orientation.csv,12,9,Patient_ID,12,,True,True
10,LUNG1-208\STEP_11_GLCM_TEXTURE\GTV1_GLCM_Features_By_Distance_And_Orientation.csv,12,9,Patient_ID,12,,True,True
10,LUNG1-209\STEP_11_GLCM_TEXTURE\GTV1_GLCM_Features_By_Distance_And_Orientation.csv,12,9,Patient_ID,12,,True,True
10,LUNG1-210\STEP_11_GLCM_TEXTURE\GTV1_GLCM_Features_By_Distance_And_Orientation.csv,12,9,Patient_ID,12,,True,True
10,LUNG1-211\STEP_11_GLCM_TEXTURE\GTV1_GLCM_Features_By_Distance_And_Orientation.csv,12,9,Patient_ID,12,,True,True
10,LUNG1-212\STEP_11_GLCM_TEXTURE\GTV1_GLCM_Features_By_Distance_And_Orientation.csv,12,9,Patient_ID,12,,True,True
10,LUNG1-213\STEP_11_GLCM_TEXTURE\GTV1_GLCM_Features_By_Distance_And_Orientation.csv,12,9,Patient_ID,12,,True,True
10,LUNG1-214\STEP_11_GLCM_TEXTURE\GTV1_GLCM_Features_By_Distance_And_Orientation.csv,12,9,Patient_ID,12,,True,True
10,LUNG1-215\STEP_11_GLCM_TEXTURE\GTV1_GLCM_Features_By_Distance_And_Orientation.csv,12,9,Patient_ID,12,,True,True
10,LUNG1-216\STEP_11_GLCM_TEXTURE\GTV1_GLCM_Features_By_Distance_And_Orientation.csv,12,9,Patient_ID,12,,True,True
10,LUNG1-217\STEP_11_GLCM_TEXTURE\GTV1_GLCM_Features_By_Distance_And_Orientation.csv,12,9,Patient_ID,12,,True,True
10,LUNG1-218\STEP_11_GLCM_TEXTURE\GTV1_GLCM_Features_By_Distance_And_Orientation.csv,12,9,Patient_ID,12,,True,True
10,LUNG1-219\STEP_11_GLCM_TEXTURE\GTV1_GLCM_Features_By_Distance_And_Orientation.csv,12,9,Patient_ID,12,,True,True
10,LUNG1-220\STEP_11_GLCM_TEXTURE\GTV1_GLCM_Features_By_Distance_And_Orientation.csv,12,9,Patient_ID,12,,True,True
10,LUNG1-221\STEP_11_GLCM_TEXTURE\GTV1_GLCM_Features_By_Distance_And_Orientation.csv,12,9,Patient_ID,12,,True,True
10,LUNG1-222\STEP_11_GLCM_TEXTURE\GTV1_GLCM_Features_By_Distance_And_Orientation.csv,12,9,Patient_ID,12,,True,True
10,LUNG1-222\STEP_12_LBP_TEXTURE\GTV1_LBP_slice_features.csv,12,7,Patient_ID,12,,True,True
10,LUNG1-223\STEP_11_GLCM_TEXTURE\GTV1_GLCM_Features_By_Distance_And_Orientation.csv,12,9,Patient_ID,12,,True,True
10,LUNG1-223\STEP_12_LBP_TEXTURE\GTV1_LBP_slice_features.csv,12,7,Patient_ID,12,,True,True
10,LUNG1-224\STEP_11_GLCM_TEXTURE\GTV1_GLCM_Features_By_Distance_And_Orientation.csv,12,9,Patient_ID,12,,True,True
10,LUNG1-225\STEP_11_GLCM_TEXTURE\GTV1_GLCM_Features_By_Distance_And_Orientation.csv,12,9,Patient_ID,12,,True,True
10,LUNG1-226\STEP_11_GLCM_TEXTURE\GTV1_GLCM_Features_By_Distance_And_Orientation.csv,12,9,Patient_ID,12,,True,True
10,LUNG1-227\STEP_11_GLCM_TEXTURE\GTV1_GLCM_Features_By_Distance_And_Orientation.csv,12,9,Patient_ID,12,,True,True
10,LUNG1-227\STEP_12_LBP_TEXTURE\GTV1_LBP_slice_features.csv,12,7,Patient_ID,12,,True,True
10,LUNG1-228\STEP_11_GLCM_TEXTURE\GTV1_GLCM_Features_By_Distance_And_Orientation.csv,12,9,Patient_ID,12,,True,True
10,LUNG1-229\STEP_11_GLCM_TEXTURE\GTV1_GLCM_Features_By_Distance_And_Orientation.csv,12,9,Patient_ID,12,,True,True
10,LUNG1-230\STEP_11_GLCM_TEXTURE\GTV1_GLCM_Features_By_Distance_And_Orientation.csv,12,9,Patient_ID,12,,True,True
10,LUNG1-231\STEP_11_GLCM_TEXTURE\GTV1_GLCM_Features_By_Distance_And_Orientation.csv,12,9,Patient_ID,12,,True,True
10,LUNG1-232\STEP_11_GLCM_TEXTURE\GTV1_GLCM_Features_By_Distance_And_Orientation.csv,12,9,Patient_ID,12,,True,True
10,LUNG1-233\STEP_11_GLCM_TEXTURE\GTV1_GLCM_Features_By_Distance_And_Orientation.csv,12,9,Patient_ID,12,,True,True
10,LUNG1-234\STEP_11_GLCM_TEXTURE\GTV1_GLCM_Features_By_Distance_And_Orientation.csv,12,9,Patient_ID,12,,True,True
10,LUNG1-235\STEP_11_GLCM_TEXTURE\GTV1_GLCM_Features_By_Distance_And_Orientation.csv,12,9,Patient_ID,12,,True,True
10,LUNG1-236\STEP_11_GLCM_TEXTURE\GTV1_GLCM_Features_By_Distance_And_Orientation.csv,12,9,Patient_ID,12,,True,True
10,LUNG1-237\STEP_11_GLCM_TEXTURE\GTV1_GLCM_Features_By_Distance_And_Orientation.csv,12,9,Patient_ID,12,,True,True
10,LUNG1-238\STEP_11_GLCM_TEXTURE\GTV1_GLCM_Features_By_Distance_And_Orientation.csv,12,9,Patient_ID,12,,True,True
10,LUNG1-239\STEP_11_GLCM_TEXTURE\GTV1_GLCM_Features_By_Distance_And_Orientation.csv,12,9,Patient_ID,12,,True,True
10,LUNG1-240\STEP_11_GLCM_TEXTURE\GTV1_GLCM_Features_By_Distance_And_Orientation.csv,12,9,Patient_ID,12,,True,True
10,LUNG1-241\STEP_11_GLCM_TEXTURE\GTV1_GLCM_Features_By_Distance_And_Orientation.csv,12,9,Patient_ID,12,,True,True
10,LUNG1-242\STEP_11_GLCM_TEXTURE\GTV1_GLCM_Features_By_Distance_And_Orientation.csv,12,9,Patient_ID,12,,True,True
10,LUNG1-243\STEP_11_GLCM_TEXTURE\GTV1_GLCM_Features_By_Distance_And_Orientation.csv,12,9,Patient_ID,12,,True,True
10,LUNG1-244\STEP_11_GLCM_TEXTURE\GTV1_GLCM_Features_By_Distance_And_Orientation.csv,12,9,Patient_ID,12,,True,True
10,LUNG1-245\STEP_11_GLCM_TEXTURE\GTV1_GLCM_Features_By_Distance_And_Orientation.csv,12,9,Patient_ID,12,,True,True
10,LUNG1-246\STEP_11_GLCM_TEXTURE\GTV1_GLCM_Features_By_Distance_And_Orientation.csv,12,9,Patient_ID,12,,True,True
10,LUNG1-247\STEP_11_GLCM_TEXTURE\GTV1_GLCM_Features_By_Distance_And_Orientation.csv,12,9,Patient_ID,12,,True,True
10,LUNG1-248\STEP_11_GLCM_TEXTURE\GTV1_GLCM_Features_By_Distance_And_Orientation.csv,12,9,Patient_ID,12,,True,True
10,LUNG1-249\STEP_11_GLCM_TEXTURE\GTV1_GLCM_Features_By_Distance_And_Orientation.csv,12,9,Patient_ID,12,,True,True
10,LUNG1-250\STEP_11_GLCM_TEXTURE\GTV1_GLCM_Features_By_Distance_And_Orientation.csv,12,9,Patient_ID,12,,True,True
10,LUNG1-251\STEP_11_GLCM_TEXTURE\GTV1_GLCM_Features_By_Distance_And_Orientation.csv,12,9,Patient_ID,12,,True,True
10,LUNG1-252\STEP_11_GLCM_TEXTURE\GTV1_GLCM_Features_By_Distance_And_Orientation.csv,12,9,Patient_ID,12,,True,True
10,LUNG1-253\STEP_11_GLCM_TEXTURE\GTV1_GLCM_Features_By_Distance_And_Orientation.csv,12,9,Patient_ID,12,,True,True
10,LUNG1-254\STEP_11_GLCM_TEXTURE\GTV1_GLCM_Features_By_Distance_And_Orientation.csv,12,9,Patient_ID,12,,True,True
10,LUNG1-255\STEP_11_GLCM_TEXTURE\GTV1_GLCM_Features_By_Distance_And_Orientation.csv,12,9,Patient_ID,12,,True,True
10,LUNG1-256\STEP_11_GLCM_TEXTURE\GTV1_GLCM_Features_By_Distance_And_Orientation.csv,12,9,Patient_ID,12,,True,True
10,LUNG1-257\STEP_11_GLCM_TEXTURE\GTV1_GLCM_Features_By_Distance_And_Orientation.csv,12,9,Patient_ID,12,,True,True
10,LUNG1-258\STEP_11_GLCM_TEXTURE\GTV1_GLCM_Features_By_Distance_And_Orientation.csv,12,9,Patient_ID,12,,True,True
10,LUNG1-259\STEP_11_GLCM_TEXTURE\GTV1_GLCM_Features_By_Distance_And_Orientation.csv,12,9,Patient_ID,12,,True,True
10,LUNG1-260\STEP_11_GLCM_TEXTURE\GTV1_GLCM_Features_By_Distance_And_Orientation.csv,12,9,Patient_ID,12,,True,True
10,LUNG1-261\STEP_11_GLCM_TEXTURE\GTV1_GLCM_Features_By_Distance_And_Orientation.csv,12,9,Patient_ID,12,,True,True
10,LUNG1-262\STEP_11_GLCM_TEXTURE\GTV1_GLCM_Features_By_Distance_And_Orientation.csv,12,9,Patient_ID,12,,True,True
10,LUNG1-263\STEP_11_GLCM_TEXTURE\GTV1_GLCM_Features_By_Distance_And_Orientation.csv,12,9,Patient_ID,12,,True,True
10,LUNG1-264\STEP_11_GLCM_TEXTURE\GTV1_GLCM_Features_By_Distance_And_Orientation.csv,12,9,Patient_ID,12,,True,True
10,LUNG1-265\STEP_11_GLCM_TEXTURE\GTV1_GLCM_Features_By_Distance_And_Orientation.csv,12,9,Patient_ID,12,,True,True
10,LUNG1-266\STEP_11_GLCM_TEXTURE\GTV1_GLCM_Features_By_Distance_And_Orientation.csv,12,9,Patient_ID,12,,True,True
10,LUNG1-267\STEP_11_GLCM_TEXTURE\GTV1_GLCM_Features_By_Distance_And_Orientation.csv,12,9,Patient_ID,12,,True,True
10,LUNG1-268\STEP_11_GLCM_TEXTURE\GTV1_GLCM_Features_By_Distance_And_Orientation.csv,12,9,Patient_ID,12,,True,True
10,LUNG1-269\STEP_11_GLCM_TEXTURE\GTV1_GLCM_Features_By_Distance_And_Orientation.csv,12,9,Patient_ID,12,,True,True
10,LUNG1-270\STEP_11_GLCM_TEXTURE\GTV1_GLCM_Features_By_Distance_And_Orientation.csv,12,9,Patient_ID,12,,True,True
10,LUNG1-271\STEP_11_GLCM_TEXTURE\GTV1_GLCM_Features_By_Distance_And_Orientation.csv,12,9,Patient_ID,12,,True,True
10,LUNG1-272\STEP_11_GLCM_TEXTURE\GTV1_GLCM_Features_By_Distance_And_Orientation.csv,12,9,Patient_ID,12,,True,True
10,LUNG1-273\STEP_11_GLCM_TEXTURE\GTV1_GLCM_Features_By_Distance_And_Orientation.csv,12,9,Patient_ID,12,,True,True
10,LUNG1-274\STEP_11_GLCM_TEXTURE\GTV1_GLCM_Features_By_Distance_And_Orientation.csv,12,9,Patient_ID,12,,True,True
10,LUNG1-275\STEP_11_GLCM_TEXTURE\GTV1_GLCM_Features_By_Distance_And_Orientation.csv,12,9,Patient_ID,12,,True,True
10,LUNG1-276\STEP_11_GLCM_TEXTURE\GTV1_GLCM_Features_By_Distance_And_Orientation.csv,12,9,Patient_ID,12,,True,True
10,LUNG1-277\STEP_11_GLCM_TEXTURE\GTV1_GLCM_Features_By_Distance_And_Orientation.csv,12,9,Patient_ID,12,,True,True
10,LUNG1-278\STEP_11_GLCM_TEXTURE\GTV1_GLCM_Features_By_Distance_And_Orientation.csv,12,9,Patient_ID,12,,True,True
10,LUNG1-279\STEP_11_GLCM_TEXTURE\GTV1_GLCM_Features_By_Distance_And_Orientation.csv,12,9,Patient_ID,12,,True,True
10,LUNG1-280\STEP_11_GLCM_TEXTURE\GTV1_GLCM_Features_By_Distance_And_Orientation.csv,12,9,Patient_ID,12,,True,True
10,LUNG1-281\STEP_11_GLCM_TEXTURE\GTV1_GLCM_Features_By_Distance_And_Orientation.csv,12,9,Patient_ID,12,,True,True
10,LUNG1-282\STEP_11_GLCM_TEXTURE\GTV1_GLCM_Features_By_Distance_And_Orientation.csv,12,9,Patient_ID,12,,True,True
10,LUNG1-283\STEP_11_GLCM_TEXTURE\GTV1_GLCM_Features_By_Distance_And_Orientation.csv,12,9,Patient_ID,12,,True,True
10,LUNG1-284\STEP_11_GLCM_TEXTURE\GTV1_GLCM_Features_By_Distance_And_Orientation.csv,12,9,Patient_ID,12,,True,True
10,LUNG1-285\STEP_11_GLCM_TEXTURE\GTV1_GLCM_Features_By_Distance_And_Orientation.csv,12,9,Patient_ID,12,,True,True
10,LUNG1-286\STEP_11_GLCM_TEXTURE\GTV1_GLCM_Features_By_Distance_And_Orientation.csv,12,9,Patient_ID,12,,True,True
10,LUNG1-287\STEP_11_GLCM_TEXTURE\GTV1_GLCM_Features_By_Distance_And_Orientation.csv,12,9,Patient_ID,12,,True,True
10,LUNG1-288\STEP_11_GLCM_TEXTURE\GTV1_GLCM_Features_By_Distance_And_Orientation.csv,12,9,Patient_ID,12,,True,True
10,LUNG1-289\STEP_11_GLCM_TEXTURE\GTV1_GLCM_Features_By_Distance_And_Orientation.csv,12,9,Patient_ID,12,,True,True
10,LUNG1-290\STEP_11_GLCM_TEXTURE\GTV1_GLCM_Features_By_Distance_And_Orientation.csv,12,9,Patient_ID,12,,True,True
10,LUNG1-291\STEP_11_GLCM_TEXTURE\GTV1_GLCM_Features_By_Distance_And_Orientation.csv,12,9,Patient_ID,12,,True,True
10,LUNG1-292\STEP_11_GLCM_TEXTURE\GTV1_GLCM_Features_By_Distance_And_Orientation.csv,12,9,Patient_ID,12,,True,True
10,LUNG1-293\STEP_11_GLCM_TEXTURE\GTV1_GLCM_Features_By_Distance_And_Orientation.csv,12,9,Patient_ID,12,,True,True
10,LUNG1-294\STEP_11_GLCM_TEXTURE\GTV1_GLCM_Features_By_Distance_And_Orientation.csv,12,9,Patient_ID,12,,True,True
10,LUNG1-295\STEP_11_GLCM_TEXTURE\GTV1_GLCM_Features_By_Distance_And_Orientation.csv,12,9,Patient_ID,12,,True,True
10,LUNG1-296\STEP_11_GLCM_TEXTURE\GTV1_GLCM_Features_By_Distance_And_Orientation.csv,12,9,Patient_ID,12,,True,True
10,LUNG1-297\STEP_11_GLCM_TEXTURE\GTV1_GLCM_Features_By_Distance_And_Orientation.csv,12,9,Patient_ID,12,,True,True
10,LUNG1-298\STEP_11_GLCM_TEXTURE\GTV1_GLCM_Features_By_Distance_And_Orientation.csv,12,9,Patient_ID,12,,True,True
10,LUNG1-299\STEP_11_GLCM_TEXTURE\GTV1_GLCM_Features_By_Distance_And_Orientation.csv,12,9,Patient_ID,12,,True,True
10,LUNG1-300\STEP_11_GLCM_TEXTURE\GTV1_GLCM_Features_By_Distance_And_Orientation.csv,12,9,Patient_ID,12,,True,True
10,LUNG1-301\STEP_11_GLCM_TEXTURE\GTV1_GLCM_Features_By_Distance_And_Orientation.csv,12,9,Patient_ID,12,,True,True
10,LUNG1-302\STEP_11_GLCM_TEXTURE\GTV1_GLCM_Features_By_Distance_And_Orientation.csv,12,9,Patient_ID,12,,True,True
10,LUNG1-302\STEP_12_LBP_TEXTURE\GTV1_LBP_slice_features.csv,12,7,Patient_ID,12,,True,True
10,LUNG1-303\STEP_11_GLCM_TEXTURE\GTV1_GLCM_Features_By_Distance_And_Orientation.csv,12,9,Patient_ID,12,,True,True
10,LUNG1-304\STEP_11_GLCM_TEXTURE\GTV1_GLCM_Features_By_Distance_And_Orientation.csv,12,9,Patient_ID,12,,True,True
10,LUNG1-305\STEP_11_GLCM_TEXTURE\GTV1_GLCM_Features_By_Distance_And_Orientation.csv,12,9,Patient_ID,12,,True,True
10,LUNG1-306\STEP_11_GLCM_TEXTURE\GTV1_GLCM_Features_By_Distance_And_Orientation.csv,12,9,Patient_ID,12,,True,True
10,LUNG1-306\STEP_12_LBP_TEXTURE\GTV1_LBP_slice_features.csv,12,7,Patient_ID,12,,True,True
10,LUNG1-307\STEP_11_GLCM_TEXTURE\GTV1_GLCM_Features_By_Distance_And_Orientation.csv,12,9,Patient_ID,12,,True,True
10,LUNG1-308\STEP_11_GLCM_TEXTURE\GTV1_GLCM_Features_By_Distance_And_Orientation.csv,12,9,Patient_ID,12,,True,True
10,LUNG1-309\STEP_11_GLCM_TEXTURE\GTV1_GLCM_Features_By_Distance_And_Orientation.csv,12,9,Patient_ID,12,,True,True
10,LUNG1-309\STEP_12_LBP_TEXTURE\GTV1_LBP_slice_features.csv,12,7,Patient_ID,12,,True,True
10,LUNG1-310\STEP_11_GLCM_TEXTURE\GTV1_GLCM_Features_By_Distance_And_Orientation.csv,12,9,Patient_ID,12,,True,True
10,LUNG1-311\STEP_11_GLCM_TEXTURE\GTV1_GLCM_Features_By_Distance_And_Orientation.csv,12,9,Patient_ID,12,,True,True
10,LUNG1-312\STEP_11_GLCM_TEXTURE\GTV1_GLCM_Features_By_Distance_And_Orientation.csv,12,9,Patient_ID,12,,True,True
10,LUNG1-313\STEP_11_GLCM_TEXTURE\GTV1_GLCM_Features_By_Distance_And_Orientation.csv,12,9,Patient_ID,12,,True,True
10,LUNG1-313\STEP_12_LBP_TEXTURE\GTV1_LBP_slice_features.csv,12,7,Patient_ID,12,,True,True
10,LUNG1-314\STEP_11_GLCM_TEXTURE\GTV1_GLCM_Features_By_Distance_And_Orientation.csv,12,9,Patient_ID,12,,True,True
10,LUNG1-315\STEP_11_GLCM_TEXTURE\GTV1_GLCM_Features_By_Distance_And_Orientation.csv,12,9,Patient_ID,12,,True,True
10,LUNG1-316\STEP_11_GLCM_TEXTURE\GTV1_GLCM_Features_By_Distance_And_Orientation.csv,12,9,Patient_ID,12,,True,True
10,LUNG1-317\STEP_11_GLCM_TEXTURE\GTV1_GLCM_Features_By_Distance_And_Orientation.csv,12,9,Patient_ID,12,,True,True
10,LUNG1-318\STEP_11_GLCM_TEXTURE\GTV1_GLCM_Features_By_Distance_And_Orientation.csv,12,9,Patient_ID,12,,True,True
10,LUNG1-319\STEP_11_GLCM_TEXTURE\GTV1_GLCM_Features_By_Distance_And_Orientation.csv,12,9,Patient_ID,12,,True,True
10,LUNG1-320\STEP_11_GLCM_TEXTURE\GTV1_GLCM_Features_By_Distance_And_Orientation.csv,12,9,Patient_ID,12,,True,True
10,LUNG1-321\STEP_11_GLCM_TEXTURE\GTV1_GLCM_Features_By_Distance_And_Orientation.csv,12,9,Patient_ID,12,,True,True
10,LUNG1-322\STEP_11_GLCM_TEXTURE\GTV1_GLCM_Features_By_Distance_And_Orientation.csv,12,9,Patient_ID,12,,True,True
10,LUNG1-323\STEP_11_GLCM_TEXTURE\GTV1_GLCM_Features_By_Distance_And_Orientation.csv,12,9,Patient_ID,12,,True,True
10,LUNG1-324\STEP_11_GLCM_TEXTURE\GTV1_GLCM_Features_By_Distance_And_Orientation.csv,12,9,Patient_ID,12,,True,True
10,LUNG1-325\STEP_11_GLCM_TEXTURE\GTV1_GLCM_Features_By_Distance_And_Orientation.csv,12,9,Patient_ID,12,,True,True
10,LUNG1-326\STEP_11_GLCM_TEXTURE\GTV1_GLCM_Features_By_Distance_And_Orientation.csv,12,9,Patient_ID,12,,True,True
10,LUNG1-327\STEP_11_GLCM_TEXTURE\GTV1_GLCM_Features_By_Distance_And_Orientation.csv,12,9,Patient_ID,12,,True,True
10,LUNG1-328\STEP_11_GLCM_TEXTURE\GTV1_GLCM_Features_By_Distance_And_Orientation.csv,12,9,Patient_ID,12,,True,True
10,LUNG1-329\STEP_11_GLCM_TEXTURE\GTV1_GLCM_Features_By_Distance_And_Orientation.csv,12,9,Patient_ID,12,,True,True
10,LUNG1-330\STEP_11_GLCM_TEXTURE\GTV1_GLCM_Features_By_Distance_And_Orientation.csv,12,9,Patient_ID,12,,True,True
10,LUNG1-331\STEP_11_GLCM_TEXTURE\GTV1_GLCM_Features_By_Distance_And_Orientation.csv,12,9,Patient_ID,12,,True,True
10,LUNG1-332\STEP_11_GLCM_TEXTURE\GTV1_GLCM_Features_By_Distance_And_Orientation.csv,12,9,Patient_ID,12,,True,True
10,LUNG1-333\STEP_11_GLCM_TEXTURE\GTV1_GLCM_Features_By_Distance_And_Orientation.csv,12,9,Patient_ID,12,,True,True
10,LUNG1-334\STEP_11_GLCM_TEXTURE\GTV1_GLCM_Features_By_Distance_And_Orientation.csv,12,9,Patient_ID,12,,True,True
10,LUNG1-335\STEP_11_GLCM_TEXTURE\GTV1_GLCM_Features_By_Distance_And_Orientation.csv,12,9,Patient_ID,12,,True,True
10,LUNG1-336\STEP_11_GLCM_TEXTURE\GTV1_GLCM_Features_By_Distance_And_Orientation.csv,12,9,Patient_ID,12,,True,True
10,LUNG1-337\STEP_11_GLCM_TEXTURE\GTV1_GLCM_Features_By_Distance_And_Orientation.csv,12,9,Patient_ID,12,,True,True
10,LUNG1-338\STEP_11_GLCM_TEXTURE\GTV1_GLCM_Features_By_Distance_And_Orientation.csv,12,9,Patient_ID,12,,True,True
10,LUNG1-339\STEP_11_GLCM_TEXTURE\GTV1_GLCM_Features_By_Distance_And_Orientation.csv,12,9,Patient_ID,12,,True,True
10,LUNG1-339\STEP_12_LBP_TEXTURE\GTV1_LBP_slice_features.csv,12,7,Patient_ID,12,,True,True
10,LUNG1-340\STEP_11_GLCM_TEXTURE\GTV1_GLCM_Features_By_Distance_And_Orientation.csv,12,9,Patient_ID,12,,True,True
10,LUNG1-341\STEP_11_GLCM_TEXTURE\GTV1_GLCM_Features_By_Distance_And_Orientation.csv,12,9,Patient_ID,12,,True,True
10,LUNG1-342\STEP_11_GLCM_TEXTURE\GTV1_GLCM_Features_By_Distance_And_Orientation.csv,12,9,Patient_ID,12,,True,True
10,LUNG1-343\STEP_11_GLCM_TEXTURE\GTV1_GLCM_Features_By_Distance_And_Orientation.csv,12,9,Patient_ID,12,,True,True
10,LUNG1-344\STEP_11_GLCM_TEXTURE\GTV1_GLCM_Features_By_Distance_And_Orientation.csv,12,9,Patient_ID,12,,True,True
10,LUNG1-345\STEP_11_GLCM_TEXTURE\GTV1_GLCM_Features_By_Distance_And_Orientation.csv,12,9,Patient_ID,12,,True,True
10,LUNG1-346\STEP_11_GLCM_TEXTURE\GTV1_GLCM_Features_By_Distance_And_Orientation.csv,12,9,Patient_ID,12,,True,True
10,LUNG1-347\STEP_11_GLCM_TEXTURE\GTV1_GLCM_Features_By_Distance_And_Orientation.csv,12,9,Patient_ID,12,,True,True
10,LUNG1-348\STEP_11_GLCM_TEXTURE\GTV1_GLCM_Features_By_Distance_And_Orientation.csv,12,9,Patient_ID,12,,True,True
10,LUNG1-349\STEP_11_GLCM_TEXTURE\GTV1_GLCM_Features_By_Distance_And_Orientation.csv,12,9,Patient_ID,12,,True,True
10,LUNG1-350\STEP_11_GLCM_TEXTURE\GTV1_GLCM_Features_By_Distance_And_Orientation.csv,12,9,Patient_ID,12,,True,True
10,LUNG1-351\STEP_11_GLCM_TEXTURE\GTV1_GLCM_Features_By_Distance_And_Orientation.csv,12,9,Patient_ID,12,,True,True
10,LUNG1-352\STEP_11_GLCM_TEXTURE\GTV1_GLCM_Features_By_Distance_And_Orientation.csv,12,9,Patient_ID,12,,True,True
10,LUNG1-353\STEP_11_GLCM_TEXTURE\GTV1_GLCM_Features_By_Distance_And_Orientation.csv,12,9,Patient_ID,12,,True,True
10,LUNG1-354\STEP_11_GLCM_TEXTURE\GTV1_GLCM_Features_By_Distance_And_Orientation.csv,12,9,Patient_ID,12,,True,True
10,LUNG1-355\STEP_11_GLCM_TEXTURE\GTV1_GLCM_Features_By_Distance_And_Orientation.csv,12,9,Patient_ID,12,,True,True
10,LUNG1-356\STEP_11_GLCM_TEXTURE\GTV1_GLCM_Features_By_Distance_And_Orientation.csv,12,9,Patient_ID,12,,True,True
10,LUNG1-357\STEP_11_GLCM_TEXTURE\GTV1_GLCM_Features_By_Distance_And_Orientation.csv,12,9,Patient_ID,12,,True,True
10,LUNG1-358\STEP_11_GLCM_TEXTURE\GTV1_GLCM_Features_By_Distance_And_Orientation.csv,12,9,Patient_ID,12,,True,True
10,LUNG1-359\STEP_11_GLCM_TEXTURE\GTV1_GLCM_Features_By_Distance_And_Orientation.csv,12,9,Patient_ID,12,,True,True
10,LUNG1-360\STEP_11_GLCM_TEXTURE\GTV1_GLCM_Features_By_Distance_And_Orientation.csv,12,9,Patient_ID,12,,True,True
10,LUNG1-361\STEP_11_GLCM_TEXTURE\GTV1_GLCM_Features_By_Distance_And_Orientation.csv,12,9,Patient_ID,12,,True,True
10,LUNG1-362\STEP_11_GLCM_TEXTURE\GTV1_GLCM_Features_By_Distance_And_Orientation.csv,12,9,Patient_ID,12,,True,True
10,LUNG1-362\STEP_12_LBP_TEXTURE\GTV1_LBP_slice_features.csv,12,7,Patient_ID,12,,True,True
10,LUNG1-363\STEP_11_GLCM_TEXTURE\GTV1_GLCM_Features_By_Distance_And_Orientation.csv,12,9,Patient_ID,12,,True,True
10,LUNG1-364\STEP_11_GLCM_TEXTURE\GTV1_GLCM_Features_By_Distance_And_Orientation.csv,12,9,Patient_ID,12,,True,True
10,LUNG1-365\STEP_11_GLCM_TEXTURE\GTV1_GLCM_Features_By_Distance_And_Orientation.csv,12,9,Patient_ID,12,,True,True
10,LUNG1-366\STEP_11_GLCM_TEXTURE\GTV1_GLCM_Features_By_Distance_And_Orientation.csv,12,9,Patient_ID,12,,True,True
10,LUNG1-367\STEP_11_GLCM_TEXTURE\GTV1_GLCM_Features_By_Distance_And_Orientation.csv,12,9,Patient_ID,12,,True,True
10,LUNG1-368\STEP_11_GLCM_TEXTURE\GTV1_GLCM_Features_By_Distance_And_Orientation.csv,12,9,Patient_ID,12,,True,True
10,LUNG1-369\STEP_11_GLCM_TEXTURE\GTV1_GLCM_Features_By_Distance_And_Orientation.csv,12,9,Patient_ID,12,,True,True
10,LUNG1-370\STEP_11_GLCM_TEXTURE\GTV1_GLCM_Features_By_Distance_And_Orientation.csv,12,9,Patient_ID,12,,True,True
10,LUNG1-371\STEP_11_GLCM_TEXTURE\GTV1_GLCM_Features_By_Distance_And_Orientation.csv,12,9,Patient_ID,12,,True,True
10,LUNG1-372\STEP_11_GLCM_TEXTURE\GTV1_GLCM_Features_By_Distance_And_Orientation.csv,12,9,Patient_ID,12,,True,True
10,LUNG1-373\STEP_11_GLCM_TEXTURE\GTV1_GLCM_Features_By_Distance_And_Orientation.csv,12,9,Patient_ID,12,,True,True
10,LUNG1-374\STEP_11_GLCM_TEXTURE\GTV1_GLCM_Features_By_Distance_And_Orientation.csv,12,9,Patient_ID,12,,True,True
10,LUNG1-374\STEP_12_LBP_TEXTURE\GTV1_LBP_slice_features.csv,12,7,Patient_ID,12,,True,True
10,LUNG1-375\STEP_11_GLCM_TEXTURE\GTV1_GLCM_Features_By_Distance_And_Orientation.csv,12,9,Patient_ID,12,,True,True
10,LUNG1-376\STEP_11_GLCM_TEXTURE\GTV1_GLCM_Features_By_Distance_And_Orientation.csv,12,9,Patient_ID,12,,True,True
10,LUNG1-377\STEP_11_GLCM_TEXTURE\GTV1_GLCM_Features_By_Distance_And_Orientation.csv,12,9,Patient_ID,12,,True,True
10,LUNG1-378\STEP_11_GLCM_TEXTURE\GTV1_GLCM_Features_By_Distance_And_Orientation.csv,12,9,Patient_ID,12,,True,True
10,LUNG1-379\STEP_11_GLCM_TEXTURE\GTV1_GLCM_Features_By_Distance_And_Orientation.csv,12,9,Patient_ID,12,,True,True
10,LUNG1-380\STEP_11_GLCM_TEXTURE\GTV1_GLCM_Features_By_Distance_And_Orientation.csv,12,9,Patient_ID,12,,True,True
10,LUNG1-381\STEP_11_GLCM_TEXTURE\GTV1_GLCM_Features_By_Distance_And_Orientation.csv,12,9,Patient_ID,12,,True,True
10,LUNG1-382\STEP_11_GLCM_TEXTURE\GTV1_GLCM_Features_By_Distance_And_Orientation.csv,12,9,Patient_ID,12,,True,True
10,LUNG1-383\STEP_11_GLCM_TEXTURE\GTV1_GLCM_Features_By_Distance_And_Orientation.csv,12,9,Patient_ID,12,,True,True
10,LUNG1-383\STEP_12_LBP_TEXTURE\GTV1_LBP_slice_features.csv,12,7,Patient_ID,12,,True,True
10,LUNG1-384\STEP_11_GLCM_TEXTURE\GTV1_GLCM_Features_By_Distance_And_Orientation.csv,12,9,Patient_ID,12,,True,True
10,LUNG1-385\STEP_11_GLCM_TEXTURE\GTV1_GLCM_Features_By_Distance_And_Orientation.csv,12,9,Patient_ID,12,,True,True
10,LUNG1-386\STEP_11_GLCM_TEXTURE\GTV1_GLCM_Features_By_Distance_And_Orientation.csv,12,9,Patient_ID,12,,True,True
10,LUNG1-387\STEP_11_GLCM_TEXTURE\GTV1_GLCM_Features_By_Distance_And_Orientation.csv,12,9,Patient_ID,12,,True,True
10,LUNG1-388\STEP_11_GLCM_TEXTURE\GTV1_GLCM_Features_By_Distance_And_Orientation.csv,12,9,Patient_ID,12,,True,True
10,LUNG1-389\STEP_11_GLCM_TEXTURE\GTV1_GLCM_Features_By_Distance_And_Orientation.csv,12,9,Patient_ID,12,,True,True
10,LUNG1-389\STEP_12_LBP_TEXTURE\GTV1_LBP_slice_features.csv,12,7,Patient_ID,12,,True,True
10,LUNG1-390\STEP_11_GLCM_TEXTURE\GTV1_GLCM_Features_By_Distance_And_Orientation.csv,12,9,Patient_ID,12,,True,True
10,LUNG1-391\STEP_11_GLCM_TEXTURE\GTV1_GLCM_Features_By_Distance_And_Orientation.csv,12,9,Patient_ID,12,,True,True
10,LUNG1-392\STEP_11_GLCM_TEXTURE\GTV1_GLCM_Features_By_Distance_And_Orientation.csv,12,9,Patient_ID,12,,True,True
10,LUNG1-393\STEP_11_GLCM_TEXTURE\GTV1_GLCM_Features_By_Distance_And_Orientation.csv,12,9,Patient_ID,12,,True,True
10,LUNG1-394\STEP_11_GLCM_TEXTURE\GTV1_GLCM_Features_By_Distance_And_Orientation.csv,12,9,Patient_ID,12,,True,True
10,LUNG1-394\STEP_12_LBP_TEXTURE\GTV1_LBP_slice_features.csv,12,7,Patient_ID,12,,True,True
10,LUNG1-395\STEP_11_GLCM_TEXTURE\GTV1_GLCM_Features_By_Distance_And_Orientation.csv,12,9,Patient_ID,12,,True,True
10,LUNG1-396\STEP_11_GLCM_TEXTURE\GTV1_GLCM_Features_By_Distance_And_Orientation.csv,12,9,Patient_ID,12,,True,True
10,LUNG1-397\STEP_11_GLCM_TEXTURE\GTV1_GLCM_Features_By_Distance_And_Orientation.csv,12,9,Patient_ID,12,,True,True
10,LUNG1-398\STEP_11_GLCM_TEXTURE\GTV1_GLCM_Features_By_Distance_And_Orientation.csv,12,9,Patient_ID,12,,True,True
10,LUNG1-399\STEP_11_GLCM_TEXTURE\GTV1_GLCM_Features_By_Distance_And_Orientation.csv,12,9,Patient_ID,12,,True,True
10,LUNG1-400\STEP_11_GLCM_TEXTURE\GTV1_GLCM_Features_By_Distance_And_Orientation.csv,12,9,Patient_ID,12,,True,True
10,LUNG1-401\STEP_11_GLCM_TEXTURE\GTV1_GLCM_Features_By_Distance_And_Orientation.csv,12,9,Patient_ID,12,,True,True
10,LUNG1-402\STEP_11_GLCM_TEXTURE\GTV1_GLCM_Features_By_Distance_And_Orientation.csv,12,9,Patient_ID,12,,True,True
10,LUNG1-403\STEP_11_GLCM_TEXTURE\GTV1_GLCM_Features_By_Distance_And_Orientation.csv,12,9,Patient_ID,12,,True,True
10,LUNG1-404\STEP_11_GLCM_TEXTURE\GTV1_GLCM_Features_By_Distance_And_Orientation.csv,12,9,Patient_ID,12,,True,True
10,LUNG1-405\STEP_11_GLCM_TEXTURE\GTV1_GLCM_Features_By_Distance_And_Orientation.csv,12,9,Patient_ID,12,,True,True
10,LUNG1-406\STEP_11_GLCM_TEXTURE\GTV1_GLCM_Features_By_Distance_And_Orientation.csv,12,9,Patient_ID,12,,True,True
10,LUNG1-407\STEP_11_GLCM_TEXTURE\GTV1_GLCM_Features_By_Distance_And_Orientation.csv,12,9,Patient_ID,12,,True,True
10,LUNG1-408\STEP_11_GLCM_TEXTURE\GTV1_GLCM_Features_By_Distance_And_Orientation.csv,12,9,Patient_ID,12,,True,True
10,LUNG1-409\STEP_11_GLCM_TEXTURE\GTV1_GLCM_Features_By_Distance_And_Orientation.csv,12,9,Patient_ID,12,,True,True
10,LUNG1-410\STEP_11_GLCM_TEXTURE\GTV1_GLCM_Features_By_Distance_And_Orientation.csv,12,9,Patient_ID,12,,True,True
10,LUNG1-411\STEP_11_GLCM_TEXTURE\GTV1_GLCM_Features_By_Distance_And_Orientation.csv,12,9,Patient_ID,12,,True,True
10,LUNG1-412\STEP_11_GLCM_TEXTURE\GTV1_GLCM_Features_By_Distance_And_Orientation.csv,12,9,Patient_ID,12,,True,True
10,LUNG1-413\STEP_11_GLCM_TEXTURE\GTV1_GLCM_Features_By_Distance_And_Orientation.csv,12,9,Patient_ID,12,,True,True
10,LUNG1-413\STEP_12_LBP_TEXTURE\GTV1_LBP_slice_features.csv,12,7,Patient_ID,12,,True,True
10,LUNG1-414\STEP_11_GLCM_TEXTURE\GTV1_GLCM_Features_By_Distance_And_Orientation.csv,12,9,Patient_ID,12,,True,True
10,LUNG1-415\STEP_11_GLCM_TEXTURE\GTV1_GLCM_Features_By_Distance_And_Orientation.csv,12,9,Patient_ID,12,,True,True
10,LUNG1-416\STEP_11_GLCM_TEXTURE\GTV1_GLCM_Features_By_Distance_And_Orientation.csv,12,9,Patient_ID,12,,True,True
10,LUNG1-417\STEP_11_GLCM_TEXTURE\GTV1_GLCM_Features_By_Distance_And_Orientation.csv,12,9,Patient_ID,12,,True,True
10,LUNG1-418\STEP_11_GLCM_TEXTURE\GTV1_GLCM_Features_By_Distance_And_Orientation.csv,12,9,Patient_ID,12,,True,True
10,LUNG1-419\STEP_11_GLCM_TEXTURE\GTV1_GLCM_Features_By_Distance_And_Orientation.csv,12,9,Patient_ID,12,,True,True
10,LUNG1-420\STEP_11_GLCM_TEXTURE\GTV1_GLCM_Features_By_Distance_And_Orientation.csv,12,9,Patient_ID,12,,True,True
10,LUNG1-421\STEP_11_GLCM_TEXTURE\GTV1_GLCM_Features_By_Distance_And_Orientation.csv,12,9,Patient_ID,12,,True,True
10,LUNG1-422\STEP_11_GLCM_TEXTURE\GTV1_GLCM_Features_By_Distance_And_Orientation.csv,12,9,Patient_ID,12,,True,True
10,LUNG1-014\STEP_12_LBP_TEXTURE\GTV1_LBP_slice_features.csv,11,7,Patient_ID,11,,True,True
10,LUNG1-085\STEP_12_LBP_TEXTURE\GTV1_LBP_slice_features.csv,11,7,Patient_ID,11,,True,True
10,LUNG1-103\STEP_12_LBP_TEXTURE\GTV1_LBP_slice_features.csv,11,7,Patient_ID,11,,True,True
10,LUNG1-107\STEP_12_LBP_TEXTURE\GTV1_LBP_slice_features.csv,11,7,Patient_ID,11,,True,True
10,LUNG1-131\STEP_12_LBP_TEXTURE\GTV1_LBP_slice_features.csv,11,7,Patient_ID,11,,True,True
10,LUNG1-136\STEP_12_LBP_TEXTURE\GTV1_LBP_slice_features.csv,11,7,Patient_ID,11,,True,True
10,LUNG1-162\STEP_12_LBP_TEXTURE\GTV1_LBP_slice_features.csv,11,7,Patient_ID,11,,True,True
10,LUNG1-171\STEP_12_LBP_TEXTURE\GTV1_LBP_slice_features.csv,11,7,Patient_ID,11,,True,True
10,LUNG1-202\STEP_12_LBP_TEXTURE\GTV1_LBP_slice_features.csv,11,7,Patient_ID,11,,True,True
10,LUNG1-204\STEP_12_LBP_TEXTURE\GTV1_LBP_slice_features.csv,11,7,Patient_ID,11,,True,True
10,LUNG1-317\STEP_12_LBP_TEXTURE\GTV1_LBP_slice_features.csv,11,7,Patient_ID,11,,True,True
10,LUNG1-411\STEP_12_LBP_TEXTURE\GTV1_LBP_slice_features.csv,11,7,Patient_ID,11,,True,True
10,LUNG1-420\STEP_12_LBP_TEXTURE\GTV1_LBP_slice_features.csv,11,7,Patient_ID,11,,True,True
10,LUNG1-007\STEP_12_LBP_TEXTURE\GTV1_LBP_slice_features.csv,10,7,Patient_ID,10,,True,True
10,LUNG1-064\STEP_12_LBP_TEXTURE\GTV1_LBP_slice_features.csv,10,7,Patient_ID,10,,True,True
10,LUNG1-122\STEP_12_LBP_TEXTURE\GTV1_LBP_slice_features.csv,10,7,Patient_ID,10,,True,True
10,LUNG1-139\STEP_12_LBP_TEXTURE\GTV1_LBP_slice_features.csv,10,7,Patient_ID,10,,True,True
10,LUNG1-157\STEP_12_LBP_TEXTURE\GTV1_LBP_slice_features.csv,10,7,Patient_ID,10,,True,True
10,LUNG1-206\STEP_12_LBP_TEXTURE\GTV1_LBP_slice_features.csv,10,7,Patient_ID,10,,True,True
10,LUNG1-251\STEP_12_LBP_TEXTURE\GTV1_LBP_slice_features.csv,10,7,Patient_ID,10,,True,True
10,LUNG1-255\STEP_12_LBP_TEXTURE\GTV1_LBP_slice_features.csv,10,7,Patient_ID,10,,True,True
10,LUNG1-298\STEP_12_LBP_TEXTURE\GTV1_LBP_slice_features.csv,10,7,Patient_ID,10,,True,True
10,LUNG1-315\STEP_12_LBP_TEXTURE\GTV1_LBP_slice_features.csv,10,7,Patient_ID,10,,True,True
10,LUNG1-326\STEP_12_LBP_TEXTURE\GTV1_LBP_slice_features.csv,10,7,Patient_ID,10,,True,True
10,LUNG1-329\STEP_12_LBP_TEXTURE\GTV1_LBP_slice_features.csv,10,7,Patient_ID,10,,True,True
10,LUNG1-333\STEP_12_LBP_TEXTURE\GTV1_LBP_slice_features.csv,10,7,Patient_ID,10,,True,True
10,LUNG1-356\STEP_12_LBP_TEXTURE\GTV1_LBP_slice_features.csv,10,7,Patient_ID,10,,True,True
10,LUNG1-380\STEP_12_LBP_TEXTURE\GTV1_LBP_slice_features.csv,10,7,Patient_ID,10,,True,True
10,LUNG1-395\STEP_12_LBP_TEXTURE\GTV1_LBP_slice_features.csv,10,7,Patient_ID,10,,True,True
10,LUNG1-414\STEP_12_LBP_TEXTURE\GTV1_LBP_slice_features.csv,10,7,Patient_ID,10,,True,True
10,LUNG1-037\STEP_12_LBP_TEXTURE\GTV1_LBP_slice_features.csv,9,7,Patient_ID,9,,True,True
10,LUNG1-039\STEP_12_LBP_TEXTURE\GTV1_LBP_slice_features.csv,9,7,Patient_ID,9,,True,True
10,LUNG1-078\STEP_12_LBP_TEXTURE\GTV1_LBP_slice_features.csv,9,7,Patient_ID,9,,True,True
10,LUNG1-090\STEP_12_LBP_TEXTURE\GTV1_LBP_slice_features.csv,9,7,Patient_ID,9,,True,True
10,LUNG1-119\STEP_12_LBP_TEXTURE\GTV1_LBP_slice_features.csv,9,7,Patient_ID,9,,True,True
10,LUNG1-146\STEP_12_LBP_TEXTURE\GTV1_LBP_slice_features.csv,9,7,Patient_ID,9,,True,True
10,LUNG1-154\STEP_12_LBP_TEXTURE\GTV1_LBP_slice_features.csv,9,7,Patient_ID,9,,True,True
10,LUNG1-169\STEP_12_LBP_TEXTURE\GTV1_LBP_slice_features.csv,9,7,Patient_ID,9,,True,True
10,LUNG1-182\STEP_12_LBP_TEXTURE\GTV1_LBP_slice_features.csv,9,7,Patient_ID,9,,True,True
10,LUNG1-246\STEP_12_LBP_TEXTURE\GTV1_LBP_slice_features.csv,9,7,Patient_ID,9,,True,True
10,LUNG1-247\STEP_12_LBP_TEXTURE\GTV1_LBP_slice_features.csv,9,7,Patient_ID,9,,True,True
10,LUNG1-261\STEP_12_LBP_TEXTURE\GTV1_LBP_slice_features.csv,9,7,Patient_ID,9,,True,True
10,LUNG1-266\STEP_12_LBP_TEXTURE\GTV1_LBP_slice_features.csv,9,7,Patient_ID,9,,True,True
10,LUNG1-334\STEP_12_LBP_TEXTURE\GTV1_LBP_slice_features.csv,9,7,Patient_ID,9,,True,True
10,LUNG1-338\STEP_12_LBP_TEXTURE\GTV1_LBP_slice_features.csv,9,7,Patient_ID,9,,True,True
10,LUNG1-365\STEP_12_LBP_TEXTURE\GTV1_LBP_slice_features.csv,9,7,Patient_ID,9,,True,True
10,LUNG1-379\STEP_12_LBP_TEXTURE\GTV1_LBP_slice_features.csv,9,7,Patient_ID,9,,True,True
10,LUNG1-388\STEP_12_LBP_TEXTURE\GTV1_LBP_slice_features.csv,9,7,Patient_ID,9,,True,True
10,LUNG1-013\STEP_12_LBP_TEXTURE\GTV1_LBP_slice_features.csv,8,7,Patient_ID,8,,True,True
10,LUNG1-062\STEP_12_LBP_TEXTURE\GTV1_LBP_slice_features.csv,8,7,Patient_ID,8,,True,True
10,LUNG1-080\STEP_12_LBP_TEXTURE\GTV1_LBP_slice_features.csv,8,7,Patient_ID,8,,True,True
10,LUNG1-081\STEP_12_LBP_TEXTURE\GTV1_LBP_slice_features.csv,8,7,Patient_ID,8,,True,True
10,LUNG1-083\STEP_12_LBP_TEXTURE\GTV1_LBP_slice_features.csv,8,7,Patient_ID,8,,True,True
10,LUNG1-138\STEP_12_LBP_TEXTURE\GTV1_LBP_slice_features.csv,8,7,Patient_ID,8,,True,True
10,LUNG1-150\STEP_12_LBP_TEXTURE\GTV1_LBP_slice_features.csv,8,7,Patient_ID,8,,True,True
10,LUNG1-152\STEP_12_LBP_TEXTURE\GTV1_LBP_slice_features.csv,8,7,Patient_ID,8,,True,True
10,LUNG1-153\STEP_12_LBP_TEXTURE\GTV1_LBP_slice_features.csv,8,7,Patient_ID,8,,True,True
10,LUNG1-160\STEP_12_LBP_TEXTURE\GTV1_LBP_slice_features.csv,8,7,Patient_ID,8,,True,True
10,LUNG1-165\STEP_12_LBP_TEXTURE\GTV1_LBP_slice_features.csv,8,7,Patient_ID,8,,True,True
10,LUNG1-174\STEP_12_LBP_TEXTURE\GTV1_LBP_slice_features.csv,8,7,Patient_ID,8,,True,True
10,LUNG1-180\STEP_12_LBP_TEXTURE\GTV1_LBP_slice_features.csv,8,7,Patient_ID,8,,True,True
10,LUNG1-212\STEP_12_LBP_TEXTURE\GTV1_LBP_slice_features.csv,8,7,Patient_ID,8,,True,True
10,LUNG1-240\STEP_12_LBP_TEXTURE\GTV1_LBP_slice_features.csv,8,7,Patient_ID,8,,True,True
10,LUNG1-250\STEP_12_LBP_TEXTURE\GTV1_LBP_slice_features.csv,8,7,Patient_ID,8,,True,True
10,LUNG1-252\STEP_12_LBP_TEXTURE\GTV1_LBP_slice_features.csv,8,7,Patient_ID,8,,True,True
10,LUNG1-253\STEP_12_LBP_TEXTURE\GTV1_LBP_slice_features.csv,8,7,Patient_ID,8,,True,True
10,LUNG1-270\STEP_12_LBP_TEXTURE\GTV1_LBP_slice_features.csv,8,7,Patient_ID,8,,True,True
10,LUNG1-287\STEP_12_LBP_TEXTURE\GTV1_LBP_slice_features.csv,8,7,Patient_ID,8,,True,True
10,LUNG1-295\STEP_12_LBP_TEXTURE\GTV1_LBP_slice_features.csv,8,7,Patient_ID,8,,True,True
10,LUNG1-305\STEP_12_LBP_TEXTURE\GTV1_LBP_slice_features.csv,8,7,Patient_ID,8,,True,True
10,LUNG1-346\STEP_12_LBP_TEXTURE\GTV1_LBP_slice_features.csv,8,7,Patient_ID,8,,True,True
10,LUNG1-369\STEP_12_LBP_TEXTURE\GTV1_LBP_slice_features.csv,8,7,Patient_ID,8,,True,True
10,LUNG1-371\STEP_12_LBP_TEXTURE\GTV1_LBP_slice_features.csv,8,7,Patient_ID,8,,True,True
10,LUNG1-391\STEP_12_LBP_TEXTURE\GTV1_LBP_slice_features.csv,8,7,Patient_ID,8,,True,True
10,LUNG1-399\STEP_12_LBP_TEXTURE\GTV1_LBP_slice_features.csv,8,7,Patient_ID,8,,True,True
10,LUNG1-404\STEP_12_LBP_TEXTURE\GTV1_LBP_slice_features.csv,8,7,Patient_ID,8,,True,True
10,LUNG1-061\STEP_12_LBP_TEXTURE\GTV1_LBP_slice_features.csv,7,7,Patient_ID,7,,True,True
10,LUNG1-076\STEP_12_LBP_TEXTURE\GTV1_LBP_slice_features.csv,7,7,Patient_ID,7,,True,True
10,LUNG1-087\STEP_12_LBP_TEXTURE\GTV1_LBP_slice_features.csv,7,7,Patient_ID,7,,True,True
10,LUNG1-094\STEP_12_LBP_TEXTURE\GTV1_LBP_slice_features.csv,7,7,Patient_ID,7,,True,True
10,LUNG1-106\STEP_12_LBP_TEXTURE\GTV1_LBP_slice_features.csv,7,7,Patient_ID,7,,True,True
10,LUNG1-118\STEP_12_LBP_TEXTURE\GTV1_LBP_slice_features.csv,7,7,Patient_ID,7,,True,True
10,LUNG1-127\STEP_12_LBP_TEXTURE\GTV1_LBP_slice_features.csv,7,7,Patient_ID,7,,True,True
10,LUNG1-135\STEP_12_LBP_TEXTURE\GTV1_LBP_slice_features.csv,7,7,Patient_ID,7,,True,True
10,LUNG1-178\STEP_12_LBP_TEXTURE\GTV1_LBP_slice_features.csv,7,7,Patient_ID,7,,True,True
10,LUNG1-234\STEP_12_LBP_TEXTURE\GTV1_LBP_slice_features.csv,7,7,Patient_ID,7,,True,True
10,LUNG1-254\STEP_12_LBP_TEXTURE\GTV1_LBP_slice_features.csv,7,7,Patient_ID,7,,True,True
10,LUNG1-321\STEP_12_LBP_TEXTURE\GTV1_LBP_slice_features.csv,7,7,Patient_ID,7,,True,True
10,LUNG1-328\STEP_12_LBP_TEXTURE\GTV1_LBP_slice_features.csv,7,7,Patient_ID,7,,True,True
10,LUNG1-332\STEP_12_LBP_TEXTURE\GTV1_LBP_slice_features.csv,7,7,Patient_ID,7,,True,True
10,LUNG1-347\STEP_12_LBP_TEXTURE\GTV1_LBP_slice_features.csv,7,7,Patient_ID,7,,True,True
10,LUNG1-385\STEP_12_LBP_TEXTURE\GTV1_LBP_slice_features.csv,7,7,Patient_ID,7,,True,True
10,LUNG1-001\STEP_11_GLCM_TEXTURE\GTV1_GLCM_Feature_Variability.csv,6,6,Patient_ID,6,,True,True
10,LUNG1-002\STEP_11_GLCM_TEXTURE\GTV1_GLCM_Feature_Variability.csv,6,6,Patient_ID,6,,True,True
10,LUNG1-003\STEP_11_GLCM_TEXTURE\GTV1_GLCM_Feature_Variability.csv,6,6,Patient_ID,6,,True,True
10,LUNG1-004\STEP_11_GLCM_TEXTURE\GTV1_GLCM_Feature_Variability.csv,6,6,Patient_ID,6,,True,True
10,LUNG1-005\STEP_11_GLCM_TEXTURE\GTV1_GLCM_Feature_Variability.csv,6,6,Patient_ID,6,,True,True
10,LUNG1-006\STEP_11_GLCM_TEXTURE\GTV1_GLCM_Feature_Variability.csv,6,6,Patient_ID,6,,True,True
10,LUNG1-007\STEP_11_GLCM_TEXTURE\GTV1_GLCM_Feature_Variability.csv,6,6,Patient_ID,6,,True,True
10,LUNG1-008\STEP_11_GLCM_TEXTURE\GTV1_GLCM_Feature_Variability.csv,6,6,Patient_ID,6,,True,True
10,LUNG1-009\STEP_11_GLCM_TEXTURE\GTV1_GLCM_Feature_Variability.csv,6,6,Patient_ID,6,,True,True
10,LUNG1-010\STEP_11_GLCM_TEXTURE\GTV1_GLCM_Feature_Variability.csv,6,6,Patient_ID,6,,True,True
10,LUNG1-011\STEP_11_GLCM_TEXTURE\GTV1_GLCM_Feature_Variability.csv,6,6,Patient_ID,6,,True,True
10,LUNG1-012\STEP_11_GLCM_TEXTURE\GTV1_GLCM_Feature_Variability.csv,6,6,Patient_ID,6,,True,True
10,LUNG1-013\STEP_11_GLCM_TEXTURE\GTV1_GLCM_Feature_Variability.csv,6,6,Patient_ID,6,,True,True
10,LUNG1-014\STEP_11_GLCM_TEXTURE\GTV1_GLCM_Feature_Variability.csv,6,6,Patient_ID,6,,True,True
10,LUNG1-015\STEP_11_GLCM_TEXTURE\GTV1_GLCM_Feature_Variability.csv,6,6,Patient_ID,6,,True,True
10,LUNG1-016\STEP_11_GLCM_TEXTURE\GTV1_GLCM_Feature_Variability.csv,6,6,Patient_ID,6,,True,True
10,LUNG1-017\STEP_11_GLCM_TEXTURE\GTV1_GLCM_Feature_Variability.csv,6,6,Patient_ID,6,,True,True
10,LUNG1-018\STEP_11_GLCM_TEXTURE\GTV1_GLCM_Feature_Variability.csv,6,6,Patient_ID,6,,True,True
10,LUNG1-019\STEP_11_GLCM_TEXTURE\GTV1_GLCM_Feature_Variability.csv,6,6,Patient_ID,6,,True,True
10,LUNG1-020\STEP_11_GLCM_TEXTURE\GTV1_GLCM_Feature_Variability.csv,6,6,Patient_ID,6,,True,True
10,LUNG1-021\STEP_11_GLCM_TEXTURE\GTV1_GLCM_Feature_Variability.csv,6,6,Patient_ID,6,,True,True
10,LUNG1-022\STEP_11_GLCM_TEXTURE\GTV1_GLCM_Feature_Variability.csv,6,6,Patient_ID,6,,True,True
10,LUNG1-023\STEP_11_GLCM_TEXTURE\GTV1_GLCM_Feature_Variability.csv,6,6,Patient_ID,6,,True,True
10,LUNG1-024\STEP_11_GLCM_TEXTURE\GTV1_GLCM_Feature_Variability.csv,6,6,Patient_ID,6,,True,True
10,LUNG1-025\STEP_11_GLCM_TEXTURE\GTV1_GLCM_Feature_Variability.csv,6,6,Patient_ID,6,,True,True
10,LUNG1-026\STEP_11_GLCM_TEXTURE\GTV1_GLCM_Feature_Variability.csv,6,6,Patient_ID,6,,True,True
10,LUNG1-027\STEP_11_GLCM_TEXTURE\GTV1_GLCM_Feature_Variability.csv,6,6,Patient_ID,6,,True,True
10,LUNG1-028\STEP_11_GLCM_TEXTURE\GTV1_GLCM_Feature_Variability.csv,6,6,Patient_ID,6,,True,True
10,LUNG1-029\STEP_11_GLCM_TEXTURE\GTV1_GLCM_Feature_Variability.csv,6,6,Patient_ID,6,,True,True
10,LUNG1-030\STEP_11_GLCM_TEXTURE\GTV1_GLCM_Feature_Variability.csv,6,6,Patient_ID,6,,True,True
10,LUNG1-031\STEP_11_GLCM_TEXTURE\GTV1_GLCM_Feature_Variability.csv,6,6,Patient_ID,6,,True,True
10,LUNG1-032\STEP_11_GLCM_TEXTURE\GTV1_GLCM_Feature_Variability.csv,6,6,Patient_ID,6,,True,True
10,LUNG1-033\STEP_11_GLCM_TEXTURE\GTV1_GLCM_Feature_Variability.csv,6,6,Patient_ID,6,,True,True
10,LUNG1-034\STEP_11_GLCM_TEXTURE\GTV1_GLCM_Feature_Variability.csv,6,6,Patient_ID,6,,True,True
10,LUNG1-035\STEP_11_GLCM_TEXTURE\GTV1_GLCM_Feature_Variability.csv,6,6,Patient_ID,6,,True,True
10,LUNG1-036\STEP_11_GLCM_TEXTURE\GTV1_GLCM_Feature_Variability.csv,6,6,Patient_ID,6,,True,True
10,LUNG1-037\STEP_11_GLCM_TEXTURE\GTV1_GLCM_Feature_Variability.csv,6,6,Patient_ID,6,,True,True
10,LUNG1-038\STEP_11_GLCM_TEXTURE\GTV1_GLCM_Feature_Variability.csv,6,6,Patient_ID,6,,True,True
10,LUNG1-039\STEP_11_GLCM_TEXTURE\GTV1_GLCM_Feature_Variability.csv,6,6,Patient_ID,6,,True,True
10,LUNG1-040\STEP_11_GLCM_TEXTURE\GTV1_GLCM_Feature_Variability.csv,6,6,Patient_ID,6,,True,True
10,LUNG1-041\STEP_11_GLCM_TEXTURE\GTV1_GLCM_Feature_Variability.csv,6,6,Patient_ID,6,,True,True
10,LUNG1-042\STEP_11_GLCM_TEXTURE\GTV1_GLCM_Feature_Variability.csv,6,6,Patient_ID,6,,True,True
10,LUNG1-043\STEP_11_GLCM_TEXTURE\GTV1_GLCM_Feature_Variability.csv,6,6,Patient_ID,6,,True,True
10,LUNG1-044\STEP_11_GLCM_TEXTURE\GTV1_GLCM_Feature_Variability.csv,6,6,Patient_ID,6,,True,True
10,LUNG1-045\STEP_11_GLCM_TEXTURE\GTV1_GLCM_Feature_Variability.csv,6,6,Patient_ID,6,,True,True
10,LUNG1-046\STEP_11_GLCM_TEXTURE\GTV1_GLCM_Feature_Variability.csv,6,6,Patient_ID,6,,True,True
10,LUNG1-047\STEP_11_GLCM_TEXTURE\GTV1_GLCM_Feature_Variability.csv,6,6,Patient_ID,6,,True,True
10,LUNG1-048\STEP_11_GLCM_TEXTURE\GTV1_GLCM_Feature_Variability.csv,6,6,Patient_ID,6,,True,True
10,LUNG1-049\STEP_11_GLCM_TEXTURE\GTV1_GLCM_Feature_Variability.csv,6,6,Patient_ID,6,,True,True
10,LUNG1-050\STEP_11_GLCM_TEXTURE\GTV1_GLCM_Feature_Variability.csv,6,6,Patient_ID,6,,True,True
10,LUNG1-051\STEP_11_GLCM_TEXTURE\GTV1_GLCM_Feature_Variability.csv,6,6,Patient_ID,6,,True,True
10,LUNG1-052\STEP_11_GLCM_TEXTURE\GTV1_GLCM_Feature_Variability.csv,6,6,Patient_ID,6,,True,True
10,LUNG1-053\STEP_11_GLCM_TEXTURE\GTV1_GLCM_Feature_Variability.csv,6,6,Patient_ID,6,,True,True
10,LUNG1-054\STEP_11_GLCM_TEXTURE\GTV1_GLCM_Feature_Variability.csv,6,6,Patient_ID,6,,True,True
10,LUNG1-055\STEP_11_GLCM_TEXTURE\GTV1_GLCM_Feature_Variability.csv,6,6,Patient_ID,6,,True,True
10,LUNG1-056\STEP_11_GLCM_TEXTURE\GTV1_GLCM_Feature_Variability.csv,6,6,Patient_ID,6,,True,True
10,LUNG1-057\STEP_11_GLCM_TEXTURE\GTV1_GLCM_Feature_Variability.csv,6,6,Patient_ID,6,,True,True
10,LUNG1-058\STEP_11_GLCM_TEXTURE\GTV1_GLCM_Feature_Variability.csv,6,6,Patient_ID,6,,True,True
10,LUNG1-059\STEP_11_GLCM_TEXTURE\GTV1_GLCM_Feature_Variability.csv,6,6,Patient_ID,6,,True,True
10,LUNG1-060\STEP_11_GLCM_TEXTURE\GTV1_GLCM_Feature_Variability.csv,6,6,Patient_ID,6,,True,True
10,LUNG1-061\STEP_11_GLCM_TEXTURE\GTV1_GLCM_Feature_Variability.csv,6,6,Patient_ID,6,,True,True
10,LUNG1-062\STEP_11_GLCM_TEXTURE\GTV1_GLCM_Feature_Variability.csv,6,6,Patient_ID,6,,True,True
10,LUNG1-063\STEP_11_GLCM_TEXTURE\GTV1_GLCM_Feature_Variability.csv,6,6,Patient_ID,6,,True,True
10,LUNG1-064\STEP_11_GLCM_TEXTURE\GTV1_GLCM_Feature_Variability.csv,6,6,Patient_ID,6,,True,True
10,LUNG1-065\STEP_11_GLCM_TEXTURE\GTV1_GLCM_Feature_Variability.csv,6,6,Patient_ID,6,,True,True
10,LUNG1-066\STEP_11_GLCM_TEXTURE\GTV1_GLCM_Feature_Variability.csv,6,6,Patient_ID,6,,True,True
10,LUNG1-067\STEP_11_GLCM_TEXTURE\GTV1_GLCM_Feature_Variability.csv,6,6,Patient_ID,6,,True,True
10,LUNG1-068\STEP_11_GLCM_TEXTURE\GTV1_GLCM_Feature_Variability.csv,6,6,Patient_ID,6,,True,True
10,LUNG1-069\STEP_11_GLCM_TEXTURE\GTV1_GLCM_Feature_Variability.csv,6,6,Patient_ID,6,,True,True
10,LUNG1-070\STEP_11_GLCM_TEXTURE\GTV1_GLCM_Feature_Variability.csv,6,6,Patient_ID,6,,True,True
10,LUNG1-071\STEP_11_GLCM_TEXTURE\GTV1_GLCM_Feature_Variability.csv,6,6,Patient_ID,6,,True,True
10,LUNG1-072\STEP_11_GLCM_TEXTURE\GTV1_GLCM_Feature_Variability.csv,6,6,Patient_ID,6,,True,True
10,LUNG1-073\STEP_11_GLCM_TEXTURE\GTV1_GLCM_Feature_Variability.csv,6,6,Patient_ID,6,,True,True
10,LUNG1-074\STEP_11_GLCM_TEXTURE\GTV1_GLCM_Feature_Variability.csv,6,6,Patient_ID,6,,True,True
10,LUNG1-075\STEP_11_GLCM_TEXTURE\GTV1_GLCM_Feature_Variability.csv,6,6,Patient_ID,6,,True,True
10,LUNG1-076\STEP_11_GLCM_TEXTURE\GTV1_GLCM_Feature_Variability.csv,6,6,Patient_ID,6,,True,True
10,LUNG1-077\STEP_11_GLCM_TEXTURE\GTV1_GLCM_Feature_Variability.csv,6,6,Patient_ID,6,,True,True
10,LUNG1-078\STEP_11_GLCM_TEXTURE\GTV1_GLCM_Feature_Variability.csv,6,6,Patient_ID,6,,True,True
10,LUNG1-079\STEP_11_GLCM_TEXTURE\GTV1_GLCM_Feature_Variability.csv,6,6,Patient_ID,6,,True,True
10,LUNG1-080\STEP_11_GLCM_TEXTURE\GTV1_GLCM_Feature_Variability.csv,6,6,Patient_ID,6,,True,True
10,LUNG1-081\STEP_11_GLCM_TEXTURE\GTV1_GLCM_Feature_Variability.csv,6,6,Patient_ID,6,,True,True
10,LUNG1-082\STEP_11_GLCM_TEXTURE\GTV1_GLCM_Feature_Variability.csv,6,6,Patient_ID,6,,True,True
10,LUNG1-082\STEP_12_LBP_TEXTURE\GTV1_LBP_slice_features.csv,6,7,Patient_ID,6,,True,True
10,LUNG1-083\STEP_11_GLCM_TEXTURE\GTV1_GLCM_Feature_Variability.csv,6,6,Patient_ID,6,,True,True
10,LUNG1-084\STEP_11_GLCM_TEXTURE\GTV1_GLCM_Feature_Variability.csv,6,6,Patient_ID,6,,True,True
10,LUNG1-085\STEP_11_GLCM_TEXTURE\GTV1_GLCM_Feature_Variability.csv,6,6,Patient_ID,6,,True,True
10,LUNG1-086\STEP_11_GLCM_TEXTURE\GTV1_GLCM_Feature_Variability.csv,6,6,Patient_ID,6,,True,True
10,LUNG1-087\STEP_11_GLCM_TEXTURE\GTV1_GLCM_Feature_Variability.csv,6,6,Patient_ID,6,,True,True
10,LUNG1-088\STEP_11_GLCM_TEXTURE\GTV1_GLCM_Feature_Variability.csv,6,6,Patient_ID,6,,True,True
10,LUNG1-089\STEP_11_GLCM_TEXTURE\GTV1_GLCM_Feature_Variability.csv,6,6,Patient_ID,6,,True,True
10,LUNG1-090\STEP_11_GLCM_TEXTURE\GTV1_GLCM_Feature_Variability.csv,6,6,Patient_ID,6,,True,True
10,LUNG1-091\STEP_11_GLCM_TEXTURE\GTV1_GLCM_Feature_Variability.csv,6,6,Patient_ID,6,,True,True
10,LUNG1-092\STEP_11_GLCM_TEXTURE\GTV1_GLCM_Feature_Variability.csv,6,6,Patient_ID,6,,True,True
10,LUNG1-093\STEP_11_GLCM_TEXTURE\GTV1_GLCM_Feature_Variability.csv,6,6,Patient_ID,6,,True,True
10,LUNG1-094\STEP_11_GLCM_TEXTURE\GTV1_GLCM_Feature_Variability.csv,6,6,Patient_ID,6,,True,True
10,LUNG1-095\STEP_11_GLCM_TEXTURE\GTV1_GLCM_Feature_Variability.csv,6,6,Patient_ID,6,,True,True
10,LUNG1-096\STEP_11_GLCM_TEXTURE\GTV1_GLCM_Feature_Variability.csv,6,6,Patient_ID,6,,True,True
10,LUNG1-097\STEP_11_GLCM_TEXTURE\GTV1_GLCM_Feature_Variability.csv,6,6,Patient_ID,6,,True,True
10,LUNG1-098\STEP_11_GLCM_TEXTURE\GTV1_GLCM_Feature_Variability.csv,6,6,Patient_ID,6,,True,True
10,LUNG1-099\STEP_11_GLCM_TEXTURE\GTV1_GLCM_Feature_Variability.csv,6,6,Patient_ID,6,,True,True
10,LUNG1-100\STEP_11_GLCM_TEXTURE\GTV1_GLCM_Feature_Variability.csv,6,6,Patient_ID,6,,True,True
10,LUNG1-101\STEP_11_GLCM_TEXTURE\GTV1_GLCM_Feature_Variability.csv,6,6,Patient_ID,6,,True,True
10,LUNG1-102\STEP_11_GLCM_TEXTURE\GTV1_GLCM_Feature_Variability.csv,6,6,Patient_ID,6,,True,True
10,LUNG1-103\STEP_11_GLCM_TEXTURE\GTV1_GLCM_Feature_Variability.csv,6,6,Patient_ID,6,,True,True
10,LUNG1-104\STEP_11_GLCM_TEXTURE\GTV1_GLCM_Feature_Variability.csv,6,6,Patient_ID,6,,True,True
10,LUNG1-105\STEP_11_GLCM_TEXTURE\GTV1_GLCM_Feature_Variability.csv,6,6,Patient_ID,6,,True,True
10,LUNG1-106\STEP_11_GLCM_TEXTURE\GTV1_GLCM_Feature_Variability.csv,6,6,Patient_ID,6,,True,True
10,LUNG1-107\STEP_11_GLCM_TEXTURE\GTV1_GLCM_Feature_Variability.csv,6,6,Patient_ID,6,,True,True
10,LUNG1-108\STEP_11_GLCM_TEXTURE\GTV1_GLCM_Feature_Variability.csv,6,6,Patient_ID,6,,True,True
10,LUNG1-109\STEP_11_GLCM_TEXTURE\GTV1_GLCM_Feature_Variability.csv,6,6,Patient_ID,6,,True,True
10,LUNG1-110\STEP_11_GLCM_TEXTURE\GTV1_GLCM_Feature_Variability.csv,6,6,Patient_ID,6,,True,True
10,LUNG1-111\STEP_11_GLCM_TEXTURE\GTV1_GLCM_Feature_Variability.csv,6,6,Patient_ID,6,,True,True
10,LUNG1-112\STEP_11_GLCM_TEXTURE\GTV1_GLCM_Feature_Variability.csv,6,6,Patient_ID,6,,True,True
10,LUNG1-113\STEP_11_GLCM_TEXTURE\GTV1_GLCM_Feature_Variability.csv,6,6,Patient_ID,6,,True,True
10,LUNG1-114\STEP_11_GLCM_TEXTURE\GTV1_GLCM_Feature_Variability.csv,6,6,Patient_ID,6,,True,True
10,LUNG1-115\STEP_11_GLCM_TEXTURE\GTV1_GLCM_Feature_Variability.csv,6,6,Patient_ID,6,,True,True
10,LUNG1-116\STEP_11_GLCM_TEXTURE\GTV1_GLCM_Feature_Variability.csv,6,6,Patient_ID,6,,True,True
10,LUNG1-117\STEP_11_GLCM_TEXTURE\GTV1_GLCM_Feature_Variability.csv,6,6,Patient_ID,6,,True,True
10,LUNG1-118\STEP_11_GLCM_TEXTURE\GTV1_GLCM_Feature_Variability.csv,6,6,Patient_ID,6,,True,True
10,LUNG1-119\STEP_11_GLCM_TEXTURE\GTV1_GLCM_Feature_Variability.csv,6,6,Patient_ID,6,,True,True
10,LUNG1-120\STEP_11_GLCM_TEXTURE\GTV1_GLCM_Feature_Variability.csv,6,6,Patient_ID,6,,True,True
10,LUNG1-121\STEP_11_GLCM_TEXTURE\GTV1_GLCM_Feature_Variability.csv,6,6,Patient_ID,6,,True,True
10,LUNG1-122\STEP_11_GLCM_TEXTURE\GTV1_GLCM_Feature_Variability.csv,6,6,Patient_ID,6,,True,True
10,LUNG1-123\STEP_11_GLCM_TEXTURE\GTV1_GLCM_Feature_Variability.csv,6,6,Patient_ID,6,,True,True
10,LUNG1-124\STEP_11_GLCM_TEXTURE\GTV1_GLCM_Feature_Variability.csv,6,6,Patient_ID,6,,True,True
10,LUNG1-125\STEP_11_GLCM_TEXTURE\GTV1_GLCM_Feature_Variability.csv,6,6,Patient_ID,6,,True,True
10,LUNG1-126\STEP_11_GLCM_TEXTURE\GTV1_GLCM_Feature_Variability.csv,6,6,Patient_ID,6,,True,True
10,LUNG1-126\STEP_12_LBP_TEXTURE\GTV1_LBP_slice_features.csv,6,7,Patient_ID,6,,True,True
10,LUNG1-127\STEP_11_GLCM_TEXTURE\GTV1_GLCM_Feature_Variability.csv,6,6,Patient_ID,6,,True,True
10,LUNG1-129\STEP_11_GLCM_TEXTURE\GTV1_GLCM_Feature_Variability.csv,6,6,Patient_ID,6,,True,True
10,LUNG1-130\STEP_11_GLCM_TEXTURE\GTV1_GLCM_Feature_Variability.csv,6,6,Patient_ID,6,,True,True
10,LUNG1-131\STEP_11_GLCM_TEXTURE\GTV1_GLCM_Feature_Variability.csv,6,6,Patient_ID,6,,True,True
10,LUNG1-132\STEP_11_GLCM_TEXTURE\GTV1_GLCM_Feature_Variability.csv,6,6,Patient_ID,6,,True,True
10,LUNG1-133\STEP_11_GLCM_TEXTURE\GTV1_GLCM_Feature_Variability.csv,6,6,Patient_ID,6,,True,True
10,LUNG1-134\STEP_11_GLCM_TEXTURE\GTV1_GLCM_Feature_Variability.csv,6,6,Patient_ID,6,,True,True
10,LUNG1-135\STEP_11_GLCM_TEXTURE\GTV1_GLCM_Feature_Variability.csv,6,6,Patient_ID,6,,True,True
10,LUNG1-136\STEP_11_GLCM_TEXTURE\GTV1_GLCM_Feature_Variability.csv,6,6,Patient_ID,6,,True,True
10,LUNG1-137\STEP_11_GLCM_TEXTURE\GTV1_GLCM_Feature_Variability.csv,6,6,Patient_ID,6,,True,True
10,LUNG1-138\STEP_11_GLCM_TEXTURE\GTV1_GLCM_Feature_Variability.csv,6,6,Patient_ID,6,,True,True
10,LUNG1-139\STEP_11_GLCM_TEXTURE\GTV1_GLCM_Feature_Variability.csv,6,6,Patient_ID,6,,True,True
10,LUNG1-140\STEP_11_GLCM_TEXTURE\GTV1_GLCM_Feature_Variability.csv,6,6,Patient_ID,6,,True,True
10,LUNG1-141\STEP_11_GLCM_TEXTURE\GTV1_GLCM_Feature_Variability.csv,6,6,Patient_ID,6,,True,True
10,LUNG1-142\STEP_11_GLCM_TEXTURE\GTV1_GLCM_Feature_Variability.csv,6,6,Patient_ID,6,,True,True
10,LUNG1-143\STEP_11_GLCM_TEXTURE\GTV1_GLCM_Feature_Variability.csv,6,6,Patient_ID,6,,True,True
10,LUNG1-144\STEP_11_GLCM_TEXTURE\GTV1_GLCM_Feature_Variability.csv,6,6,Patient_ID,6,,True,True
10,LUNG1-145\STEP_11_GLCM_TEXTURE\GTV1_GLCM_Feature_Variability.csv,6,6,Patient_ID,6,,True,True
10,LUNG1-146\STEP_11_GLCM_TEXTURE\GTV1_GLCM_Feature_Variability.csv,6,6,Patient_ID,6,,True,True
10,LUNG1-147\STEP_11_GLCM_TEXTURE\GTV1_GLCM_Feature_Variability.csv,6,6,Patient_ID,6,,True,True
10,LUNG1-148\STEP_11_GLCM_TEXTURE\GTV1_GLCM_Feature_Variability.csv,6,6,Patient_ID,6,,True,True
10,LUNG1-149\STEP_11_GLCM_TEXTURE\GTV1_GLCM_Feature_Variability.csv,6,6,Patient_ID,6,,True,True
10,LUNG1-150\STEP_11_GLCM_TEXTURE\GTV1_GLCM_Feature_Variability.csv,6,6,Patient_ID,6,,True,True
10,LUNG1-151\STEP_11_GLCM_TEXTURE\GTV1_GLCM_Feature_Variability.csv,6,6,Patient_ID,6,,True,True
10,LUNG1-152\STEP_11_GLCM_TEXTURE\GTV1_GLCM_Feature_Variability.csv,6,6,Patient_ID,6,,True,True
10,LUNG1-153\STEP_11_GLCM_TEXTURE\GTV1_GLCM_Feature_Variability.csv,6,6,Patient_ID,6,,True,True
10,LUNG1-154\STEP_11_GLCM_TEXTURE\GTV1_GLCM_Feature_Variability.csv,6,6,Patient_ID,6,,True,True
10,LUNG1-155\STEP_11_GLCM_TEXTURE\GTV1_GLCM_Feature_Variability.csv,6,6,Patient_ID,6,,True,True
10,LUNG1-156\STEP_11_GLCM_TEXTURE\GTV1_GLCM_Feature_Variability.csv,6,6,Patient_ID,6,,True,True
10,LUNG1-157\STEP_11_GLCM_TEXTURE\GTV1_GLCM_Feature_Variability.csv,6,6,Patient_ID,6,,True,True
10,LUNG1-158\STEP_11_GLCM_TEXTURE\GTV1_GLCM_Feature_Variability.csv,6,6,Patient_ID,6,,True,True
10,LUNG1-158\STEP_12_LBP_TEXTURE\GTV1_LBP_slice_features.csv,6,7,Patient_ID,6,,True,True
10,LUNG1-159\STEP_11_GLCM_TEXTURE\GTV1_GLCM_Feature_Variability.csv,6,6,Patient_ID,6,,True,True
10,LUNG1-160\STEP_11_GLCM_TEXTURE\GTV1_GLCM_Feature_Variability.csv,6,6,Patient_ID,6,,True,True
10,LUNG1-161\STEP_11_GLCM_TEXTURE\GTV1_GLCM_Feature_Variability.csv,6,6,Patient_ID,6,,True,True
10,LUNG1-162\STEP_11_GLCM_TEXTURE\GTV1_GLCM_Feature_Variability.csv,6,6,Patient_ID,6,,True,True
10,LUNG1-163\STEP_11_GLCM_TEXTURE\GTV1_GLCM_Feature_Variability.csv,6,6,Patient_ID,6,,True,True
10,LUNG1-164\STEP_11_GLCM_TEXTURE\GTV1_GLCM_Feature_Variability.csv,6,6,Patient_ID,6,,True,True
10,LUNG1-165\STEP_11_GLCM_TEXTURE\GTV1_GLCM_Feature_Variability.csv,6,6,Patient_ID,6,,True,True
10,LUNG1-166\STEP_11_GLCM_TEXTURE\GTV1_GLCM_Feature_Variability.csv,6,6,Patient_ID,6,,True,True
10,LUNG1-167\STEP_11_GLCM_TEXTURE\GTV1_GLCM_Feature_Variability.csv,6,6,Patient_ID,6,,True,True
10,LUNG1-168\STEP_11_GLCM_TEXTURE\GTV1_GLCM_Feature_Variability.csv,6,6,Patient_ID,6,,True,True
10,LUNG1-169\STEP_11_GLCM_TEXTURE\GTV1_GLCM_Feature_Variability.csv,6,6,Patient_ID,6,,True,True
10,LUNG1-170\STEP_11_GLCM_TEXTURE\GTV1_GLCM_Feature_Variability.csv,6,6,Patient_ID,6,,True,True
10,LUNG1-171\STEP_11_GLCM_TEXTURE\GTV1_GLCM_Feature_Variability.csv,6,6,Patient_ID,6,,True,True
10,LUNG1-172\STEP_11_GLCM_TEXTURE\GTV1_GLCM_Feature_Variability.csv,6,6,Patient_ID,6,,True,True
10,LUNG1-173\STEP_11_GLCM_TEXTURE\GTV1_GLCM_Feature_Variability.csv,6,6,Patient_ID,6,,True,True
10,LUNG1-174\STEP_11_GLCM_TEXTURE\GTV1_GLCM_Feature_Variability.csv,6,6,Patient_ID,6,,True,True
10,LUNG1-175\STEP_11_GLCM_TEXTURE\GTV1_GLCM_Feature_Variability.csv,6,6,Patient_ID,6,,True,True
10,LUNG1-176\STEP_11_GLCM_TEXTURE\GTV1_GLCM_Feature_Variability.csv,6,6,Patient_ID,6,,True,True
10,LUNG1-176\STEP_12_LBP_TEXTURE\GTV1_LBP_slice_features.csv,6,7,Patient_ID,6,,True,True
10,LUNG1-177\STEP_11_GLCM_TEXTURE\GTV1_GLCM_Feature_Variability.csv,6,6,Patient_ID,6,,True,True
10,LUNG1-178\STEP_11_GLCM_TEXTURE\GTV1_GLCM_Feature_Variability.csv,6,6,Patient_ID,6,,True,True
10,LUNG1-179\STEP_11_GLCM_TEXTURE\GTV1_GLCM_Feature_Variability.csv,6,6,Patient_ID,6,,True,True
10,LUNG1-180\STEP_11_GLCM_TEXTURE\GTV1_GLCM_Feature_Variability.csv,6,6,Patient_ID,6,,True,True
10,LUNG1-181\STEP_11_GLCM_TEXTURE\GTV1_GLCM_Feature_Variability.csv,6,6,Patient_ID,6,,True,True
10,LUNG1-182\STEP_11_GLCM_TEXTURE\GTV1_GLCM_Feature_Variability.csv,6,6,Patient_ID,6,,True,True
10,LUNG1-183\STEP_11_GLCM_TEXTURE\GTV1_GLCM_Feature_Variability.csv,6,6,Patient_ID,6,,True,True
10,LUNG1-184\STEP_11_GLCM_TEXTURE\GTV1_GLCM_Feature_Variability.csv,6,6,Patient_ID,6,,True,True
10,LUNG1-185\STEP_11_GLCM_TEXTURE\GTV1_GLCM_Feature_Variability.csv,6,6,Patient_ID,6,,True,True
10,LUNG1-186\STEP_11_GLCM_TEXTURE\GTV1_GLCM_Feature_Variability.csv,6,6,Patient_ID,6,,True,True
10,LUNG1-187\STEP_11_GLCM_TEXTURE\GTV1_GLCM_Feature_Variability.csv,6,6,Patient_ID,6,,True,True
10,LUNG1-188\STEP_11_GLCM_TEXTURE\GTV1_GLCM_Feature_Variability.csv,6,6,Patient_ID,6,,True,True
10,LUNG1-188\STEP_12_LBP_TEXTURE\GTV1_LBP_slice_features.csv,6,7,Patient_ID,6,,True,True
10,LUNG1-189\STEP_11_GLCM_TEXTURE\GTV1_GLCM_Feature_Variability.csv,6,6,Patient_ID,6,,True,True
10,LUNG1-190\STEP_11_GLCM_TEXTURE\GTV1_GLCM_Feature_Variability.csv,6,6,Patient_ID,6,,True,True
10,LUNG1-191\STEP_11_GLCM_TEXTURE\GTV1_GLCM_Feature_Variability.csv,6,6,Patient_ID,6,,True,True
10,LUNG1-192\STEP_11_GLCM_TEXTURE\GTV1_GLCM_Feature_Variability.csv,6,6,Patient_ID,6,,True,True
10,LUNG1-193\STEP_11_GLCM_TEXTURE\GTV1_GLCM_Feature_Variability.csv,6,6,Patient_ID,6,,True,True
10,LUNG1-194\STEP_11_GLCM_TEXTURE\GTV1_GLCM_Feature_Variability.csv,6,6,Patient_ID,6,,True,True
10,LUNG1-195\STEP_11_GLCM_TEXTURE\GTV1_GLCM_Feature_Variability.csv,6,6,Patient_ID,6,,True,True
10,LUNG1-195\STEP_12_LBP_TEXTURE\GTV1_LBP_slice_features.csv,6,7,Patient_ID,6,,True,True
10,LUNG1-196\STEP_11_GLCM_TEXTURE\GTV1_GLCM_Feature_Variability.csv,6,6,Patient_ID,6,,True,True
10,LUNG1-197\STEP_11_GLCM_TEXTURE\GTV1_GLCM_Feature_Variability.csv,6,6,Patient_ID,6,,True,True
10,LUNG1-198\STEP_11_GLCM_TEXTURE\GTV1_GLCM_Feature_Variability.csv,6,6,Patient_ID,6,,True,True
10,LUNG1-199\STEP_11_GLCM_TEXTURE\GTV1_GLCM_Feature_Variability.csv,6,6,Patient_ID,6,,True,True
10,LUNG1-200\STEP_11_GLCM_TEXTURE\GTV1_GLCM_Feature_Variability.csv,6,6,Patient_ID,6,,True,True
10,LUNG1-201\STEP_11_GLCM_TEXTURE\GTV1_GLCM_Feature_Variability.csv,6,6,Patient_ID,6,,True,True
10,LUNG1-202\STEP_11_GLCM_TEXTURE\GTV1_GLCM_Feature_Variability.csv,6,6,Patient_ID,6,,True,True
10,LUNG1-203\STEP_11_GLCM_TEXTURE\GTV1_GLCM_Feature_Variability.csv,6,6,Patient_ID,6,,True,True
10,LUNG1-204\STEP_11_GLCM_TEXTURE\GTV1_GLCM_Feature_Variability.csv,6,6,Patient_ID,6,,True,True
10,LUNG1-205\STEP_11_GLCM_TEXTURE\GTV1_GLCM_Feature_Variability.csv,6,6,Patient_ID,6,,True,True
10,LUNG1-206\STEP_11_GLCM_TEXTURE\GTV1_GLCM_Feature_Variability.csv,6,6,Patient_ID,6,,True,True
10,LUNG1-207\STEP_11_GLCM_TEXTURE\GTV1_GLCM_Feature_Variability.csv,6,6,Patient_ID,6,,True,True
10,LUNG1-208\STEP_11_GLCM_TEXTURE\GTV1_GLCM_Feature_Variability.csv,6,6,Patient_ID,6,,True,True
10,LUNG1-209\STEP_11_GLCM_TEXTURE\GTV1_GLCM_Feature_Variability.csv,6,6,Patient_ID,6,,True,True
10,LUNG1-210\STEP_11_GLCM_TEXTURE\GTV1_GLCM_Feature_Variability.csv,6,6,Patient_ID,6,,True,True
10,LUNG1-211\STEP_11_GLCM_TEXTURE\GTV1_GLCM_Feature_Variability.csv,6,6,Patient_ID,6,,True,True
10,LUNG1-212\STEP_11_GLCM_TEXTURE\GTV1_GLCM_Feature_Variability.csv,6,6,Patient_ID,6,,True,True
10,LUNG1-213\STEP_11_GLCM_TEXTURE\GTV1_GLCM_Feature_Variability.csv,6,6,Patient_ID,6,,True,True
10,LUNG1-214\STEP_11_GLCM_TEXTURE\GTV1_GLCM_Feature_Variability.csv,6,6,Patient_ID,6,,True,True
10,LUNG1-215\STEP_11_GLCM_TEXTURE\GTV1_GLCM_Feature_Variability.csv,6,6,Patient_ID,6,,True,True
10,LUNG1-215\STEP_12_LBP_TEXTURE\GTV1_LBP_slice_features.csv,6,7,Patient_ID,6,,True,True
10,LUNG1-216\STEP_11_GLCM_TEXTURE\GTV1_GLCM_Feature_Variability.csv,6,6,Patient_ID,6,,True,True
10,LUNG1-217\STEP_11_GLCM_TEXTURE\GTV1_GLCM_Feature_Variability.csv,6,6,Patient_ID,6,,True,True
10,LUNG1-218\STEP_11_GLCM_TEXTURE\GTV1_GLCM_Feature_Variability.csv,6,6,Patient_ID,6,,True,True
10,LUNG1-219\STEP_11_GLCM_TEXTURE\GTV1_GLCM_Feature_Variability.csv,6,6,Patient_ID,6,,True,True
10,LUNG1-220\STEP_11_GLCM_TEXTURE\GTV1_GLCM_Feature_Variability.csv,6,6,Patient_ID,6,,True,True
10,LUNG1-221\STEP_11_GLCM_TEXTURE\GTV1_GLCM_Feature_Variability.csv,6,6,Patient_ID,6,,True,True
10,LUNG1-222\STEP_11_GLCM_TEXTURE\GTV1_GLCM_Feature_Variability.csv,6,6,Patient_ID,6,,True,True
10,LUNG1-223\STEP_11_GLCM_TEXTURE\GTV1_GLCM_Feature_Variability.csv,6,6,Patient_ID,6,,True,True
10,LUNG1-224\STEP_11_GLCM_TEXTURE\GTV1_GLCM_Feature_Variability.csv,6,6,Patient_ID,6,,True,True
10,LUNG1-225\STEP_11_GLCM_TEXTURE\GTV1_GLCM_Feature_Variability.csv,6,6,Patient_ID,6,,True,True
10,LUNG1-226\STEP_11_GLCM_TEXTURE\GTV1_GLCM_Feature_Variability.csv,6,6,Patient_ID,6,,True,True
10,LUNG1-227\STEP_11_GLCM_TEXTURE\GTV1_GLCM_Feature_Variability.csv,6,6,Patient_ID,6,,True,True
10,LUNG1-228\STEP_11_GLCM_TEXTURE\GTV1_GLCM_Feature_Variability.csv,6,6,Patient_ID,6,,True,True
10,LUNG1-229\STEP_11_GLCM_TEXTURE\GTV1_GLCM_Feature_Variability.csv,6,6,Patient_ID,6,,True,True
10,LUNG1-230\STEP_11_GLCM_TEXTURE\GTV1_GLCM_Feature_Variability.csv,6,6,Patient_ID,6,,True,True
10,LUNG1-231\STEP_11_GLCM_TEXTURE\GTV1_GLCM_Feature_Variability.csv,6,6,Patient_ID,6,,True,True
10,LUNG1-232\STEP_11_GLCM_TEXTURE\GTV1_GLCM_Feature_Variability.csv,6,6,Patient_ID,6,,True,True
10,LUNG1-233\STEP_11_GLCM_TEXTURE\GTV1_GLCM_Feature_Variability.csv,6,6,Patient_ID,6,,True,True
10,LUNG1-234\STEP_11_GLCM_TEXTURE\GTV1_GLCM_Feature_Variability.csv,6,6,Patient_ID,6,,True,True
10,LUNG1-235\STEP_11_GLCM_TEXTURE\GTV1_GLCM_Feature_Variability.csv,6,6,Patient_ID,6,,True,True
10,LUNG1-236\STEP_11_GLCM_TEXTURE\GTV1_GLCM_Feature_Variability.csv,6,6,Patient_ID,6,,True,True
10,LUNG1-237\STEP_11_GLCM_TEXTURE\GTV1_GLCM_Feature_Variability.csv,6,6,Patient_ID,6,,True,True
10,LUNG1-238\STEP_11_GLCM_TEXTURE\GTV1_GLCM_Feature_Variability.csv,6,6,Patient_ID,6,,True,True
10,LUNG1-239\STEP_11_GLCM_TEXTURE\GTV1_GLCM_Feature_Variability.csv,6,6,Patient_ID,6,,True,True
10,LUNG1-240\STEP_11_GLCM_TEXTURE\GTV1_GLCM_Feature_Variability.csv,6,6,Patient_ID,6,,True,True
10,LUNG1-241\STEP_11_GLCM_TEXTURE\GTV1_GLCM_Feature_Variability.csv,6,6,Patient_ID,6,,True,True
10,LUNG1-242\STEP_11_GLCM_TEXTURE\GTV1_GLCM_Feature_Variability.csv,6,6,Patient_ID,6,,True,True
10,LUNG1-243\STEP_11_GLCM_TEXTURE\GTV1_GLCM_Feature_Variability.csv,6,6,Patient_ID,6,,True,True
10,LUNG1-244\STEP_11_GLCM_TEXTURE\GTV1_GLCM_Feature_Variability.csv,6,6,Patient_ID,6,,True,True
10,LUNG1-245\STEP_11_GLCM_TEXTURE\GTV1_GLCM_Feature_Variability.csv,6,6,Patient_ID,6,,True,True
10,LUNG1-246\STEP_11_GLCM_TEXTURE\GTV1_GLCM_Feature_Variability.csv,6,6,Patient_ID,6,,True,True
10,LUNG1-247\STEP_11_GLCM_TEXTURE\GTV1_GLCM_Feature_Variability.csv,6,6,Patient_ID,6,,True,True
10,LUNG1-248\STEP_11_GLCM_TEXTURE\GTV1_GLCM_Feature_Variability.csv,6,6,Patient_ID,6,,True,True
10,LUNG1-249\STEP_11_GLCM_TEXTURE\GTV1_GLCM_Feature_Variability.csv,6,6,Patient_ID,6,,True,True
10,LUNG1-250\STEP_11_GLCM_TEXTURE\GTV1_GLCM_Feature_Variability.csv,6,6,Patient_ID,6,,True,True
10,LUNG1-251\STEP_11_GLCM_TEXTURE\GTV1_GLCM_Feature_Variability.csv,6,6,Patient_ID,6,,True,True
10,LUNG1-252\STEP_11_GLCM_TEXTURE\GTV1_GLCM_Feature_Variability.csv,6,6,Patient_ID,6,,True,True
10,LUNG1-253\STEP_11_GLCM_TEXTURE\GTV1_GLCM_Feature_Variability.csv,6,6,Patient_ID,6,,True,True
10,LUNG1-254\STEP_11_GLCM_TEXTURE\GTV1_GLCM_Feature_Variability.csv,6,6,Patient_ID,6,,True,True
10,LUNG1-255\STEP_11_GLCM_TEXTURE\GTV1_GLCM_Feature_Variability.csv,6,6,Patient_ID,6,,True,True
10,LUNG1-256\STEP_11_GLCM_TEXTURE\GTV1_GLCM_Feature_Variability.csv,6,6,Patient_ID,6,,True,True
10,LUNG1-257\STEP_11_GLCM_TEXTURE\GTV1_GLCM_Feature_Variability.csv,6,6,Patient_ID,6,,True,True
10,LUNG1-258\STEP_11_GLCM_TEXTURE\GTV1_GLCM_Feature_Variability.csv,6,6,Patient_ID,6,,True,True
10,LUNG1-259\STEP_11_GLCM_TEXTURE\GTV1_GLCM_Feature_Variability.csv,6,6,Patient_ID,6,,True,True
10,LUNG1-260\STEP_11_GLCM_TEXTURE\GTV1_GLCM_Feature_Variability.csv,6,6,Patient_ID,6,,True,True
10,LUNG1-261\STEP_11_GLCM_TEXTURE\GTV1_GLCM_Feature_Variability.csv,6,6,Patient_ID,6,,True,True
10,LUNG1-262\STEP_11_GLCM_TEXTURE\GTV1_GLCM_Feature_Variability.csv,6,6,Patient_ID,6,,True,True
10,LUNG1-263\STEP_11_GLCM_TEXTURE\GTV1_GLCM_Feature_Variability.csv,6,6,Patient_ID,6,,True,True
10,LUNG1-264\STEP_11_GLCM_TEXTURE\GTV1_GLCM_Feature_Variability.csv,6,6,Patient_ID,6,,True,True
10,LUNG1-265\STEP_11_GLCM_TEXTURE\GTV1_GLCM_Feature_Variability.csv,6,6,Patient_ID,6,,True,True
10,LUNG1-266\STEP_11_GLCM_TEXTURE\GTV1_GLCM_Feature_Variability.csv,6,6,Patient_ID,6,,True,True
10,LUNG1-267\STEP_11_GLCM_TEXTURE\GTV1_GLCM_Feature_Variability.csv,6,6,Patient_ID,6,,True,True
10,LUNG1-268\STEP_11_GLCM_TEXTURE\GTV1_GLCM_Feature_Variability.csv,6,6,Patient_ID,6,,True,True
10,LUNG1-269\STEP_11_GLCM_TEXTURE\GTV1_GLCM_Feature_Variability.csv,6,6,Patient_ID,6,,True,True
10,LUNG1-270\STEP_11_GLCM_TEXTURE\GTV1_GLCM_Feature_Variability.csv,6,6,Patient_ID,6,,True,True
10,LUNG1-271\STEP_11_GLCM_TEXTURE\GTV1_GLCM_Feature_Variability.csv,6,6,Patient_ID,6,,True,True
10,LUNG1-272\STEP_11_GLCM_TEXTURE\GTV1_GLCM_Feature_Variability.csv,6,6,Patient_ID,6,,True,True
10,LUNG1-273\STEP_11_GLCM_TEXTURE\GTV1_GLCM_Feature_Variability.csv,6,6,Patient_ID,6,,True,True
10,LUNG1-274\STEP_11_GLCM_TEXTURE\GTV1_GLCM_Feature_Variability.csv,6,6,Patient_ID,6,,True,True
10,LUNG1-275\STEP_11_GLCM_TEXTURE\GTV1_GLCM_Feature_Variability.csv,6,6,Patient_ID,6,,True,True
10,LUNG1-276\STEP_11_GLCM_TEXTURE\GTV1_GLCM_Feature_Variability.csv,6,6,Patient_ID,6,,True,True
10,LUNG1-277\STEP_11_GLCM_TEXTURE\GTV1_GLCM_Feature_Variability.csv,6,6,Patient_ID,6,,True,True
10,LUNG1-278\STEP_11_GLCM_TEXTURE\GTV1_GLCM_Feature_Variability.csv,6,6,Patient_ID,6,,True,True
10,LUNG1-279\STEP_11_GLCM_TEXTURE\GTV1_GLCM_Feature_Variability.csv,6,6,Patient_ID,6,,True,True
10,LUNG1-280\STEP_11_GLCM_TEXTURE\GTV1_GLCM_Feature_Variability.csv,6,6,Patient_ID,6,,True,True
10,LUNG1-281\STEP_11_GLCM_TEXTURE\GTV1_GLCM_Feature_Variability.csv,6,6,Patient_ID,6,,True,True
10,LUNG1-281\STEP_12_LBP_TEXTURE\GTV1_LBP_slice_features.csv,6,7,Patient_ID,6,,True,True
10,LUNG1-282\STEP_11_GLCM_TEXTURE\GTV1_GLCM_Feature_Variability.csv,6,6,Patient_ID,6,,True,True
10,LUNG1-283\STEP_11_GLCM_TEXTURE\GTV1_GLCM_Feature_Variability.csv,6,6,Patient_ID,6,,True,True
10,LUNG1-284\STEP_11_GLCM_TEXTURE\GTV1_GLCM_Feature_Variability.csv,6,6,Patient_ID,6,,True,True
10,LUNG1-285\STEP_11_GLCM_TEXTURE\GTV1_GLCM_Feature_Variability.csv,6,6,Patient_ID,6,,True,True
10,LUNG1-286\STEP_11_GLCM_TEXTURE\GTV1_GLCM_Feature_Variability.csv,6,6,Patient_ID,6,,True,True
10,LUNG1-287\STEP_11_GLCM_TEXTURE\GTV1_GLCM_Feature_Variability.csv,6,6,Patient_ID,6,,True,True
10,LUNG1-288\STEP_11_GLCM_TEXTURE\GTV1_GLCM_Feature_Variability.csv,6,6,Patient_ID,6,,True,True
10,LUNG1-289\STEP_11_GLCM_TEXTURE\GTV1_GLCM_Feature_Variability.csv,6,6,Patient_ID,6,,True,True
10,LUNG1-290\STEP_11_GLCM_TEXTURE\GTV1_GLCM_Feature_Variability.csv,6,6,Patient_ID,6,,True,True
10,LUNG1-291\STEP_11_GLCM_TEXTURE\GTV1_GLCM_Feature_Variability.csv,6,6,Patient_ID,6,,True,True
10,LUNG1-292\STEP_11_GLCM_TEXTURE\GTV1_GLCM_Feature_Variability.csv,6,6,Patient_ID,6,,True,True
10,LUNG1-293\STEP_11_GLCM_TEXTURE\GTV1_GLCM_Feature_Variability.csv,6,6,Patient_ID,6,,True,True
10,LUNG1-294\STEP_11_GLCM_TEXTURE\GTV1_GLCM_Feature_Variability.csv,6,6,Patient_ID,6,,True,True
10,LUNG1-295\STEP_11_GLCM_TEXTURE\GTV1_GLCM_Feature_Variability.csv,6,6,Patient_ID,6,,True,True
10,LUNG1-296\STEP_11_GLCM_TEXTURE\GTV1_GLCM_Feature_Variability.csv,6,6,Patient_ID,6,,True,True
10,LUNG1-296\STEP_12_LBP_TEXTURE\GTV1_LBP_slice_features.csv,6,7,Patient_ID,6,,True,True
10,LUNG1-297\STEP_11_GLCM_TEXTURE\GTV1_GLCM_Feature_Variability.csv,6,6,Patient_ID,6,,True,True
10,LUNG1-298\STEP_11_GLCM_TEXTURE\GTV1_GLCM_Feature_Variability.csv,6,6,Patient_ID,6,,True,True
10,LUNG1-299\STEP_11_GLCM_TEXTURE\GTV1_GLCM_Feature_Variability.csv,6,6,Patient_ID,6,,True,True
10,LUNG1-300\STEP_11_GLCM_TEXTURE\GTV1_GLCM_Feature_Variability.csv,6,6,Patient_ID,6,,True,True
10,LUNG1-301\STEP_11_GLCM_TEXTURE\GTV1_GLCM_Feature_Variability.csv,6,6,Patient_ID,6,,True,True
10,LUNG1-302\STEP_11_GLCM_TEXTURE\GTV1_GLCM_Feature_Variability.csv,6,6,Patient_ID,6,,True,True
10,LUNG1-303\STEP_11_GLCM_TEXTURE\GTV1_GLCM_Feature_Variability.csv,6,6,Patient_ID,6,,True,True
10,LUNG1-304\STEP_11_GLCM_TEXTURE\GTV1_GLCM_Feature_Variability.csv,6,6,Patient_ID,6,,True,True
10,LUNG1-305\STEP_11_GLCM_TEXTURE\GTV1_GLCM_Feature_Variability.csv,6,6,Patient_ID,6,,True,True
10,LUNG1-306\STEP_11_GLCM_TEXTURE\GTV1_GLCM_Feature_Variability.csv,6,6,Patient_ID,6,,True,True
10,LUNG1-307\STEP_11_GLCM_TEXTURE\GTV1_GLCM_Feature_Variability.csv,6,6,Patient_ID,6,,True,True
10,LUNG1-308\STEP_11_GLCM_TEXTURE\GTV1_GLCM_Feature_Variability.csv,6,6,Patient_ID,6,,True,True
10,LUNG1-309\STEP_11_GLCM_TEXTURE\GTV1_GLCM_Feature_Variability.csv,6,6,Patient_ID,6,,True,True
10,LUNG1-310\STEP_11_GLCM_TEXTURE\GTV1_GLCM_Feature_Variability.csv,6,6,Patient_ID,6,,True,True
10,LUNG1-311\STEP_11_GLCM_TEXTURE\GTV1_GLCM_Feature_Variability.csv,6,6,Patient_ID,6,,True,True
10,LUNG1-312\STEP_11_GLCM_TEXTURE\GTV1_GLCM_Feature_Variability.csv,6,6,Patient_ID,6,,True,True
10,LUNG1-313\STEP_11_GLCM_TEXTURE\GTV1_GLCM_Feature_Variability.csv,6,6,Patient_ID,6,,True,True
10,LUNG1-314\STEP_11_GLCM_TEXTURE\GTV1_GLCM_Feature_Variability.csv,6,6,Patient_ID,6,,True,True
10,LUNG1-315\STEP_11_GLCM_TEXTURE\GTV1_GLCM_Feature_Variability.csv,6,6,Patient_ID,6,,True,True
10,LUNG1-316\STEP_11_GLCM_TEXTURE\GTV1_GLCM_Feature_Variability.csv,6,6,Patient_ID,6,,True,True
10,LUNG1-317\STEP_11_GLCM_TEXTURE\GTV1_GLCM_Feature_Variability.csv,6,6,Patient_ID,6,,True,True
10,LUNG1-318\STEP_11_GLCM_TEXTURE\GTV1_GLCM_Feature_Variability.csv,6,6,Patient_ID,6,,True,True
10,LUNG1-319\STEP_11_GLCM_TEXTURE\GTV1_GLCM_Feature_Variability.csv,6,6,Patient_ID,6,,True,True
10,LUNG1-320\STEP_11_GLCM_TEXTURE\GTV1_GLCM_Feature_Variability.csv,6,6,Patient_ID,6,,True,True
10,LUNG1-321\STEP_11_GLCM_TEXTURE\GTV1_GLCM_Feature_Variability.csv,6,6,Patient_ID,6,,True,True
10,LUNG1-322\STEP_11_GLCM_TEXTURE\GTV1_GLCM_Feature_Variability.csv,6,6,Patient_ID,6,,True,True
10,LUNG1-323\STEP_11_GLCM_TEXTURE\GTV1_GLCM_Feature_Variability.csv,6,6,Patient_ID,6,,True,True
10,LUNG1-324\STEP_11_GLCM_TEXTURE\GTV1_GLCM_Feature_Variability.csv,6,6,Patient_ID,6,,True,True
10,LUNG1-325\STEP_11_GLCM_TEXTURE\GTV1_GLCM_Feature_Variability.csv,6,6,Patient_ID,6,,True,True
10,LUNG1-325\STEP_12_LBP_TEXTURE\GTV1_LBP_slice_features.csv,6,7,Patient_ID,6,,True,True
10,LUNG1-326\STEP_11_GLCM_TEXTURE\GTV1_GLCM_Feature_Variability.csv,6,6,Patient_ID,6,,True,True
10,LUNG1-327\STEP_11_GLCM_TEXTURE\GTV1_GLCM_Feature_Variability.csv,6,6,Patient_ID,6,,True,True
10,LUNG1-328\STEP_11_GLCM_TEXTURE\GTV1_GLCM_Feature_Variability.csv,6,6,Patient_ID,6,,True,True
10,LUNG1-329\STEP_11_GLCM_TEXTURE\GTV1_GLCM_Feature_Variability.csv,6,6,Patient_ID,6,,True,True
10,LUNG1-330\STEP_11_GLCM_TEXTURE\GTV1_GLCM_Feature_Variability.csv,6,6,Patient_ID,6,,True,True
10,LUNG1-331\STEP_11_GLCM_TEXTURE\GTV1_GLCM_Feature_Variability.csv,6,6,Patient_ID,6,,True,True
10,LUNG1-332\STEP_11_GLCM_TEXTURE\GTV1_GLCM_Feature_Variability.csv,6,6,Patient_ID,6,,True,True
10,LUNG1-333\STEP_11_GLCM_TEXTURE\GTV1_GLCM_Feature_Variability.csv,6,6,Patient_ID,6,,True,True
10,LUNG1-334\STEP_11_GLCM_TEXTURE\GTV1_GLCM_Feature_Variability.csv,6,6,Patient_ID,6,,True,True
10,LUNG1-335\STEP_11_GLCM_TEXTURE\GTV1_GLCM_Feature_Variability.csv,6,6,Patient_ID,6,,True,True
10,LUNG1-336\STEP_11_GLCM_TEXTURE\GTV1_GLCM_Feature_Variability.csv,6,6,Patient_ID,6,,True,True
10,LUNG1-337\STEP_11_GLCM_TEXTURE\GTV1_GLCM_Feature_Variability.csv,6,6,Patient_ID,6,,True,True
10,LUNG1-338\STEP_11_GLCM_TEXTURE\GTV1_GLCM_Feature_Variability.csv,6,6,Patient_ID,6,,True,True
10,LUNG1-339\STEP_11_GLCM_TEXTURE\GTV1_GLCM_Feature_Variability.csv,6,6,Patient_ID,6,,True,True
10,LUNG1-340\STEP_11_GLCM_TEXTURE\GTV1_GLCM_Feature_Variability.csv,6,6,Patient_ID,6,,True,True
10,LUNG1-341\STEP_11_GLCM_TEXTURE\GTV1_GLCM_Feature_Variability.csv,6,6,Patient_ID,6,,True,True
10,LUNG1-342\STEP_11_GLCM_TEXTURE\GTV1_GLCM_Feature_Variability.csv,6,6,Patient_ID,6,,True,True
10,LUNG1-343\STEP_11_GLCM_TEXTURE\GTV1_GLCM_Feature_Variability.csv,6,6,Patient_ID,6,,True,True
10,LUNG1-344\STEP_11_GLCM_TEXTURE\GTV1_GLCM_Feature_Variability.csv,6,6,Patient_ID,6,,True,True
10,LUNG1-345\STEP_11_GLCM_TEXTURE\GTV1_GLCM_Feature_Variability.csv,6,6,Patient_ID,6,,True,True
10,LUNG1-346\STEP_11_GLCM_TEXTURE\GTV1_GLCM_Feature_Variability.csv,6,6,Patient_ID,6,,True,True
10,LUNG1-347\STEP_11_GLCM_TEXTURE\GTV1_GLCM_Feature_Variability.csv,6,6,Patient_ID,6,,True,True
10,LUNG1-348\STEP_11_GLCM_TEXTURE\GTV1_GLCM_Feature_Variability.csv,6,6,Patient_ID,6,,True,True
10,LUNG1-349\STEP_11_GLCM_TEXTURE\GTV1_GLCM_Feature_Variability.csv,6,6,Patient_ID,6,,True,True
10,LUNG1-350\STEP_11_GLCM_TEXTURE\GTV1_GLCM_Feature_Variability.csv,6,6,Patient_ID,6,,True,True
10,LUNG1-351\STEP_11_GLCM_TEXTURE\GTV1_GLCM_Feature_Variability.csv,6,6,Patient_ID,6,,True,True
10,LUNG1-352\STEP_11_GLCM_TEXTURE\GTV1_GLCM_Feature_Variability.csv,6,6,Patient_ID,6,,True,True
10,LUNG1-353\STEP_11_GLCM_TEXTURE\GTV1_GLCM_Feature_Variability.csv,6,6,Patient_ID,6,,True,True
10,LUNG1-354\STEP_11_GLCM_TEXTURE\GTV1_GLCM_Feature_Variability.csv,6,6,Patient_ID,6,,True,True
10,LUNG1-355\STEP_11_GLCM_TEXTURE\GTV1_GLCM_Feature_Variability.csv,6,6,Patient_ID,6,,True,True
10,LUNG1-356\STEP_11_GLCM_TEXTURE\GTV1_GLCM_Feature_Variability.csv,6,6,Patient_ID,6,,True,True
10,LUNG1-357\STEP_11_GLCM_TEXTURE\GTV1_GLCM_Feature_Variability.csv,6,6,Patient_ID,6,,True,True
10,LUNG1-358\STEP_11_GLCM_TEXTURE\GTV1_GLCM_Feature_Variability.csv,6,6,Patient_ID,6,,True,True
10,LUNG1-359\STEP_11_GLCM_TEXTURE\GTV1_GLCM_Feature_Variability.csv,6,6,Patient_ID,6,,True,True
10,LUNG1-359\STEP_12_LBP_TEXTURE\GTV1_LBP_slice_features.csv,6,7,Patient_ID,6,,True,True
10,LUNG1-360\STEP_11_GLCM_TEXTURE\GTV1_GLCM_Feature_Variability.csv,6,6,Patient_ID,6,,True,True
10,LUNG1-361\STEP_11_GLCM_TEXTURE\GTV1_GLCM_Feature_Variability.csv,6,6,Patient_ID,6,,True,True
10,LUNG1-362\STEP_11_GLCM_TEXTURE\GTV1_GLCM_Feature_Variability.csv,6,6,Patient_ID,6,,True,True
10,LUNG1-363\STEP_11_GLCM_TEXTURE\GTV1_GLCM_Feature_Variability.csv,6,6,Patient_ID,6,,True,True
10,LUNG1-364\STEP_11_GLCM_TEXTURE\GTV1_GLCM_Feature_Variability.csv,6,6,Patient_ID,6,,True,True
10,LUNG1-365\STEP_11_GLCM_TEXTURE\GTV1_GLCM_Feature_Variability.csv,6,6,Patient_ID,6,,True,True
10,LUNG1-366\STEP_11_GLCM_TEXTURE\GTV1_GLCM_Feature_Variability.csv,6,6,Patient_ID,6,,True,True
10,LUNG1-367\STEP_11_GLCM_TEXTURE\GTV1_GLCM_Feature_Variability.csv,6,6,Patient_ID,6,,True,True
10,LUNG1-368\STEP_11_GLCM_TEXTURE\GTV1_GLCM_Feature_Variability.csv,6,6,Patient_ID,6,,True,True
10,LUNG1-369\STEP_11_GLCM_TEXTURE\GTV1_GLCM_Feature_Variability.csv,6,6,Patient_ID,6,,True,True
10,LUNG1-370\STEP_11_GLCM_TEXTURE\GTV1_GLCM_Feature_Variability.csv,6,6,Patient_ID,6,,True,True
10,LUNG1-371\STEP_11_GLCM_TEXTURE\GTV1_GLCM_Feature_Variability.csv,6,6,Patient_ID,6,,True,True
10,LUNG1-372\STEP_11_GLCM_TEXTURE\GTV1_GLCM_Feature_Variability.csv,6,6,Patient_ID,6,,True,True
10,LUNG1-373\STEP_11_GLCM_TEXTURE\GTV1_GLCM_Feature_Variability.csv,6,6,Patient_ID,6,,True,True
10,LUNG1-374\STEP_11_GLCM_TEXTURE\GTV1_GLCM_Feature_Variability.csv,6,6,Patient_ID,6,,True,True
10,LUNG1-375\STEP_11_GLCM_TEXTURE\GTV1_GLCM_Feature_Variability.csv,6,6,Patient_ID,6,,True,True
10,LUNG1-376\STEP_11_GLCM_TEXTURE\GTV1_GLCM_Feature_Variability.csv,6,6,Patient_ID,6,,True,True
10,LUNG1-377\STEP_11_GLCM_TEXTURE\GTV1_GLCM_Feature_Variability.csv,6,6,Patient_ID,6,,True,True
10,LUNG1-378\STEP_11_GLCM_TEXTURE\GTV1_GLCM_Feature_Variability.csv,6,6,Patient_ID,6,,True,True
10,LUNG1-379\STEP_11_GLCM_TEXTURE\GTV1_GLCM_Feature_Variability.csv,6,6,Patient_ID,6,,True,True
10,LUNG1-380\STEP_11_GLCM_TEXTURE\GTV1_GLCM_Feature_Variability.csv,6,6,Patient_ID,6,,True,True
10,LUNG1-381\STEP_11_GLCM_TEXTURE\GTV1_GLCM_Feature_Variability.csv,6,6,Patient_ID,6,,True,True
10,LUNG1-382\STEP_11_GLCM_TEXTURE\GTV1_GLCM_Feature_Variability.csv,6,6,Patient_ID,6,,True,True
10,LUNG1-383\STEP_11_GLCM_TEXTURE\GTV1_GLCM_Feature_Variability.csv,6,6,Patient_ID,6,,True,True
10,LUNG1-384\STEP_11_GLCM_TEXTURE\GTV1_GLCM_Feature_Variability.csv,6,6,Patient_ID,6,,True,True
10,LUNG1-385\STEP_11_GLCM_TEXTURE\GTV1_GLCM_Feature_Variability.csv,6,6,Patient_ID,6,,True,True
10,LUNG1-386\STEP_11_GLCM_TEXTURE\GTV1_GLCM_Feature_Variability.csv,6,6,Patient_ID,6,,True,True
10,LUNG1-387\STEP_11_GLCM_TEXTURE\GTV1_GLCM_Feature_Variability.csv,6,6,Patient_ID,6,,True,True
10,LUNG1-388\STEP_11_GLCM_TEXTURE\GTV1_GLCM_Feature_Variability.csv,6,6,Patient_ID,6,,True,True
10,LUNG1-389\STEP_11_GLCM_TEXTURE\GTV1_GLCM_Feature_Variability.csv,6,6,Patient_ID,6,,True,True
10,LUNG1-390\STEP_11_GLCM_TEXTURE\GTV1_GLCM_Feature_Variability.csv,6,6,Patient_ID,6,,True,True
10,LUNG1-391\STEP_11_GLCM_TEXTURE\GTV1_GLCM_Feature_Variability.csv,6,6,Patient_ID,6,,True,True
10,LUNG1-392\STEP_11_GLCM_TEXTURE\GTV1_GLCM_Feature_Variability.csv,6,6,Patient_ID,6,,True,True
10,LUNG1-393\STEP_11_GLCM_TEXTURE\GTV1_GLCM_Feature_Variability.csv,6,6,Patient_ID,6,,True,True
10,LUNG1-394\STEP_11_GLCM_TEXTURE\GTV1_GLCM_Feature_Variability.csv,6,6,Patient_ID,6,,True,True
10,LUNG1-395\STEP_11_GLCM_TEXTURE\GTV1_GLCM_Feature_Variability.csv,6,6,Patient_ID,6,,True,True
10,LUNG1-396\STEP_11_GLCM_TEXTURE\GTV1_GLCM_Feature_Variability.csv,6,6,Patient_ID,6,,True,True
10,LUNG1-397\STEP_11_GLCM_TEXTURE\GTV1_GLCM_Feature_Variability.csv,6,6,Patient_ID,6,,True,True
10,LUNG1-398\STEP_11_GLCM_TEXTURE\GTV1_GLCM_Feature_Variability.csv,6,6,Patient_ID,6,,True,True
10,LUNG1-399\STEP_11_GLCM_TEXTURE\GTV1_GLCM_Feature_Variability.csv,6,6,Patient_ID,6,,True,True
10,LUNG1-400\STEP_11_GLCM_TEXTURE\GTV1_GLCM_Feature_Variability.csv,6,6,Patient_ID,6,,True,True
10,LUNG1-401\STEP_11_GLCM_TEXTURE\GTV1_GLCM_Feature_Variability.csv,6,6,Patient_ID,6,,True,True
10,LUNG1-402\STEP_11_GLCM_TEXTURE\GTV1_GLCM_Feature_Variability.csv,6,6,Patient_ID,6,,True,True
10,LUNG1-403\STEP_11_GLCM_TEXTURE\GTV1_GLCM_Feature_Variability.csv,6,6,Patient_ID,6,,True,True
10,LUNG1-404\STEP_11_GLCM_TEXTURE\GTV1_GLCM_Feature_Variability.csv,6,6,Patient_ID,6,,True,True
10,LUNG1-405\STEP_11_GLCM_TEXTURE\GTV1_GLCM_Feature_Variability.csv,6,6,Patient_ID,6,,True,True
10,LUNG1-406\STEP_11_GLCM_TEXTURE\GTV1_GLCM_Feature_Variability.csv,6,6,Patient_ID,6,,True,True
10,LUNG1-407\STEP_11_GLCM_TEXTURE\GTV1_GLCM_Feature_Variability.csv,6,6,Patient_ID,6,,True,True
10,LUNG1-408\STEP_11_GLCM_TEXTURE\GTV1_GLCM_Feature_Variability.csv,6,6,Patient_ID,6,,True,True
10,LUNG1-409\STEP_11_GLCM_TEXTURE\GTV1_GLCM_Feature_Variability.csv,6,6,Patient_ID,6,,True,True
10,LUNG1-410\STEP_11_GLCM_TEXTURE\GTV1_GLCM_Feature_Variability.csv,6,6,Patient_ID,6,,True,True
10,LUNG1-411\STEP_11_GLCM_TEXTURE\GTV1_GLCM_Feature_Variability.csv,6,6,Patient_ID,6,,True,True
10,LUNG1-412\STEP_11_GLCM_TEXTURE\GTV1_GLCM_Feature_Variability.csv,6,6,Patient_ID,6,,True,True
10,LUNG1-413\STEP_11_GLCM_TEXTURE\GTV1_GLCM_Feature_Variability.csv,6,6,Patient_ID,6,,True,True
10,LUNG1-414\STEP_11_GLCM_TEXTURE\GTV1_GLCM_Feature_Variability.csv,6,6,Patient_ID,6,,True,True
10,LUNG1-415\STEP_11_GLCM_TEXTURE\GTV1_GLCM_Feature_Variability.csv,6,6,Patient_ID,6,,True,True
10,LUNG1-415\STEP_12_LBP_TEXTURE\GTV1_LBP_slice_features.csv,6,7,Patient_ID,6,,True,True
10,LUNG1-416\STEP_11_GLCM_TEXTURE\GTV1_GLCM_Feature_Variability.csv,6,6,Patient_ID,6,,True,True
10,LUNG1-417\STEP_11_GLCM_TEXTURE\GTV1_GLCM_Feature_Variability.csv,6,6,Patient_ID,6,,True,True
10,LUNG1-418\STEP_11_GLCM_TEXTURE\GTV1_GLCM_Feature_Variability.csv,6,6,Patient_ID,6,,True,True
10,LUNG1-419\STEP_11_GLCM_TEXTURE\GTV1_GLCM_Feature_Variability.csv,6,6,Patient_ID,6,,True,True
10,LUNG1-420\STEP_11_GLCM_TEXTURE\GTV1_GLCM_Feature_Variability.csv,6,6,Patient_ID,6,,True,True
10,LUNG1-421\STEP_11_GLCM_TEXTURE\GTV1_GLCM_Feature_Variability.csv,6,6,Patient_ID,6,,True,True
10,LUNG1-422\STEP_11_GLCM_TEXTURE\GTV1_GLCM_Feature_Variability.csv,6,6,Patient_ID,6,,True,True
10,LUNG1-015\STEP_12_LBP_TEXTURE\GTV1_LBP_slice_features.csv,5,7,Patient_ID,5,,True,True
10,LUNG1-100\STEP_12_LBP_TEXTURE\GTV1_LBP_slice_features.csv,5,7,Patient_ID,5,,True,True
10,LUNG1-111\STEP_12_LBP_TEXTURE\GTV1_LBP_slice_features.csv,5,7,Patient_ID,5,,True,True
10,LUNG1-133\STEP_12_LBP_TEXTURE\GTV1_LBP_slice_features.csv,5,7,Patient_ID,5,,True,True
10,LUNG1-134\STEP_12_LBP_TEXTURE\GTV1_LBP_slice_features.csv,5,7,Patient_ID,5,,True,True
10,LUNG1-216\STEP_12_LBP_TEXTURE\GTV1_LBP_slice_features.csv,5,7,Patient_ID,5,,True,True
10,LUNG1-231\STEP_12_LBP_TEXTURE\GTV1_LBP_slice_features.csv,5,7,Patient_ID,5,,True,True
10,LUNG1-272\STEP_12_LBP_TEXTURE\GTV1_LBP_slice_features.csv,5,7,Patient_ID,5,,True,True
10,LUNG1-288\STEP_12_LBP_TEXTURE\GTV1_LBP_slice_features.csv,5,7,Patient_ID,5,,True,True
10,LUNG1-307\STEP_12_LBP_TEXTURE\GTV1_LBP_slice_features.csv,5,7,Patient_ID,5,,True,True
10,LUNG1-001\STEP_11_GLCM_TEXTURE\GTV1_GLCM_Features_By_Orientation.csv,4,8,Patient_ID,4,,True,True
10,LUNG1-002\STEP_11_GLCM_TEXTURE\GTV1_GLCM_Features_By_Orientation.csv,4,8,Patient_ID,4,,True,True
10,LUNG1-003\STEP_11_GLCM_TEXTURE\GTV1_GLCM_Features_By_Orientation.csv,4,8,Patient_ID,4,,True,True
10,LUNG1-004\STEP_11_GLCM_TEXTURE\GTV1_GLCM_Features_By_Orientation.csv,4,8,Patient_ID,4,,True,True
10,LUNG1-005\STEP_11_GLCM_TEXTURE\GTV1_GLCM_Features_By_Orientation.csv,4,8,Patient_ID,4,,True,True
10,LUNG1-006\STEP_11_GLCM_TEXTURE\GTV1_GLCM_Features_By_Orientation.csv,4,8,Patient_ID,4,,True,True
10,LUNG1-007\STEP_11_GLCM_TEXTURE\GTV1_GLCM_Features_By_Orientation.csv,4,8,Patient_ID,4,,True,True
10,LUNG1-008\STEP_11_GLCM_TEXTURE\GTV1_GLCM_Features_By_Orientation.csv,4,8,Patient_ID,4,,True,True
10,LUNG1-009\STEP_11_GLCM_TEXTURE\GTV1_GLCM_Features_By_Orientation.csv,4,8,Patient_ID,4,,True,True
10,LUNG1-010\STEP_11_GLCM_TEXTURE\GTV1_GLCM_Features_By_Orientation.csv,4,8,Patient_ID,4,,True,True
10,LUNG1-011\STEP_11_GLCM_TEXTURE\GTV1_GLCM_Features_By_Orientation.csv,4,8,Patient_ID,4,,True,True
10,LUNG1-012\STEP_11_GLCM_TEXTURE\GTV1_GLCM_Features_By_Orientation.csv,4,8,Patient_ID,4,,True,True
10,LUNG1-013\STEP_11_GLCM_TEXTURE\GTV1_GLCM_Features_By_Orientation.csv,4,8,Patient_ID,4,,True,True
10,LUNG1-014\STEP_11_GLCM_TEXTURE\GTV1_GLCM_Features_By_Orientation.csv,4,8,Patient_ID,4,,True,True
10,LUNG1-015\STEP_11_GLCM_TEXTURE\GTV1_GLCM_Features_By_Orientation.csv,4,8,Patient_ID,4,,True,True
10,LUNG1-016\STEP_11_GLCM_TEXTURE\GTV1_GLCM_Features_By_Orientation.csv,4,8,Patient_ID,4,,True,True
10,LUNG1-017\STEP_11_GLCM_TEXTURE\GTV1_GLCM_Features_By_Orientation.csv,4,8,Patient_ID,4,,True,True
10,LUNG1-018\STEP_11_GLCM_TEXTURE\GTV1_GLCM_Features_By_Orientation.csv,4,8,Patient_ID,4,,True,True
10,LUNG1-019\STEP_11_GLCM_TEXTURE\GTV1_GLCM_Features_By_Orientation.csv,4,8,Patient_ID,4,,True,True
10,LUNG1-020\STEP_11_GLCM_TEXTURE\GTV1_GLCM_Features_By_Orientation.csv,4,8,Patient_ID,4,,True,True
10,LUNG1-021\STEP_11_GLCM_TEXTURE\GTV1_GLCM_Features_By_Orientation.csv,4,8,Patient_ID,4,,True,True
10,LUNG1-022\STEP_11_GLCM_TEXTURE\GTV1_GLCM_Features_By_Orientation.csv,4,8,Patient_ID,4,,True,True
10,LUNG1-023\STEP_11_GLCM_TEXTURE\GTV1_GLCM_Features_By_Orientation.csv,4,8,Patient_ID,4,,True,True
10,LUNG1-024\STEP_11_GLCM_TEXTURE\GTV1_GLCM_Features_By_Orientation.csv,4,8,Patient_ID,4,,True,True
10,LUNG1-025\STEP_11_GLCM_TEXTURE\GTV1_GLCM_Features_By_Orientation.csv,4,8,Patient_ID,4,,True,True
10,LUNG1-026\STEP_11_GLCM_TEXTURE\GTV1_GLCM_Features_By_Orientation.csv,4,8,Patient_ID,4,,True,True
10,LUNG1-027\STEP_11_GLCM_TEXTURE\GTV1_GLCM_Features_By_Orientation.csv,4,8,Patient_ID,4,,True,True
10,LUNG1-028\STEP_11_GLCM_TEXTURE\GTV1_GLCM_Features_By_Orientation.csv,4,8,Patient_ID,4,,True,True
10,LUNG1-029\STEP_11_GLCM_TEXTURE\GTV1_GLCM_Features_By_Orientation.csv,4,8,Patient_ID,4,,True,True
10,LUNG1-030\STEP_11_GLCM_TEXTURE\GTV1_GLCM_Features_By_Orientation.csv,4,8,Patient_ID,4,,True,True
10,LUNG1-031\STEP_11_GLCM_TEXTURE\GTV1_GLCM_Features_By_Orientation.csv,4,8,Patient_ID,4,,True,True
10,LUNG1-032\STEP_11_GLCM_TEXTURE\GTV1_GLCM_Features_By_Orientation.csv,4,8,Patient_ID,4,,True,True
10,LUNG1-033\STEP_11_GLCM_TEXTURE\GTV1_GLCM_Features_By_Orientation.csv,4,8,Patient_ID,4,,True,True
10,LUNG1-034\STEP_11_GLCM_TEXTURE\GTV1_GLCM_Features_By_Orientation.csv,4,8,Patient_ID,4,,True,True
10,LUNG1-035\STEP_11_GLCM_TEXTURE\GTV1_GLCM_Features_By_Orientation.csv,4,8,Patient_ID,4,,True,True
10,LUNG1-036\STEP_11_GLCM_TEXTURE\GTV1_GLCM_Features_By_Orientation.csv,4,8,Patient_ID,4,,True,True
10,LUNG1-037\STEP_11_GLCM_TEXTURE\GTV1_GLCM_Features_By_Orientation.csv,4,8,Patient_ID,4,,True,True
10,LUNG1-038\STEP_11_GLCM_TEXTURE\GTV1_GLCM_Features_By_Orientation.csv,4,8,Patient_ID,4,,True,True
10,LUNG1-039\STEP_11_GLCM_TEXTURE\GTV1_GLCM_Features_By_Orientation.csv,4,8,Patient_ID,4,,True,True
10,LUNG1-040\STEP_11_GLCM_TEXTURE\GTV1_GLCM_Features_By_Orientation.csv,4,8,Patient_ID,4,,True,True
10,LUNG1-041\STEP_11_GLCM_TEXTURE\GTV1_GLCM_Features_By_Orientation.csv,4,8,Patient_ID,4,,True,True
10,LUNG1-042\STEP_11_GLCM_TEXTURE\GTV1_GLCM_Features_By_Orientation.csv,4,8,Patient_ID,4,,True,True
10,LUNG1-043\STEP_11_GLCM_TEXTURE\GTV1_GLCM_Features_By_Orientation.csv,4,8,Patient_ID,4,,True,True
10,LUNG1-044\STEP_11_GLCM_TEXTURE\GTV1_GLCM_Features_By_Orientation.csv,4,8,Patient_ID,4,,True,True
10,LUNG1-045\STEP_11_GLCM_TEXTURE\GTV1_GLCM_Features_By_Orientation.csv,4,8,Patient_ID,4,,True,True
10,LUNG1-046\STEP_11_GLCM_TEXTURE\GTV1_GLCM_Features_By_Orientation.csv,4,8,Patient_ID,4,,True,True
10,LUNG1-047\STEP_11_GLCM_TEXTURE\GTV1_GLCM_Features_By_Orientation.csv,4,8,Patient_ID,4,,True,True
10,LUNG1-048\STEP_11_GLCM_TEXTURE\GTV1_GLCM_Features_By_Orientation.csv,4,8,Patient_ID,4,,True,True
10,LUNG1-049\STEP_11_GLCM_TEXTURE\GTV1_GLCM_Features_By_Orientation.csv,4,8,Patient_ID,4,,True,True
10,LUNG1-049\STEP_12_LBP_TEXTURE\GTV1_LBP_slice_features.csv,4,7,Patient_ID,4,,True,True
10,LUNG1-050\STEP_11_GLCM_TEXTURE\GTV1_GLCM_Features_By_Orientation.csv,4,8,Patient_ID,4,,True,True
10,LUNG1-050\STEP_12_LBP_TEXTURE\GTV1_LBP_slice_features.csv,4,7,Patient_ID,4,,True,True
10,LUNG1-051\STEP_11_GLCM_TEXTURE\GTV1_GLCM_Features_By_Orientation.csv,4,8,Patient_ID,4,,True,True
10,LUNG1-052\STEP_11_GLCM_TEXTURE\GTV1_GLCM_Features_By_Orientation.csv,4,8,Patient_ID,4,,True,True
10,LUNG1-053\STEP_11_GLCM_TEXTURE\GTV1_GLCM_Features_By_Orientation.csv,4,8,Patient_ID,4,,True,True
10,LUNG1-054\STEP_11_GLCM_TEXTURE\GTV1_GLCM_Features_By_Orientation.csv,4,8,Patient_ID,4,,True,True
10,LUNG1-055\STEP_11_GLCM_TEXTURE\GTV1_GLCM_Features_By_Orientation.csv,4,8,Patient_ID,4,,True,True
10,LUNG1-056\STEP_11_GLCM_TEXTURE\GTV1_GLCM_Features_By_Orientation.csv,4,8,Patient_ID,4,,True,True
10,LUNG1-057\STEP_11_GLCM_TEXTURE\GTV1_GLCM_Features_By_Orientation.csv,4,8,Patient_ID,4,,True,True
10,LUNG1-058\STEP_11_GLCM_TEXTURE\GTV1_GLCM_Features_By_Orientation.csv,4,8,Patient_ID,4,,True,True
10,LUNG1-059\STEP_11_GLCM_TEXTURE\GTV1_GLCM_Features_By_Orientation.csv,4,8,Patient_ID,4,,True,True
10,LUNG1-060\STEP_11_GLCM_TEXTURE\GTV1_GLCM_Features_By_Orientation.csv,4,8,Patient_ID,4,,True,True
10,LUNG1-061\STEP_11_GLCM_TEXTURE\GTV1_GLCM_Features_By_Orientation.csv,4,8,Patient_ID,4,,True,True
10,LUNG1-062\STEP_11_GLCM_TEXTURE\GTV1_GLCM_Features_By_Orientation.csv,4,8,Patient_ID,4,,True,True
10,LUNG1-063\STEP_11_GLCM_TEXTURE\GTV1_GLCM_Features_By_Orientation.csv,4,8,Patient_ID,4,,True,True
10,LUNG1-064\STEP_11_GLCM_TEXTURE\GTV1_GLCM_Features_By_Orientation.csv,4,8,Patient_ID,4,,True,True
10,LUNG1-065\STEP_11_GLCM_TEXTURE\GTV1_GLCM_Features_By_Orientation.csv,4,8,Patient_ID,4,,True,True
10,LUNG1-066\STEP_11_GLCM_TEXTURE\GTV1_GLCM_Features_By_Orientation.csv,4,8,Patient_ID,4,,True,True
10,LUNG1-067\STEP_11_GLCM_TEXTURE\GTV1_GLCM_Features_By_Orientation.csv,4,8,Patient_ID,4,,True,True
10,LUNG1-068\STEP_11_GLCM_TEXTURE\GTV1_GLCM_Features_By_Orientation.csv,4,8,Patient_ID,4,,True,True
10,LUNG1-069\STEP_11_GLCM_TEXTURE\GTV1_GLCM_Features_By_Orientation.csv,4,8,Patient_ID,4,,True,True
10,LUNG1-070\STEP_11_GLCM_TEXTURE\GTV1_GLCM_Features_By_Orientation.csv,4,8,Patient_ID,4,,True,True
10,LUNG1-071\STEP_11_GLCM_TEXTURE\GTV1_GLCM_Features_By_Orientation.csv,4,8,Patient_ID,4,,True,True
10,LUNG1-072\STEP_11_GLCM_TEXTURE\GTV1_GLCM_Features_By_Orientation.csv,4,8,Patient_ID,4,,True,True
10,LUNG1-073\STEP_11_GLCM_TEXTURE\GTV1_GLCM_Features_By_Orientation.csv,4,8,Patient_ID,4,,True,True
10,LUNG1-074\STEP_11_GLCM_TEXTURE\GTV1_GLCM_Features_By_Orientation.csv,4,8,Patient_ID,4,,True,True
10,LUNG1-075\STEP_11_GLCM_TEXTURE\GTV1_GLCM_Features_By_Orientation.csv,4,8,Patient_ID,4,,True,True
10,LUNG1-076\STEP_11_GLCM_TEXTURE\GTV1_GLCM_Features_By_Orientation.csv,4,8,Patient_ID,4,,True,True
10,LUNG1-077\STEP_11_GLCM_TEXTURE\GTV1_GLCM_Features_By_Orientation.csv,4,8,Patient_ID,4,,True,True
10,LUNG1-078\STEP_11_GLCM_TEXTURE\GTV1_GLCM_Features_By_Orientation.csv,4,8,Patient_ID,4,,True,True
10,LUNG1-079\STEP_11_GLCM_TEXTURE\GTV1_GLCM_Features_By_Orientation.csv,4,8,Patient_ID,4,,True,True
10,LUNG1-080\STEP_11_GLCM_TEXTURE\GTV1_GLCM_Features_By_Orientation.csv,4,8,Patient_ID,4,,True,True
10,LUNG1-081\STEP_11_GLCM_TEXTURE\GTV1_GLCM_Features_By_Orientation.csv,4,8,Patient_ID,4,,True,True
10,LUNG1-082\STEP_11_GLCM_TEXTURE\GTV1_GLCM_Features_By_Orientation.csv,4,8,Patient_ID,4,,True,True
10,LUNG1-083\STEP_11_GLCM_TEXTURE\GTV1_GLCM_Features_By_Orientation.csv,4,8,Patient_ID,4,,True,True
10,LUNG1-084\STEP_11_GLCM_TEXTURE\GTV1_GLCM_Features_By_Orientation.csv,4,8,Patient_ID,4,,True,True
10,LUNG1-085\STEP_11_GLCM_TEXTURE\GTV1_GLCM_Features_By_Orientation.csv,4,8,Patient_ID,4,,True,True
10,LUNG1-086\STEP_11_GLCM_TEXTURE\GTV1_GLCM_Features_By_Orientation.csv,4,8,Patient_ID,4,,True,True
10,LUNG1-086\STEP_12_LBP_TEXTURE\GTV1_LBP_slice_features.csv,4,7,Patient_ID,4,,True,True
10,LUNG1-087\STEP_11_GLCM_TEXTURE\GTV1_GLCM_Features_By_Orientation.csv,4,8,Patient_ID,4,,True,True
10,LUNG1-088\STEP_11_GLCM_TEXTURE\GTV1_GLCM_Features_By_Orientation.csv,4,8,Patient_ID,4,,True,True
10,LUNG1-089\STEP_11_GLCM_TEXTURE\GTV1_GLCM_Features_By_Orientation.csv,4,8,Patient_ID,4,,True,True
10,LUNG1-089\STEP_12_LBP_TEXTURE\GTV1_LBP_slice_features.csv,4,7,Patient_ID,4,,True,True
10,LUNG1-090\STEP_11_GLCM_TEXTURE\GTV1_GLCM_Features_By_Orientation.csv,4,8,Patient_ID,4,,True,True
10,LUNG1-091\STEP_11_GLCM_TEXTURE\GTV1_GLCM_Features_By_Orientation.csv,4,8,Patient_ID,4,,True,True
10,LUNG1-092\STEP_11_GLCM_TEXTURE\GTV1_GLCM_Features_By_Orientation.csv,4,8,Patient_ID,4,,True,True
10,LUNG1-093\STEP_11_GLCM_TEXTURE\GTV1_GLCM_Features_By_Orientation.csv,4,8,Patient_ID,4,,True,True
10,LUNG1-094\STEP_11_GLCM_TEXTURE\GTV1_GLCM_Features_By_Orientation.csv,4,8,Patient_ID,4,,True,True
10,LUNG1-095\STEP_11_GLCM_TEXTURE\GTV1_GLCM_Features_By_Orientation.csv,4,8,Patient_ID,4,,True,True
10,LUNG1-096\STEP_11_GLCM_TEXTURE\GTV1_GLCM_Features_By_Orientation.csv,4,8,Patient_ID,4,,True,True
10,LUNG1-097\STEP_11_GLCM_TEXTURE\GTV1_GLCM_Features_By_Orientation.csv,4,8,Patient_ID,4,,True,True
10,LUNG1-098\STEP_11_GLCM_TEXTURE\GTV1_GLCM_Features_By_Orientation.csv,4,8,Patient_ID,4,,True,True
10,LUNG1-098\STEP_12_LBP_TEXTURE\GTV1_LBP_slice_features.csv,4,7,Patient_ID,4,,True,True
10,LUNG1-099\STEP_11_GLCM_TEXTURE\GTV1_GLCM_Features_By_Orientation.csv,4,8,Patient_ID,4,,True,True
10,LUNG1-100\STEP_11_GLCM_TEXTURE\GTV1_GLCM_Features_By_Orientation.csv,4,8,Patient_ID,4,,True,True
10,LUNG1-101\STEP_11_GLCM_TEXTURE\GTV1_GLCM_Features_By_Orientation.csv,4,8,Patient_ID,4,,True,True
10,LUNG1-102\STEP_11_GLCM_TEXTURE\GTV1_GLCM_Features_By_Orientation.csv,4,8,Patient_ID,4,,True,True
10,LUNG1-103\STEP_11_GLCM_TEXTURE\GTV1_GLCM_Features_By_Orientation.csv,4,8,Patient_ID,4,,True,True
10,LUNG1-104\STEP_11_GLCM_TEXTURE\GTV1_GLCM_Features_By_Orientation.csv,4,8,Patient_ID,4,,True,True
10,LUNG1-105\STEP_11_GLCM_TEXTURE\GTV1_GLCM_Features_By_Orientation.csv,4,8,Patient_ID,4,,True,True
10,LUNG1-106\STEP_11_GLCM_TEXTURE\GTV1_GLCM_Features_By_Orientation.csv,4,8,Patient_ID,4,,True,True
10,LUNG1-107\STEP_11_GLCM_TEXTURE\GTV1_GLCM_Features_By_Orientation.csv,4,8,Patient_ID,4,,True,True
10,LUNG1-108\STEP_11_GLCM_TEXTURE\GTV1_GLCM_Features_By_Orientation.csv,4,8,Patient_ID,4,,True,True
10,LUNG1-109\STEP_11_GLCM_TEXTURE\GTV1_GLCM_Features_By_Orientation.csv,4,8,Patient_ID,4,,True,True
10,LUNG1-110\STEP_11_GLCM_TEXTURE\GTV1_GLCM_Features_By_Orientation.csv,4,8,Patient_ID,4,,True,True
10,LUNG1-110\STEP_12_LBP_TEXTURE\GTV1_LBP_slice_features.csv,4,7,Patient_ID,4,,True,True
10,LUNG1-111\STEP_11_GLCM_TEXTURE\GTV1_GLCM_Features_By_Orientation.csv,4,8,Patient_ID,4,,True,True
10,LUNG1-112\STEP_11_GLCM_TEXTURE\GTV1_GLCM_Features_By_Orientation.csv,4,8,Patient_ID,4,,True,True
10,LUNG1-113\STEP_11_GLCM_TEXTURE\GTV1_GLCM_Features_By_Orientation.csv,4,8,Patient_ID,4,,True,True
10,LUNG1-114\STEP_11_GLCM_TEXTURE\GTV1_GLCM_Features_By_Orientation.csv,4,8,Patient_ID,4,,True,True
10,LUNG1-114\STEP_12_LBP_TEXTURE\GTV1_LBP_slice_features.csv,4,7,Patient_ID,4,,True,True
10,LUNG1-115\STEP_11_GLCM_TEXTURE\GTV1_GLCM_Features_By_Orientation.csv,4,8,Patient_ID,4,,True,True
10,LUNG1-116\STEP_11_GLCM_TEXTURE\GTV1_GLCM_Features_By_Orientation.csv,4,8,Patient_ID,4,,True,True
10,LUNG1-117\STEP_11_GLCM_TEXTURE\GTV1_GLCM_Features_By_Orientation.csv,4,8,Patient_ID,4,,True,True
10,LUNG1-118\STEP_11_GLCM_TEXTURE\GTV1_GLCM_Features_By_Orientation.csv,4,8,Patient_ID,4,,True,True
10,LUNG1-119\STEP_11_GLCM_TEXTURE\GTV1_GLCM_Features_By_Orientation.csv,4,8,Patient_ID,4,,True,True
10,LUNG1-120\STEP_11_GLCM_TEXTURE\GTV1_GLCM_Features_By_Orientation.csv,4,8,Patient_ID,4,,True,True
10,LUNG1-121\STEP_11_GLCM_TEXTURE\GTV1_GLCM_Features_By_Orientation.csv,4,8,Patient_ID,4,,True,True
10,LUNG1-122\STEP_11_GLCM_TEXTURE\GTV1_GLCM_Features_By_Orientation.csv,4,8,Patient_ID,4,,True,True
10,LUNG1-123\STEP_11_GLCM_TEXTURE\GTV1_GLCM_Features_By_Orientation.csv,4,8,Patient_ID,4,,True,True
10,LUNG1-124\STEP_11_GLCM_TEXTURE\GTV1_GLCM_Features_By_Orientation.csv,4,8,Patient_ID,4,,True,True
10,LUNG1-125\STEP_11_GLCM_TEXTURE\GTV1_GLCM_Features_By_Orientation.csv,4,8,Patient_ID,4,,True,True
10,LUNG1-126\STEP_11_GLCM_TEXTURE\GTV1_GLCM_Features_By_Orientation.csv,4,8,Patient_ID,4,,True,True
10,LUNG1-127\STEP_11_GLCM_TEXTURE\GTV1_GLCM_Features_By_Orientation.csv,4,8,Patient_ID,4,,True,True
10,LUNG1-129\STEP_11_GLCM_TEXTURE\GTV1_GLCM_Features_By_Orientation.csv,4,8,Patient_ID,4,,True,True
10,LUNG1-130\STEP_11_GLCM_TEXTURE\GTV1_GLCM_Features_By_Orientation.csv,4,8,Patient_ID,4,,True,True
10,LUNG1-131\STEP_11_GLCM_TEXTURE\GTV1_GLCM_Features_By_Orientation.csv,4,8,Patient_ID,4,,True,True
10,LUNG1-132\STEP_11_GLCM_TEXTURE\GTV1_GLCM_Features_By_Orientation.csv,4,8,Patient_ID,4,,True,True
10,LUNG1-133\STEP_11_GLCM_TEXTURE\GTV1_GLCM_Features_By_Orientation.csv,4,8,Patient_ID,4,,True,True
10,LUNG1-134\STEP_11_GLCM_TEXTURE\GTV1_GLCM_Features_By_Orientation.csv,4,8,Patient_ID,4,,True,True
10,LUNG1-135\STEP_11_GLCM_TEXTURE\GTV1_GLCM_Features_By_Orientation.csv,4,8,Patient_ID,4,,True,True
10,LUNG1-136\STEP_11_GLCM_TEXTURE\GTV1_GLCM_Features_By_Orientation.csv,4,8,Patient_ID,4,,True,True
10,LUNG1-137\STEP_11_GLCM_TEXTURE\GTV1_GLCM_Features_By_Orientation.csv,4,8,Patient_ID,4,,True,True
10,LUNG1-138\STEP_11_GLCM_TEXTURE\GTV1_GLCM_Features_By_Orientation.csv,4,8,Patient_ID,4,,True,True
10,LUNG1-139\STEP_11_GLCM_TEXTURE\GTV1_GLCM_Features_By_Orientation.csv,4,8,Patient_ID,4,,True,True
10,LUNG1-140\STEP_11_GLCM_TEXTURE\GTV1_GLCM_Features_By_Orientation.csv,4,8,Patient_ID,4,,True,True
10,LUNG1-141\STEP_11_GLCM_TEXTURE\GTV1_GLCM_Features_By_Orientation.csv,4,8,Patient_ID,4,,True,True
10,LUNG1-142\STEP_11_GLCM_TEXTURE\GTV1_GLCM_Features_By_Orientation.csv,4,8,Patient_ID,4,,True,True
10,LUNG1-143\STEP_11_GLCM_TEXTURE\GTV1_GLCM_Features_By_Orientation.csv,4,8,Patient_ID,4,,True,True
10,LUNG1-144\STEP_11_GLCM_TEXTURE\GTV1_GLCM_Features_By_Orientation.csv,4,8,Patient_ID,4,,True,True
10,LUNG1-145\STEP_11_GLCM_TEXTURE\GTV1_GLCM_Features_By_Orientation.csv,4,8,Patient_ID,4,,True,True
10,LUNG1-146\STEP_11_GLCM_TEXTURE\GTV1_GLCM_Features_By_Orientation.csv,4,8,Patient_ID,4,,True,True
10,LUNG1-147\STEP_11_GLCM_TEXTURE\GTV1_GLCM_Features_By_Orientation.csv,4,8,Patient_ID,4,,True,True
10,LUNG1-148\STEP_11_GLCM_TEXTURE\GTV1_GLCM_Features_By_Orientation.csv,4,8,Patient_ID,4,,True,True
10,LUNG1-149\STEP_11_GLCM_TEXTURE\GTV1_GLCM_Features_By_Orientation.csv,4,8,Patient_ID,4,,True,True
10,LUNG1-150\STEP_11_GLCM_TEXTURE\GTV1_GLCM_Features_By_Orientation.csv,4,8,Patient_ID,4,,True,True
10,LUNG1-151\STEP_11_GLCM_TEXTURE\GTV1_GLCM_Features_By_Orientation.csv,4,8,Patient_ID,4,,True,True
10,LUNG1-152\STEP_11_GLCM_TEXTURE\GTV1_GLCM_Features_By_Orientation.csv,4,8,Patient_ID,4,,True,True
10,LUNG1-153\STEP_11_GLCM_TEXTURE\GTV1_GLCM_Features_By_Orientation.csv,4,8,Patient_ID,4,,True,True
10,LUNG1-154\STEP_11_GLCM_TEXTURE\GTV1_GLCM_Features_By_Orientation.csv,4,8,Patient_ID,4,,True,True
10,LUNG1-155\STEP_11_GLCM_TEXTURE\GTV1_GLCM_Features_By_Orientation.csv,4,8,Patient_ID,4,,True,True
10,LUNG1-156\STEP_11_GLCM_TEXTURE\GTV1_GLCM_Features_By_Orientation.csv,4,8,Patient_ID,4,,True,True
10,LUNG1-157\STEP_11_GLCM_TEXTURE\GTV1_GLCM_Features_By_Orientation.csv,4,8,Patient_ID,4,,True,True
10,LUNG1-158\STEP_11_GLCM_TEXTURE\GTV1_GLCM_Features_By_Orientation.csv,4,8,Patient_ID,4,,True,True
10,LUNG1-159\STEP_11_GLCM_TEXTURE\GTV1_GLCM_Features_By_Orientation.csv,4,8,Patient_ID,4,,True,True
10,LUNG1-160\STEP_11_GLCM_TEXTURE\GTV1_GLCM_Features_By_Orientation.csv,4,8,Patient_ID,4,,True,True
10,LUNG1-161\STEP_11_GLCM_TEXTURE\GTV1_GLCM_Features_By_Orientation.csv,4,8,Patient_ID,4,,True,True
10,LUNG1-162\STEP_11_GLCM_TEXTURE\GTV1_GLCM_Features_By_Orientation.csv,4,8,Patient_ID,4,,True,True
10,LUNG1-163\STEP_11_GLCM_TEXTURE\GTV1_GLCM_Features_By_Orientation.csv,4,8,Patient_ID,4,,True,True
10,LUNG1-164\STEP_11_GLCM_TEXTURE\GTV1_GLCM_Features_By_Orientation.csv,4,8,Patient_ID,4,,True,True
10,LUNG1-165\STEP_11_GLCM_TEXTURE\GTV1_GLCM_Features_By_Orientation.csv,4,8,Patient_ID,4,,True,True
10,LUNG1-166\STEP_11_GLCM_TEXTURE\GTV1_GLCM_Features_By_Orientation.csv,4,8,Patient_ID,4,,True,True
10,LUNG1-167\STEP_11_GLCM_TEXTURE\GTV1_GLCM_Features_By_Orientation.csv,4,8,Patient_ID,4,,True,True
10,LUNG1-168\STEP_11_GLCM_TEXTURE\GTV1_GLCM_Features_By_Orientation.csv,4,8,Patient_ID,4,,True,True
10,LUNG1-169\STEP_11_GLCM_TEXTURE\GTV1_GLCM_Features_By_Orientation.csv,4,8,Patient_ID,4,,True,True
10,LUNG1-170\STEP_11_GLCM_TEXTURE\GTV1_GLCM_Features_By_Orientation.csv,4,8,Patient_ID,4,,True,True
10,LUNG1-171\STEP_11_GLCM_TEXTURE\GTV1_GLCM_Features_By_Orientation.csv,4,8,Patient_ID,4,,True,True
10,LUNG1-172\STEP_11_GLCM_TEXTURE\GTV1_GLCM_Features_By_Orientation.csv,4,8,Patient_ID,4,,True,True
10,LUNG1-173\STEP_11_GLCM_TEXTURE\GTV1_GLCM_Features_By_Orientation.csv,4,8,Patient_ID,4,,True,True
10,LUNG1-174\STEP_11_GLCM_TEXTURE\GTV1_GLCM_Features_By_Orientation.csv,4,8,Patient_ID,4,,True,True
10,LUNG1-175\STEP_11_GLCM_TEXTURE\GTV1_GLCM_Features_By_Orientation.csv,4,8,Patient_ID,4,,True,True
10,LUNG1-176\STEP_11_GLCM_TEXTURE\GTV1_GLCM_Features_By_Orientation.csv,4,8,Patient_ID,4,,True,True
10,LUNG1-177\STEP_11_GLCM_TEXTURE\GTV1_GLCM_Features_By_Orientation.csv,4,8,Patient_ID,4,,True,True
10,LUNG1-178\STEP_11_GLCM_TEXTURE\GTV1_GLCM_Features_By_Orientation.csv,4,8,Patient_ID,4,,True,True
10,LUNG1-179\STEP_11_GLCM_TEXTURE\GTV1_GLCM_Features_By_Orientation.csv,4,8,Patient_ID,4,,True,True
10,LUNG1-180\STEP_11_GLCM_TEXTURE\GTV1_GLCM_Features_By_Orientation.csv,4,8,Patient_ID,4,,True,True
10,LUNG1-181\STEP_11_GLCM_TEXTURE\GTV1_GLCM_Features_By_Orientation.csv,4,8,Patient_ID,4,,True,True
10,LUNG1-182\STEP_11_GLCM_TEXTURE\GTV1_GLCM_Features_By_Orientation.csv,4,8,Patient_ID,4,,True,True
10,LUNG1-183\STEP_11_GLCM_TEXTURE\GTV1_GLCM_Features_By_Orientation.csv,4,8,Patient_ID,4,,True,True
10,LUNG1-184\STEP_11_GLCM_TEXTURE\GTV1_GLCM_Features_By_Orientation.csv,4,8,Patient_ID,4,,True,True
10,LUNG1-185\STEP_11_GLCM_TEXTURE\GTV1_GLCM_Features_By_Orientation.csv,4,8,Patient_ID,4,,True,True
10,LUNG1-186\STEP_11_GLCM_TEXTURE\GTV1_GLCM_Features_By_Orientation.csv,4,8,Patient_ID,4,,True,True
10,LUNG1-187\STEP_11_GLCM_TEXTURE\GTV1_GLCM_Features_By_Orientation.csv,4,8,Patient_ID,4,,True,True
10,LUNG1-188\STEP_11_GLCM_TEXTURE\GTV1_GLCM_Features_By_Orientation.csv,4,8,Patient_ID,4,,True,True
10,LUNG1-189\STEP_11_GLCM_TEXTURE\GTV1_GLCM_Features_By_Orientation.csv,4,8,Patient_ID,4,,True,True
10,LUNG1-190\STEP_11_GLCM_TEXTURE\GTV1_GLCM_Features_By_Orientation.csv,4,8,Patient_ID,4,,True,True
10,LUNG1-191\STEP_11_GLCM_TEXTURE\GTV1_GLCM_Features_By_Orientation.csv,4,8,Patient_ID,4,,True,True
10,LUNG1-192\STEP_11_GLCM_TEXTURE\GTV1_GLCM_Features_By_Orientation.csv,4,8,Patient_ID,4,,True,True
10,LUNG1-193\STEP_11_GLCM_TEXTURE\GTV1_GLCM_Features_By_Orientation.csv,4,8,Patient_ID,4,,True,True
10,LUNG1-194\STEP_11_GLCM_TEXTURE\GTV1_GLCM_Features_By_Orientation.csv,4,8,Patient_ID,4,,True,True
10,LUNG1-195\STEP_11_GLCM_TEXTURE\GTV1_GLCM_Features_By_Orientation.csv,4,8,Patient_ID,4,,True,True
10,LUNG1-196\STEP_11_GLCM_TEXTURE\GTV1_GLCM_Features_By_Orientation.csv,4,8,Patient_ID,4,,True,True
10,LUNG1-197\STEP_11_GLCM_TEXTURE\GTV1_GLCM_Features_By_Orientation.csv,4,8,Patient_ID,4,,True,True
10,LUNG1-198\STEP_11_GLCM_TEXTURE\GTV1_GLCM_Features_By_Orientation.csv,4,8,Patient_ID,4,,True,True
10,LUNG1-199\STEP_11_GLCM_TEXTURE\GTV1_GLCM_Features_By_Orientation.csv,4,8,Patient_ID,4,,True,True
10,LUNG1-200\STEP_11_GLCM_TEXTURE\GTV1_GLCM_Features_By_Orientation.csv,4,8,Patient_ID,4,,True,True
10,LUNG1-201\STEP_11_GLCM_TEXTURE\GTV1_GLCM_Features_By_Orientation.csv,4,8,Patient_ID,4,,True,True
10,LUNG1-202\STEP_11_GLCM_TEXTURE\GTV1_GLCM_Features_By_Orientation.csv,4,8,Patient_ID,4,,True,True
10,LUNG1-203\STEP_11_GLCM_TEXTURE\GTV1_GLCM_Features_By_Orientation.csv,4,8,Patient_ID,4,,True,True
10,LUNG1-204\STEP_11_GLCM_TEXTURE\GTV1_GLCM_Features_By_Orientation.csv,4,8,Patient_ID,4,,True,True
10,LUNG1-205\STEP_11_GLCM_TEXTURE\GTV1_GLCM_Features_By_Orientation.csv,4,8,Patient_ID,4,,True,True
10,LUNG1-206\STEP_11_GLCM_TEXTURE\GTV1_GLCM_Features_By_Orientation.csv,4,8,Patient_ID,4,,True,True
10,LUNG1-207\STEP_11_GLCM_TEXTURE\GTV1_GLCM_Features_By_Orientation.csv,4,8,Patient_ID,4,,True,True
10,LUNG1-208\STEP_11_GLCM_TEXTURE\GTV1_GLCM_Features_By_Orientation.csv,4,8,Patient_ID,4,,True,True
10,LUNG1-209\STEP_11_GLCM_TEXTURE\GTV1_GLCM_Features_By_Orientation.csv,4,8,Patient_ID,4,,True,True
10,LUNG1-210\STEP_11_GLCM_TEXTURE\GTV1_GLCM_Features_By_Orientation.csv,4,8,Patient_ID,4,,True,True
10,LUNG1-211\STEP_11_GLCM_TEXTURE\GTV1_GLCM_Features_By_Orientation.csv,4,8,Patient_ID,4,,True,True
10,LUNG1-212\STEP_11_GLCM_TEXTURE\GTV1_GLCM_Features_By_Orientation.csv,4,8,Patient_ID,4,,True,True
10,LUNG1-213\STEP_11_GLCM_TEXTURE\GTV1_GLCM_Features_By_Orientation.csv,4,8,Patient_ID,4,,True,True
10,LUNG1-214\STEP_11_GLCM_TEXTURE\GTV1_GLCM_Features_By_Orientation.csv,4,8,Patient_ID,4,,True,True
10,LUNG1-215\STEP_11_GLCM_TEXTURE\GTV1_GLCM_Features_By_Orientation.csv,4,8,Patient_ID,4,,True,True
10,LUNG1-216\STEP_11_GLCM_TEXTURE\GTV1_GLCM_Features_By_Orientation.csv,4,8,Patient_ID,4,,True,True
10,LUNG1-217\STEP_11_GLCM_TEXTURE\GTV1_GLCM_Features_By_Orientation.csv,4,8,Patient_ID,4,,True,True
10,LUNG1-218\STEP_11_GLCM_TEXTURE\GTV1_GLCM_Features_By_Orientation.csv,4,8,Patient_ID,4,,True,True
10,LUNG1-219\STEP_11_GLCM_TEXTURE\GTV1_GLCM_Features_By_Orientation.csv,4,8,Patient_ID,4,,True,True
10,LUNG1-220\STEP_11_GLCM_TEXTURE\GTV1_GLCM_Features_By_Orientation.csv,4,8,Patient_ID,4,,True,True
10,LUNG1-221\STEP_11_GLCM_TEXTURE\GTV1_GLCM_Features_By_Orientation.csv,4,8,Patient_ID,4,,True,True
10,LUNG1-222\STEP_11_GLCM_TEXTURE\GTV1_GLCM_Features_By_Orientation.csv,4,8,Patient_ID,4,,True,True
10,LUNG1-223\STEP_11_GLCM_TEXTURE\GTV1_GLCM_Features_By_Orientation.csv,4,8,Patient_ID,4,,True,True
10,LUNG1-224\STEP_11_GLCM_TEXTURE\GTV1_GLCM_Features_By_Orientation.csv,4,8,Patient_ID,4,,True,True
10,LUNG1-225\STEP_11_GLCM_TEXTURE\GTV1_GLCM_Features_By_Orientation.csv,4,8,Patient_ID,4,,True,True
10,LUNG1-226\STEP_11_GLCM_TEXTURE\GTV1_GLCM_Features_By_Orientation.csv,4,8,Patient_ID,4,,True,True
10,LUNG1-227\STEP_11_GLCM_TEXTURE\GTV1_GLCM_Features_By_Orientation.csv,4,8,Patient_ID,4,,True,True
10,LUNG1-228\STEP_11_GLCM_TEXTURE\GTV1_GLCM_Features_By_Orientation.csv,4,8,Patient_ID,4,,True,True
10,LUNG1-229\STEP_11_GLCM_TEXTURE\GTV1_GLCM_Features_By_Orientation.csv,4,8,Patient_ID,4,,True,True
10,LUNG1-230\STEP_11_GLCM_TEXTURE\GTV1_GLCM_Features_By_Orientation.csv,4,8,Patient_ID,4,,True,True
10,LUNG1-231\STEP_11_GLCM_TEXTURE\GTV1_GLCM_Features_By_Orientation.csv,4,8,Patient_ID,4,,True,True
10,LUNG1-232\STEP_11_GLCM_TEXTURE\GTV1_GLCM_Features_By_Orientation.csv,4,8,Patient_ID,4,,True,True
10,LUNG1-233\STEP_11_GLCM_TEXTURE\GTV1_GLCM_Features_By_Orientation.csv,4,8,Patient_ID,4,,True,True
10,LUNG1-234\STEP_11_GLCM_TEXTURE\GTV1_GLCM_Features_By_Orientation.csv,4,8,Patient_ID,4,,True,True
10,LUNG1-235\STEP_11_GLCM_TEXTURE\GTV1_GLCM_Features_By_Orientation.csv,4,8,Patient_ID,4,,True,True
10,LUNG1-236\STEP_11_GLCM_TEXTURE\GTV1_GLCM_Features_By_Orientation.csv,4,8,Patient_ID,4,,True,True
10,LUNG1-237\STEP_11_GLCM_TEXTURE\GTV1_GLCM_Features_By_Orientation.csv,4,8,Patient_ID,4,,True,True
10,LUNG1-238\STEP_11_GLCM_TEXTURE\GTV1_GLCM_Features_By_Orientation.csv,4,8,Patient_ID,4,,True,True
10,LUNG1-239\STEP_11_GLCM_TEXTURE\GTV1_GLCM_Features_By_Orientation.csv,4,8,Patient_ID,4,,True,True
10,LUNG1-240\STEP_11_GLCM_TEXTURE\GTV1_GLCM_Features_By_Orientation.csv,4,8,Patient_ID,4,,True,True
10,LUNG1-241\STEP_11_GLCM_TEXTURE\GTV1_GLCM_Features_By_Orientation.csv,4,8,Patient_ID,4,,True,True
10,LUNG1-242\STEP_11_GLCM_TEXTURE\GTV1_GLCM_Features_By_Orientation.csv,4,8,Patient_ID,4,,True,True
10,LUNG1-243\STEP_11_GLCM_TEXTURE\GTV1_GLCM_Features_By_Orientation.csv,4,8,Patient_ID,4,,True,True
10,LUNG1-244\STEP_11_GLCM_TEXTURE\GTV1_GLCM_Features_By_Orientation.csv,4,8,Patient_ID,4,,True,True
10,LUNG1-245\STEP_11_GLCM_TEXTURE\GTV1_GLCM_Features_By_Orientation.csv,4,8,Patient_ID,4,,True,True
10,LUNG1-246\STEP_11_GLCM_TEXTURE\GTV1_GLCM_Features_By_Orientation.csv,4,8,Patient_ID,4,,True,True
10,LUNG1-247\STEP_11_GLCM_TEXTURE\GTV1_GLCM_Features_By_Orientation.csv,4,8,Patient_ID,4,,True,True
10,LUNG1-248\STEP_11_GLCM_TEXTURE\GTV1_GLCM_Features_By_Orientation.csv,4,8,Patient_ID,4,,True,True
10,LUNG1-249\STEP_11_GLCM_TEXTURE\GTV1_GLCM_Features_By_Orientation.csv,4,8,Patient_ID,4,,True,True
10,LUNG1-250\STEP_11_GLCM_TEXTURE\GTV1_GLCM_Features_By_Orientation.csv,4,8,Patient_ID,4,,True,True
10,LUNG1-251\STEP_11_GLCM_TEXTURE\GTV1_GLCM_Features_By_Orientation.csv,4,8,Patient_ID,4,,True,True
10,LUNG1-252\STEP_11_GLCM_TEXTURE\GTV1_GLCM_Features_By_Orientation.csv,4,8,Patient_ID,4,,True,True
10,LUNG1-253\STEP_11_GLCM_TEXTURE\GTV1_GLCM_Features_By_Orientation.csv,4,8,Patient_ID,4,,True,True
10,LUNG1-254\STEP_11_GLCM_TEXTURE\GTV1_GLCM_Features_By_Orientation.csv,4,8,Patient_ID,4,,True,True
10,LUNG1-255\STEP_11_GLCM_TEXTURE\GTV1_GLCM_Features_By_Orientation.csv,4,8,Patient_ID,4,,True,True
10,LUNG1-256\STEP_11_GLCM_TEXTURE\GTV1_GLCM_Features_By_Orientation.csv,4,8,Patient_ID,4,,True,True
10,LUNG1-257\STEP_11_GLCM_TEXTURE\GTV1_GLCM_Features_By_Orientation.csv,4,8,Patient_ID,4,,True,True
10,LUNG1-258\STEP_11_GLCM_TEXTURE\GTV1_GLCM_Features_By_Orientation.csv,4,8,Patient_ID,4,,True,True
10,LUNG1-259\STEP_11_GLCM_TEXTURE\GTV1_GLCM_Features_By_Orientation.csv,4,8,Patient_ID,4,,True,True
10,LUNG1-260\STEP_11_GLCM_TEXTURE\GTV1_GLCM_Features_By_Orientation.csv,4,8,Patient_ID,4,,True,True
10,LUNG1-261\STEP_11_GLCM_TEXTURE\GTV1_GLCM_Features_By_Orientation.csv,4,8,Patient_ID,4,,True,True
10,LUNG1-262\STEP_11_GLCM_TEXTURE\GTV1_GLCM_Features_By_Orientation.csv,4,8,Patient_ID,4,,True,True
10,LUNG1-263\STEP_11_GLCM_TEXTURE\GTV1_GLCM_Features_By_Orientation.csv,4,8,Patient_ID,4,,True,True
10,LUNG1-264\STEP_11_GLCM_TEXTURE\GTV1_GLCM_Features_By_Orientation.csv,4,8,Patient_ID,4,,True,True
10,LUNG1-265\STEP_11_GLCM_TEXTURE\GTV1_GLCM_Features_By_Orientation.csv,4,8,Patient_ID,4,,True,True
10,LUNG1-266\STEP_11_GLCM_TEXTURE\GTV1_GLCM_Features_By_Orientation.csv,4,8,Patient_ID,4,,True,True
10,LUNG1-267\STEP_11_GLCM_TEXTURE\GTV1_GLCM_Features_By_Orientation.csv,4,8,Patient_ID,4,,True,True
10,LUNG1-268\STEP_11_GLCM_TEXTURE\GTV1_GLCM_Features_By_Orientation.csv,4,8,Patient_ID,4,,True,True
10,LUNG1-269\STEP_11_GLCM_TEXTURE\GTV1_GLCM_Features_By_Orientation.csv,4,8,Patient_ID,4,,True,True
10,LUNG1-270\STEP_11_GLCM_TEXTURE\GTV1_GLCM_Features_By_Orientation.csv,4,8,Patient_ID,4,,True,True
10,LUNG1-271\STEP_11_GLCM_TEXTURE\GTV1_GLCM_Features_By_Orientation.csv,4,8,Patient_ID,4,,True,True
10,LUNG1-272\STEP_11_GLCM_TEXTURE\GTV1_GLCM_Features_By_Orientation.csv,4,8,Patient_ID,4,,True,True
10,LUNG1-273\STEP_11_GLCM_TEXTURE\GTV1_GLCM_Features_By_Orientation.csv,4,8,Patient_ID,4,,True,True
10,LUNG1-274\STEP_11_GLCM_TEXTURE\GTV1_GLCM_Features_By_Orientation.csv,4,8,Patient_ID,4,,True,True
10,LUNG1-275\STEP_11_GLCM_TEXTURE\GTV1_GLCM_Features_By_Orientation.csv,4,8,Patient_ID,4,,True,True
10,LUNG1-276\STEP_11_GLCM_TEXTURE\GTV1_GLCM_Features_By_Orientation.csv,4,8,Patient_ID,4,,True,True
10,LUNG1-277\STEP_11_GLCM_TEXTURE\GTV1_GLCM_Features_By_Orientation.csv,4,8,Patient_ID,4,,True,True
10,LUNG1-278\STEP_11_GLCM_TEXTURE\GTV1_GLCM_Features_By_Orientation.csv,4,8,Patient_ID,4,,True,True
10,LUNG1-279\STEP_11_GLCM_TEXTURE\GTV1_GLCM_Features_By_Orientation.csv,4,8,Patient_ID,4,,True,True
10,LUNG1-280\STEP_11_GLCM_TEXTURE\GTV1_GLCM_Features_By_Orientation.csv,4,8,Patient_ID,4,,True,True
10,LUNG1-281\STEP_11_GLCM_TEXTURE\GTV1_GLCM_Features_By_Orientation.csv,4,8,Patient_ID,4,,True,True
10,LUNG1-282\STEP_11_GLCM_TEXTURE\GTV1_GLCM_Features_By_Orientation.csv,4,8,Patient_ID,4,,True,True
10,LUNG1-283\STEP_11_GLCM_TEXTURE\GTV1_GLCM_Features_By_Orientation.csv,4,8,Patient_ID,4,,True,True
10,LUNG1-284\STEP_11_GLCM_TEXTURE\GTV1_GLCM_Features_By_Orientation.csv,4,8,Patient_ID,4,,True,True
10,LUNG1-285\STEP_11_GLCM_TEXTURE\GTV1_GLCM_Features_By_Orientation.csv,4,8,Patient_ID,4,,True,True
10,LUNG1-286\STEP_11_GLCM_TEXTURE\GTV1_GLCM_Features_By_Orientation.csv,4,8,Patient_ID,4,,True,True
10,LUNG1-287\STEP_11_GLCM_TEXTURE\GTV1_GLCM_Features_By_Orientation.csv,4,8,Patient_ID,4,,True,True
10,LUNG1-288\STEP_11_GLCM_TEXTURE\GTV1_GLCM_Features_By_Orientation.csv,4,8,Patient_ID,4,,True,True
10,LUNG1-289\STEP_11_GLCM_TEXTURE\GTV1_GLCM_Features_By_Orientation.csv,4,8,Patient_ID,4,,True,True
10,LUNG1-290\STEP_11_GLCM_TEXTURE\GTV1_GLCM_Features_By_Orientation.csv,4,8,Patient_ID,4,,True,True
10,LUNG1-291\STEP_11_GLCM_TEXTURE\GTV1_GLCM_Features_By_Orientation.csv,4,8,Patient_ID,4,,True,True
10,LUNG1-292\STEP_11_GLCM_TEXTURE\GTV1_GLCM_Features_By_Orientation.csv,4,8,Patient_ID,4,,True,True
10,LUNG1-293\STEP_11_GLCM_TEXTURE\GTV1_GLCM_Features_By_Orientation.csv,4,8,Patient_ID,4,,True,True
10,LUNG1-294\STEP_11_GLCM_TEXTURE\GTV1_GLCM_Features_By_Orientation.csv,4,8,Patient_ID,4,,True,True
10,LUNG1-295\STEP_11_GLCM_TEXTURE\GTV1_GLCM_Features_By_Orientation.csv,4,8,Patient_ID,4,,True,True
10,LUNG1-296\STEP_11_GLCM_TEXTURE\GTV1_GLCM_Features_By_Orientation.csv,4,8,Patient_ID,4,,True,True
10,LUNG1-297\STEP_11_GLCM_TEXTURE\GTV1_GLCM_Features_By_Orientation.csv,4,8,Patient_ID,4,,True,True
10,LUNG1-298\STEP_11_GLCM_TEXTURE\GTV1_GLCM_Features_By_Orientation.csv,4,8,Patient_ID,4,,True,True
10,LUNG1-299\STEP_11_GLCM_TEXTURE\GTV1_GLCM_Features_By_Orientation.csv,4,8,Patient_ID,4,,True,True
10,LUNG1-300\STEP_11_GLCM_TEXTURE\GTV1_GLCM_Features_By_Orientation.csv,4,8,Patient_ID,4,,True,True
10,LUNG1-301\STEP_11_GLCM_TEXTURE\GTV1_GLCM_Features_By_Orientation.csv,4,8,Patient_ID,4,,True,True
10,LUNG1-302\STEP_11_GLCM_TEXTURE\GTV1_GLCM_Features_By_Orientation.csv,4,8,Patient_ID,4,,True,True
10,LUNG1-303\STEP_11_GLCM_TEXTURE\GTV1_GLCM_Features_By_Orientation.csv,4,8,Patient_ID,4,,True,True
10,LUNG1-304\STEP_11_GLCM_TEXTURE\GTV1_GLCM_Features_By_Orientation.csv,4,8,Patient_ID,4,,True,True
10,LUNG1-305\STEP_11_GLCM_TEXTURE\GTV1_GLCM_Features_By_Orientation.csv,4,8,Patient_ID,4,,True,True
10,LUNG1-306\STEP_11_GLCM_TEXTURE\GTV1_GLCM_Features_By_Orientation.csv,4,8,Patient_ID,4,,True,True
10,LUNG1-307\STEP_11_GLCM_TEXTURE\GTV1_GLCM_Features_By_Orientation.csv,4,8,Patient_ID,4,,True,True
10,LUNG1-308\STEP_11_GLCM_TEXTURE\GTV1_GLCM_Features_By_Orientation.csv,4,8,Patient_ID,4,,True,True
10,LUNG1-309\STEP_11_GLCM_TEXTURE\GTV1_GLCM_Features_By_Orientation.csv,4,8,Patient_ID,4,,True,True
10,LUNG1-310\STEP_11_GLCM_TEXTURE\GTV1_GLCM_Features_By_Orientation.csv,4,8,Patient_ID,4,,True,True
10,LUNG1-311\STEP_11_GLCM_TEXTURE\GTV1_GLCM_Features_By_Orientation.csv,4,8,Patient_ID,4,,True,True
10,LUNG1-311\STEP_12_LBP_TEXTURE\GTV1_LBP_slice_features.csv,4,7,Patient_ID,4,,True,True
10,LUNG1-312\STEP_11_GLCM_TEXTURE\GTV1_GLCM_Features_By_Orientation.csv,4,8,Patient_ID,4,,True,True
10,LUNG1-313\STEP_11_GLCM_TEXTURE\GTV1_GLCM_Features_By_Orientation.csv,4,8,Patient_ID,4,,True,True
10,LUNG1-314\STEP_11_GLCM_TEXTURE\GTV1_GLCM_Features_By_Orientation.csv,4,8,Patient_ID,4,,True,True
10,LUNG1-315\STEP_11_GLCM_TEXTURE\GTV1_GLCM_Features_By_Orientation.csv,4,8,Patient_ID,4,,True,True
10,LUNG1-316\STEP_11_GLCM_TEXTURE\GTV1_GLCM_Features_By_Orientation.csv,4,8,Patient_ID,4,,True,True
10,LUNG1-317\STEP_11_GLCM_TEXTURE\GTV1_GLCM_Features_By_Orientation.csv,4,8,Patient_ID,4,,True,True
10,LUNG1-318\STEP_11_GLCM_TEXTURE\GTV1_GLCM_Features_By_Orientation.csv,4,8,Patient_ID,4,,True,True
10,LUNG1-319\STEP_11_GLCM_TEXTURE\GTV1_GLCM_Features_By_Orientation.csv,4,8,Patient_ID,4,,True,True
10,LUNG1-320\STEP_11_GLCM_TEXTURE\GTV1_GLCM_Features_By_Orientation.csv,4,8,Patient_ID,4,,True,True
10,LUNG1-321\STEP_11_GLCM_TEXTURE\GTV1_GLCM_Features_By_Orientation.csv,4,8,Patient_ID,4,,True,True
10,LUNG1-322\STEP_11_GLCM_TEXTURE\GTV1_GLCM_Features_By_Orientation.csv,4,8,Patient_ID,4,,True,True
10,LUNG1-323\STEP_11_GLCM_TEXTURE\GTV1_GLCM_Features_By_Orientation.csv,4,8,Patient_ID,4,,True,True
10,LUNG1-324\STEP_11_GLCM_TEXTURE\GTV1_GLCM_Features_By_Orientation.csv,4,8,Patient_ID,4,,True,True
10,LUNG1-325\STEP_11_GLCM_TEXTURE\GTV1_GLCM_Features_By_Orientation.csv,4,8,Patient_ID,4,,True,True
10,LUNG1-326\STEP_11_GLCM_TEXTURE\GTV1_GLCM_Features_By_Orientation.csv,4,8,Patient_ID,4,,True,True
10,LUNG1-327\STEP_11_GLCM_TEXTURE\GTV1_GLCM_Features_By_Orientation.csv,4,8,Patient_ID,4,,True,True
10,LUNG1-328\STEP_11_GLCM_TEXTURE\GTV1_GLCM_Features_By_Orientation.csv,4,8,Patient_ID,4,,True,True
10,LUNG1-329\STEP_11_GLCM_TEXTURE\GTV1_GLCM_Features_By_Orientation.csv,4,8,Patient_ID,4,,True,True
10,LUNG1-330\STEP_11_GLCM_TEXTURE\GTV1_GLCM_Features_By_Orientation.csv,4,8,Patient_ID,4,,True,True
10,LUNG1-331\STEP_11_GLCM_TEXTURE\GTV1_GLCM_Features_By_Orientation.csv,4,8,Patient_ID,4,,True,True
10,LUNG1-332\STEP_11_GLCM_TEXTURE\GTV1_GLCM_Features_By_Orientation.csv,4,8,Patient_ID,4,,True,True
10,LUNG1-333\STEP_11_GLCM_TEXTURE\GTV1_GLCM_Features_By_Orientation.csv,4,8,Patient_ID,4,,True,True
10,LUNG1-334\STEP_11_GLCM_TEXTURE\GTV1_GLCM_Features_By_Orientation.csv,4,8,Patient_ID,4,,True,True
10,LUNG1-335\STEP_11_GLCM_TEXTURE\GTV1_GLCM_Features_By_Orientation.csv,4,8,Patient_ID,4,,True,True
10,LUNG1-336\STEP_11_GLCM_TEXTURE\GTV1_GLCM_Features_By_Orientation.csv,4,8,Patient_ID,4,,True,True
10,LUNG1-337\STEP_11_GLCM_TEXTURE\GTV1_GLCM_Features_By_Orientation.csv,4,8,Patient_ID,4,,True,True
10,LUNG1-338\STEP_11_GLCM_TEXTURE\GTV1_GLCM_Features_By_Orientation.csv,4,8,Patient_ID,4,,True,True
10,LUNG1-339\STEP_11_GLCM_TEXTURE\GTV1_GLCM_Features_By_Orientation.csv,4,8,Patient_ID,4,,True,True
10,LUNG1-340\STEP_11_GLCM_TEXTURE\GTV1_GLCM_Features_By_Orientation.csv,4,8,Patient_ID,4,,True,True
10,LUNG1-341\STEP_11_GLCM_TEXTURE\GTV1_GLCM_Features_By_Orientation.csv,4,8,Patient_ID,4,,True,True
10,LUNG1-342\STEP_11_GLCM_TEXTURE\GTV1_GLCM_Features_By_Orientation.csv,4,8,Patient_ID,4,,True,True
10,LUNG1-343\STEP_11_GLCM_TEXTURE\GTV1_GLCM_Features_By_Orientation.csv,4,8,Patient_ID,4,,True,True
10,LUNG1-344\STEP_11_GLCM_TEXTURE\GTV1_GLCM_Features_By_Orientation.csv,4,8,Patient_ID,4,,True,True
10,LUNG1-345\STEP_11_GLCM_TEXTURE\GTV1_GLCM_Features_By_Orientation.csv,4,8,Patient_ID,4,,True,True
10,LUNG1-346\STEP_11_GLCM_TEXTURE\GTV1_GLCM_Features_By_Orientation.csv,4,8,Patient_ID,4,,True,True
10,LUNG1-347\STEP_11_GLCM_TEXTURE\GTV1_GLCM_Features_By_Orientation.csv,4,8,Patient_ID,4,,True,True
10,LUNG1-348\STEP_11_GLCM_TEXTURE\GTV1_GLCM_Features_By_Orientation.csv,4,8,Patient_ID,4,,True,True
10,LUNG1-349\STEP_11_GLCM_TEXTURE\GTV1_GLCM_Features_By_Orientation.csv,4,8,Patient_ID,4,,True,True
10,LUNG1-350\STEP_11_GLCM_TEXTURE\GTV1_GLCM_Features_By_Orientation.csv,4,8,Patient_ID,4,,True,True
10,LUNG1-351\STEP_11_GLCM_TEXTURE\GTV1_GLCM_Features_By_Orientation.csv,4,8,Patient_ID,4,,True,True
10,LUNG1-352\STEP_11_GLCM_TEXTURE\GTV1_GLCM_Features_By_Orientation.csv,4,8,Patient_ID,4,,True,True
10,LUNG1-353\STEP_11_GLCM_TEXTURE\GTV1_GLCM_Features_By_Orientation.csv,4,8,Patient_ID,4,,True,True
10,LUNG1-354\STEP_11_GLCM_TEXTURE\GTV1_GLCM_Features_By_Orientation.csv,4,8,Patient_ID,4,,True,True
10,LUNG1-355\STEP_11_GLCM_TEXTURE\GTV1_GLCM_Features_By_Orientation.csv,4,8,Patient_ID,4,,True,True
10,LUNG1-356\STEP_11_GLCM_TEXTURE\GTV1_GLCM_Features_By_Orientation.csv,4,8,Patient_ID,4,,True,True
10,LUNG1-357\STEP_11_GLCM_TEXTURE\GTV1_GLCM_Features_By_Orientation.csv,4,8,Patient_ID,4,,True,True
10,LUNG1-358\STEP_11_GLCM_TEXTURE\GTV1_GLCM_Features_By_Orientation.csv,4,8,Patient_ID,4,,True,True
10,LUNG1-359\STEP_11_GLCM_TEXTURE\GTV1_GLCM_Features_By_Orientation.csv,4,8,Patient_ID,4,,True,True
10,LUNG1-360\STEP_11_GLCM_TEXTURE\GTV1_GLCM_Features_By_Orientation.csv,4,8,Patient_ID,4,,True,True
10,LUNG1-361\STEP_11_GLCM_TEXTURE\GTV1_GLCM_Features_By_Orientation.csv,4,8,Patient_ID,4,,True,True
10,LUNG1-362\STEP_11_GLCM_TEXTURE\GTV1_GLCM_Features_By_Orientation.csv,4,8,Patient_ID,4,,True,True
10,LUNG1-363\STEP_11_GLCM_TEXTURE\GTV1_GLCM_Features_By_Orientation.csv,4,8,Patient_ID,4,,True,True
10,LUNG1-364\STEP_11_GLCM_TEXTURE\GTV1_GLCM_Features_By_Orientation.csv,4,8,Patient_ID,4,,True,True
10,LUNG1-365\STEP_11_GLCM_TEXTURE\GTV1_GLCM_Features_By_Orientation.csv,4,8,Patient_ID,4,,True,True
10,LUNG1-366\STEP_11_GLCM_TEXTURE\GTV1_GLCM_Features_By_Orientation.csv,4,8,Patient_ID,4,,True,True
10,LUNG1-367\STEP_11_GLCM_TEXTURE\GTV1_GLCM_Features_By_Orientation.csv,4,8,Patient_ID,4,,True,True
10,LUNG1-368\STEP_11_GLCM_TEXTURE\GTV1_GLCM_Features_By_Orientation.csv,4,8,Patient_ID,4,,True,True
10,LUNG1-369\STEP_11_GLCM_TEXTURE\GTV1_GLCM_Features_By_Orientation.csv,4,8,Patient_ID,4,,True,True
10,LUNG1-370\STEP_11_GLCM_TEXTURE\GTV1_GLCM_Features_By_Orientation.csv,4,8,Patient_ID,4,,True,True
10,LUNG1-371\STEP_11_GLCM_TEXTURE\GTV1_GLCM_Features_By_Orientation.csv,4,8,Patient_ID,4,,True,True
10,LUNG1-372\STEP_11_GLCM_TEXTURE\GTV1_GLCM_Features_By_Orientation.csv,4,8,Patient_ID,4,,True,True
10,LUNG1-373\STEP_11_GLCM_TEXTURE\GTV1_GLCM_Features_By_Orientation.csv,4,8,Patient_ID,4,,True,True
10,LUNG1-374\STEP_11_GLCM_TEXTURE\GTV1_GLCM_Features_By_Orientation.csv,4,8,Patient_ID,4,,True,True
10,LUNG1-375\STEP_11_GLCM_TEXTURE\GTV1_GLCM_Features_By_Orientation.csv,4,8,Patient_ID,4,,True,True
10,LUNG1-376\STEP_11_GLCM_TEXTURE\GTV1_GLCM_Features_By_Orientation.csv,4,8,Patient_ID,4,,True,True
10,LUNG1-377\STEP_11_GLCM_TEXTURE\GTV1_GLCM_Features_By_Orientation.csv,4,8,Patient_ID,4,,True,True
10,LUNG1-378\STEP_11_GLCM_TEXTURE\GTV1_GLCM_Features_By_Orientation.csv,4,8,Patient_ID,4,,True,True
10,LUNG1-379\STEP_11_GLCM_TEXTURE\GTV1_GLCM_Features_By_Orientation.csv,4,8,Patient_ID,4,,True,True
10,LUNG1-380\STEP_11_GLCM_TEXTURE\GTV1_GLCM_Features_By_Orientation.csv,4,8,Patient_ID,4,,True,True
10,LUNG1-381\STEP_11_GLCM_TEXTURE\GTV1_GLCM_Features_By_Orientation.csv,4,8,Patient_ID,4,,True,True
10,LUNG1-382\STEP_11_GLCM_TEXTURE\GTV1_GLCM_Features_By_Orientation.csv,4,8,Patient_ID,4,,True,True
10,LUNG1-383\STEP_11_GLCM_TEXTURE\GTV1_GLCM_Features_By_Orientation.csv,4,8,Patient_ID,4,,True,True
10,LUNG1-384\STEP_11_GLCM_TEXTURE\GTV1_GLCM_Features_By_Orientation.csv,4,8,Patient_ID,4,,True,True
10,LUNG1-385\STEP_11_GLCM_TEXTURE\GTV1_GLCM_Features_By_Orientation.csv,4,8,Patient_ID,4,,True,True
10,LUNG1-386\STEP_11_GLCM_TEXTURE\GTV1_GLCM_Features_By_Orientation.csv,4,8,Patient_ID,4,,True,True
10,LUNG1-387\STEP_11_GLCM_TEXTURE\GTV1_GLCM_Features_By_Orientation.csv,4,8,Patient_ID,4,,True,True
10,LUNG1-388\STEP_11_GLCM_TEXTURE\GTV1_GLCM_Features_By_Orientation.csv,4,8,Patient_ID,4,,True,True
10,LUNG1-389\STEP_11_GLCM_TEXTURE\GTV1_GLCM_Features_By_Orientation.csv,4,8,Patient_ID,4,,True,True
10,LUNG1-390\STEP_11_GLCM_TEXTURE\GTV1_GLCM_Features_By_Orientation.csv,4,8,Patient_ID,4,,True,True
10,LUNG1-391\STEP_11_GLCM_TEXTURE\GTV1_GLCM_Features_By_Orientation.csv,4,8,Patient_ID,4,,True,True
10,LUNG1-392\STEP_11_GLCM_TEXTURE\GTV1_GLCM_Features_By_Orientation.csv,4,8,Patient_ID,4,,True,True
10,LUNG1-393\STEP_11_GLCM_TEXTURE\GTV1_GLCM_Features_By_Orientation.csv,4,8,Patient_ID,4,,True,True
10,LUNG1-394\STEP_11_GLCM_TEXTURE\GTV1_GLCM_Features_By_Orientation.csv,4,8,Patient_ID,4,,True,True
10,LUNG1-395\STEP_11_GLCM_TEXTURE\GTV1_GLCM_Features_By_Orientation.csv,4,8,Patient_ID,4,,True,True
10,LUNG1-396\STEP_11_GLCM_TEXTURE\GTV1_GLCM_Features_By_Orientation.csv,4,8,Patient_ID,4,,True,True
10,LUNG1-397\STEP_11_GLCM_TEXTURE\GTV1_GLCM_Features_By_Orientation.csv,4,8,Patient_ID,4,,True,True
10,LUNG1-398\STEP_11_GLCM_TEXTURE\GTV1_GLCM_Features_By_Orientation.csv,4,8,Patient_ID,4,,True,True
10,LUNG1-399\STEP_11_GLCM_TEXTURE\GTV1_GLCM_Features_By_Orientation.csv,4,8,Patient_ID,4,,True,True
10,LUNG1-400\STEP_11_GLCM_TEXTURE\GTV1_GLCM_Features_By_Orientation.csv,4,8,Patient_ID,4,,True,True
10,LUNG1-401\STEP_11_GLCM_TEXTURE\GTV1_GLCM_Features_By_Orientation.csv,4,8,Patient_ID,4,,True,True
10,LUNG1-402\STEP_11_GLCM_TEXTURE\GTV1_GLCM_Features_By_Orientation.csv,4,8,Patient_ID,4,,True,True
10,LUNG1-403\STEP_11_GLCM_TEXTURE\GTV1_GLCM_Features_By_Orientation.csv,4,8,Patient_ID,4,,True,True
10,LUNG1-404\STEP_11_GLCM_TEXTURE\GTV1_GLCM_Features_By_Orientation.csv,4,8,Patient_ID,4,,True,True
10,LUNG1-405\STEP_11_GLCM_TEXTURE\GTV1_GLCM_Features_By_Orientation.csv,4,8,Patient_ID,4,,True,True
10,LUNG1-406\STEP_11_GLCM_TEXTURE\GTV1_GLCM_Features_By_Orientation.csv,4,8,Patient_ID,4,,True,True
10,LUNG1-407\STEP_11_GLCM_TEXTURE\GTV1_GLCM_Features_By_Orientation.csv,4,8,Patient_ID,4,,True,True
10,LUNG1-408\STEP_11_GLCM_TEXTURE\GTV1_GLCM_Features_By_Orientation.csv,4,8,Patient_ID,4,,True,True
10,LUNG1-409\STEP_11_GLCM_TEXTURE\GTV1_GLCM_Features_By_Orientation.csv,4,8,Patient_ID,4,,True,True
10,LUNG1-410\STEP_11_GLCM_TEXTURE\GTV1_GLCM_Features_By_Orientation.csv,4,8,Patient_ID,4,,True,True
10,LUNG1-411\STEP_11_GLCM_TEXTURE\GTV1_GLCM_Features_By_Orientation.csv,4,8,Patient_ID,4,,True,True
10,LUNG1-412\STEP_11_GLCM_TEXTURE\GTV1_GLCM_Features_By_Orientation.csv,4,8,Patient_ID,4,,True,True
10,LUNG1-413\STEP_11_GLCM_TEXTURE\GTV1_GLCM_Features_By_Orientation.csv,4,8,Patient_ID,4,,True,True
10,LUNG1-414\STEP_11_GLCM_TEXTURE\GTV1_GLCM_Features_By_Orientation.csv,4,8,Patient_ID,4,,True,True
10,LUNG1-415\STEP_11_GLCM_TEXTURE\GTV1_GLCM_Features_By_Orientation.csv,4,8,Patient_ID,4,,True,True
10,LUNG1-416\STEP_11_GLCM_TEXTURE\GTV1_GLCM_Features_By_Orientation.csv,4,8,Patient_ID,4,,True,True
10,LUNG1-417\STEP_11_GLCM_TEXTURE\GTV1_GLCM_Features_By_Orientation.csv,4,8,Patient_ID,4,,True,True
10,LUNG1-418\STEP_11_GLCM_TEXTURE\GTV1_GLCM_Features_By_Orientation.csv,4,8,Patient_ID,4,,True,True
10,LUNG1-419\STEP_11_GLCM_TEXTURE\GTV1_GLCM_Features_By_Orientation.csv,4,8,Patient_ID,4,,True,True
10,LUNG1-420\STEP_11_GLCM_TEXTURE\GTV1_GLCM_Features_By_Orientation.csv,4,8,Patient_ID,4,,True,True
10,LUNG1-421\STEP_11_GLCM_TEXTURE\GTV1_GLCM_Features_By_Orientation.csv,4,8,Patient_ID,4,,True,True
10,LUNG1-422\STEP_11_GLCM_TEXTURE\GTV1_GLCM_Features_By_Orientation.csv,4,8,Patient_ID,4,,True,True
10,LUNG1-001\STEP_11_GLCM_TEXTURE\GTV1_GLCM_Features_By_Distance.csv,3,8,Patient_ID,3,,True,True
10,LUNG1-002\STEP_11_GLCM_TEXTURE\GTV1_GLCM_Features_By_Distance.csv,3,8,Patient_ID,3,,True,True
10,LUNG1-003\STEP_11_GLCM_TEXTURE\GTV1_GLCM_Features_By_Distance.csv,3,8,Patient_ID,3,,True,True
10,LUNG1-004\STEP_11_GLCM_TEXTURE\GTV1_GLCM_Features_By_Distance.csv,3,8,Patient_ID,3,,True,True
10,LUNG1-005\STEP_11_GLCM_TEXTURE\GTV1_GLCM_Features_By_Distance.csv,3,8,Patient_ID,3,,True,True
10,LUNG1-006\STEP_11_GLCM_TEXTURE\GTV1_GLCM_Features_By_Distance.csv,3,8,Patient_ID,3,,True,True
10,LUNG1-007\STEP_11_GLCM_TEXTURE\GTV1_GLCM_Features_By_Distance.csv,3,8,Patient_ID,3,,True,True
10,LUNG1-008\STEP_11_GLCM_TEXTURE\GTV1_GLCM_Features_By_Distance.csv,3,8,Patient_ID,3,,True,True
10,LUNG1-009\STEP_11_GLCM_TEXTURE\GTV1_GLCM_Features_By_Distance.csv,3,8,Patient_ID,3,,True,True
10,LUNG1-010\STEP_11_GLCM_TEXTURE\GTV1_GLCM_Features_By_Distance.csv,3,8,Patient_ID,3,,True,True
10,LUNG1-011\STEP_11_GLCM_TEXTURE\GTV1_GLCM_Features_By_Distance.csv,3,8,Patient_ID,3,,True,True
10,LUNG1-012\STEP_11_GLCM_TEXTURE\GTV1_GLCM_Features_By_Distance.csv,3,8,Patient_ID,3,,True,True
10,LUNG1-013\STEP_11_GLCM_TEXTURE\GTV1_GLCM_Features_By_Distance.csv,3,8,Patient_ID,3,,True,True
10,LUNG1-014\STEP_11_GLCM_TEXTURE\GTV1_GLCM_Features_By_Distance.csv,3,8,Patient_ID,3,,True,True
10,LUNG1-015\STEP_11_GLCM_TEXTURE\GTV1_GLCM_Features_By_Distance.csv,3,8,Patient_ID,3,,True,True
10,LUNG1-016\STEP_11_GLCM_TEXTURE\GTV1_GLCM_Features_By_Distance.csv,3,8,Patient_ID,3,,True,True
10,LUNG1-017\STEP_11_GLCM_TEXTURE\GTV1_GLCM_Features_By_Distance.csv,3,8,Patient_ID,3,,True,True
10,LUNG1-018\STEP_11_GLCM_TEXTURE\GTV1_GLCM_Features_By_Distance.csv,3,8,Patient_ID,3,,True,True
10,LUNG1-019\STEP_11_GLCM_TEXTURE\GTV1_GLCM_Features_By_Distance.csv,3,8,Patient_ID,3,,True,True
10,LUNG1-020\STEP_11_GLCM_TEXTURE\GTV1_GLCM_Features_By_Distance.csv,3,8,Patient_ID,3,,True,True
10,LUNG1-021\STEP_11_GLCM_TEXTURE\GTV1_GLCM_Features_By_Distance.csv,3,8,Patient_ID,3,,True,True
10,LUNG1-022\STEP_11_GLCM_TEXTURE\GTV1_GLCM_Features_By_Distance.csv,3,8,Patient_ID,3,,True,True
10,LUNG1-023\STEP_11_GLCM_TEXTURE\GTV1_GLCM_Features_By_Distance.csv,3,8,Patient_ID,3,,True,True
10,LUNG1-024\STEP_11_GLCM_TEXTURE\GTV1_GLCM_Features_By_Distance.csv,3,8,Patient_ID,3,,True,True
10,LUNG1-025\STEP_11_GLCM_TEXTURE\GTV1_GLCM_Features_By_Distance.csv,3,8,Patient_ID,3,,True,True
10,LUNG1-026\STEP_11_GLCM_TEXTURE\GTV1_GLCM_Features_By_Distance.csv,3,8,Patient_ID,3,,True,True
10,LUNG1-027\STEP_11_GLCM_TEXTURE\GTV1_GLCM_Features_By_Distance.csv,3,8,Patient_ID,3,,True,True
10,LUNG1-027\STEP_12_LBP_TEXTURE\GTV1_LBP_slice_features.csv,3,7,Patient_ID,3,,True,True
10,LUNG1-028\STEP_11_GLCM_TEXTURE\GTV1_GLCM_Features_By_Distance.csv,3,8,Patient_ID,3,,True,True
10,LUNG1-029\STEP_11_GLCM_TEXTURE\GTV1_GLCM_Features_By_Distance.csv,3,8,Patient_ID,3,,True,True
10,LUNG1-030\STEP_11_GLCM_TEXTURE\GTV1_GLCM_Features_By_Distance.csv,3,8,Patient_ID,3,,True,True
10,LUNG1-031\STEP_11_GLCM_TEXTURE\GTV1_GLCM_Features_By_Distance.csv,3,8,Patient_ID,3,,True,True
10,LUNG1-032\STEP_11_GLCM_TEXTURE\GTV1_GLCM_Features_By_Distance.csv,3,8,Patient_ID,3,,True,True
10,LUNG1-033\STEP_11_GLCM_TEXTURE\GTV1_GLCM_Features_By_Distance.csv,3,8,Patient_ID,3,,True,True
10,LUNG1-034\STEP_11_GLCM_TEXTURE\GTV1_GLCM_Features_By_Distance.csv,3,8,Patient_ID,3,,True,True
10,LUNG1-035\STEP_11_GLCM_TEXTURE\GTV1_GLCM_Features_By_Distance.csv,3,8,Patient_ID,3,,True,True
10,LUNG1-036\STEP_11_GLCM_TEXTURE\GTV1_GLCM_Features_By_Distance.csv,3,8,Patient_ID,3,,True,True
10,LUNG1-037\STEP_11_GLCM_TEXTURE\GTV1_GLCM_Features_By_Distance.csv,3,8,Patient_ID,3,,True,True
10,LUNG1-038\STEP_11_GLCM_TEXTURE\GTV1_GLCM_Features_By_Distance.csv,3,8,Patient_ID,3,,True,True
10,LUNG1-039\STEP_11_GLCM_TEXTURE\GTV1_GLCM_Features_By_Distance.csv,3,8,Patient_ID,3,,True,True
10,LUNG1-040\STEP_11_GLCM_TEXTURE\GTV1_GLCM_Features_By_Distance.csv,3,8,Patient_ID,3,,True,True
10,LUNG1-041\STEP_11_GLCM_TEXTURE\GTV1_GLCM_Features_By_Distance.csv,3,8,Patient_ID,3,,True,True
10,LUNG1-042\STEP_11_GLCM_TEXTURE\GTV1_GLCM_Features_By_Distance.csv,3,8,Patient_ID,3,,True,True
10,LUNG1-043\STEP_11_GLCM_TEXTURE\GTV1_GLCM_Features_By_Distance.csv,3,8,Patient_ID,3,,True,True
10,LUNG1-044\STEP_11_GLCM_TEXTURE\GTV1_GLCM_Features_By_Distance.csv,3,8,Patient_ID,3,,True,True
10,LUNG1-045\STEP_11_GLCM_TEXTURE\GTV1_GLCM_Features_By_Distance.csv,3,8,Patient_ID,3,,True,True
10,LUNG1-046\STEP_11_GLCM_TEXTURE\GTV1_GLCM_Features_By_Distance.csv,3,8,Patient_ID,3,,True,True
10,LUNG1-047\STEP_11_GLCM_TEXTURE\GTV1_GLCM_Features_By_Distance.csv,3,8,Patient_ID,3,,True,True
10,LUNG1-048\STEP_11_GLCM_TEXTURE\GTV1_GLCM_Features_By_Distance.csv,3,8,Patient_ID,3,,True,True
10,LUNG1-049\STEP_11_GLCM_TEXTURE\GTV1_GLCM_Features_By_Distance.csv,3,8,Patient_ID,3,,True,True
10,LUNG1-050\STEP_11_GLCM_TEXTURE\GTV1_GLCM_Features_By_Distance.csv,3,8,Patient_ID,3,,True,True
10,LUNG1-051\STEP_11_GLCM_TEXTURE\GTV1_GLCM_Features_By_Distance.csv,3,8,Patient_ID,3,,True,True
10,LUNG1-052\STEP_11_GLCM_TEXTURE\GTV1_GLCM_Features_By_Distance.csv,3,8,Patient_ID,3,,True,True
10,LUNG1-053\STEP_11_GLCM_TEXTURE\GTV1_GLCM_Features_By_Distance.csv,3,8,Patient_ID,3,,True,True
10,LUNG1-054\STEP_11_GLCM_TEXTURE\GTV1_GLCM_Features_By_Distance.csv,3,8,Patient_ID,3,,True,True
10,LUNG1-055\STEP_11_GLCM_TEXTURE\GTV1_GLCM_Features_By_Distance.csv,3,8,Patient_ID,3,,True,True
10,LUNG1-056\STEP_11_GLCM_TEXTURE\GTV1_GLCM_Features_By_Distance.csv,3,8,Patient_ID,3,,True,True
10,LUNG1-057\STEP_11_GLCM_TEXTURE\GTV1_GLCM_Features_By_Distance.csv,3,8,Patient_ID,3,,True,True
10,LUNG1-058\STEP_11_GLCM_TEXTURE\GTV1_GLCM_Features_By_Distance.csv,3,8,Patient_ID,3,,True,True
10,LUNG1-059\STEP_11_GLCM_TEXTURE\GTV1_GLCM_Features_By_Distance.csv,3,8,Patient_ID,3,,True,True
10,LUNG1-060\STEP_11_GLCM_TEXTURE\GTV1_GLCM_Features_By_Distance.csv,3,8,Patient_ID,3,,True,True
10,LUNG1-061\STEP_11_GLCM_TEXTURE\GTV1_GLCM_Features_By_Distance.csv,3,8,Patient_ID,3,,True,True
10,LUNG1-062\STEP_11_GLCM_TEXTURE\GTV1_GLCM_Features_By_Distance.csv,3,8,Patient_ID,3,,True,True
10,LUNG1-063\STEP_11_GLCM_TEXTURE\GTV1_GLCM_Features_By_Distance.csv,3,8,Patient_ID,3,,True,True
10,LUNG1-064\STEP_11_GLCM_TEXTURE\GTV1_GLCM_Features_By_Distance.csv,3,8,Patient_ID,3,,True,True
10,LUNG1-065\STEP_11_GLCM_TEXTURE\GTV1_GLCM_Features_By_Distance.csv,3,8,Patient_ID,3,,True,True
10,LUNG1-066\STEP_11_GLCM_TEXTURE\GTV1_GLCM_Features_By_Distance.csv,3,8,Patient_ID,3,,True,True
10,LUNG1-067\STEP_11_GLCM_TEXTURE\GTV1_GLCM_Features_By_Distance.csv,3,8,Patient_ID,3,,True,True
10,LUNG1-068\STEP_11_GLCM_TEXTURE\GTV1_GLCM_Features_By_Distance.csv,3,8,Patient_ID,3,,True,True
10,LUNG1-069\STEP_11_GLCM_TEXTURE\GTV1_GLCM_Features_By_Distance.csv,3,8,Patient_ID,3,,True,True
10,LUNG1-070\STEP_11_GLCM_TEXTURE\GTV1_GLCM_Features_By_Distance.csv,3,8,Patient_ID,3,,True,True
10,LUNG1-071\STEP_11_GLCM_TEXTURE\GTV1_GLCM_Features_By_Distance.csv,3,8,Patient_ID,3,,True,True
10,LUNG1-072\STEP_11_GLCM_TEXTURE\GTV1_GLCM_Features_By_Distance.csv,3,8,Patient_ID,3,,True,True
10,LUNG1-073\STEP_11_GLCM_TEXTURE\GTV1_GLCM_Features_By_Distance.csv,3,8,Patient_ID,3,,True,True
10,LUNG1-074\STEP_11_GLCM_TEXTURE\GTV1_GLCM_Features_By_Distance.csv,3,8,Patient_ID,3,,True,True
10,LUNG1-075\STEP_11_GLCM_TEXTURE\GTV1_GLCM_Features_By_Distance.csv,3,8,Patient_ID,3,,True,True
10,LUNG1-076\STEP_11_GLCM_TEXTURE\GTV1_GLCM_Features_By_Distance.csv,3,8,Patient_ID,3,,True,True
10,LUNG1-077\STEP_11_GLCM_TEXTURE\GTV1_GLCM_Features_By_Distance.csv,3,8,Patient_ID,3,,True,True
10,LUNG1-078\STEP_11_GLCM_TEXTURE\GTV1_GLCM_Features_By_Distance.csv,3,8,Patient_ID,3,,True,True
10,LUNG1-079\STEP_11_GLCM_TEXTURE\GTV1_GLCM_Features_By_Distance.csv,3,8,Patient_ID,3,,True,True
10,LUNG1-080\STEP_11_GLCM_TEXTURE\GTV1_GLCM_Features_By_Distance.csv,3,8,Patient_ID,3,,True,True
10,LUNG1-081\STEP_11_GLCM_TEXTURE\GTV1_GLCM_Features_By_Distance.csv,3,8,Patient_ID,3,,True,True
10,LUNG1-082\STEP_11_GLCM_TEXTURE\GTV1_GLCM_Features_By_Distance.csv,3,8,Patient_ID,3,,True,True
10,LUNG1-083\STEP_11_GLCM_TEXTURE\GTV1_GLCM_Features_By_Distance.csv,3,8,Patient_ID,3,,True,True
10,LUNG1-084\STEP_11_GLCM_TEXTURE\GTV1_GLCM_Features_By_Distance.csv,3,8,Patient_ID,3,,True,True
10,LUNG1-085\STEP_11_GLCM_TEXTURE\GTV1_GLCM_Features_By_Distance.csv,3,8,Patient_ID,3,,True,True
10,LUNG1-086\STEP_11_GLCM_TEXTURE\GTV1_GLCM_Features_By_Distance.csv,3,8,Patient_ID,3,,True,True
10,LUNG1-087\STEP_11_GLCM_TEXTURE\GTV1_GLCM_Features_By_Distance.csv,3,8,Patient_ID,3,,True,True
10,LUNG1-088\STEP_11_GLCM_TEXTURE\GTV1_GLCM_Features_By_Distance.csv,3,8,Patient_ID,3,,True,True
10,LUNG1-089\STEP_11_GLCM_TEXTURE\GTV1_GLCM_Features_By_Distance.csv,3,8,Patient_ID,3,,True,True
10,LUNG1-090\STEP_11_GLCM_TEXTURE\GTV1_GLCM_Features_By_Distance.csv,3,8,Patient_ID,3,,True,True
10,LUNG1-091\STEP_11_GLCM_TEXTURE\GTV1_GLCM_Features_By_Distance.csv,3,8,Patient_ID,3,,True,True
10,LUNG1-092\STEP_11_GLCM_TEXTURE\GTV1_GLCM_Features_By_Distance.csv,3,8,Patient_ID,3,,True,True
10,LUNG1-093\STEP_11_GLCM_TEXTURE\GTV1_GLCM_Features_By_Distance.csv,3,8,Patient_ID,3,,True,True
10,LUNG1-094\STEP_11_GLCM_TEXTURE\GTV1_GLCM_Features_By_Distance.csv,3,8,Patient_ID,3,,True,True
10,LUNG1-095\STEP_11_GLCM_TEXTURE\GTV1_GLCM_Features_By_Distance.csv,3,8,Patient_ID,3,,True,True
10,LUNG1-096\STEP_11_GLCM_TEXTURE\GTV1_GLCM_Features_By_Distance.csv,3,8,Patient_ID,3,,True,True
10,LUNG1-097\STEP_11_GLCM_TEXTURE\GTV1_GLCM_Features_By_Distance.csv,3,8,Patient_ID,3,,True,True
10,LUNG1-098\STEP_11_GLCM_TEXTURE\GTV1_GLCM_Features_By_Distance.csv,3,8,Patient_ID,3,,True,True
10,LUNG1-099\STEP_11_GLCM_TEXTURE\GTV1_GLCM_Features_By_Distance.csv,3,8,Patient_ID,3,,True,True
10,LUNG1-100\STEP_11_GLCM_TEXTURE\GTV1_GLCM_Features_By_Distance.csv,3,8,Patient_ID,3,,True,True
10,LUNG1-101\STEP_11_GLCM_TEXTURE\GTV1_GLCM_Features_By_Distance.csv,3,8,Patient_ID,3,,True,True
10,LUNG1-102\STEP_11_GLCM_TEXTURE\GTV1_GLCM_Features_By_Distance.csv,3,8,Patient_ID,3,,True,True
10,LUNG1-103\STEP_11_GLCM_TEXTURE\GTV1_GLCM_Features_By_Distance.csv,3,8,Patient_ID,3,,True,True
10,LUNG1-104\STEP_11_GLCM_TEXTURE\GTV1_GLCM_Features_By_Distance.csv,3,8,Patient_ID,3,,True,True
10,LUNG1-105\STEP_11_GLCM_TEXTURE\GTV1_GLCM_Features_By_Distance.csv,3,8,Patient_ID,3,,True,True
10,LUNG1-106\STEP_11_GLCM_TEXTURE\GTV1_GLCM_Features_By_Distance.csv,3,8,Patient_ID,3,,True,True
10,LUNG1-107\STEP_11_GLCM_TEXTURE\GTV1_GLCM_Features_By_Distance.csv,3,8,Patient_ID,3,,True,True
10,LUNG1-108\STEP_11_GLCM_TEXTURE\GTV1_GLCM_Features_By_Distance.csv,3,8,Patient_ID,3,,True,True
10,LUNG1-108\STEP_12_LBP_TEXTURE\GTV1_LBP_slice_features.csv,3,7,Patient_ID,3,,True,True
10,LUNG1-109\STEP_11_GLCM_TEXTURE\GTV1_GLCM_Features_By_Distance.csv,3,8,Patient_ID,3,,True,True
10,LUNG1-110\STEP_11_GLCM_TEXTURE\GTV1_GLCM_Features_By_Distance.csv,3,8,Patient_ID,3,,True,True
10,LUNG1-111\STEP_11_GLCM_TEXTURE\GTV1_GLCM_Features_By_Distance.csv,3,8,Patient_ID,3,,True,True
10,LUNG1-112\STEP_11_GLCM_TEXTURE\GTV1_GLCM_Features_By_Distance.csv,3,8,Patient_ID,3,,True,True
10,LUNG1-113\STEP_11_GLCM_TEXTURE\GTV1_GLCM_Features_By_Distance.csv,3,8,Patient_ID,3,,True,True
10,LUNG1-114\STEP_11_GLCM_TEXTURE\GTV1_GLCM_Features_By_Distance.csv,3,8,Patient_ID,3,,True,True
10,LUNG1-115\STEP_11_GLCM_TEXTURE\GTV1_GLCM_Features_By_Distance.csv,3,8,Patient_ID,3,,True,True
10,LUNG1-116\STEP_11_GLCM_TEXTURE\GTV1_GLCM_Features_By_Distance.csv,3,8,Patient_ID,3,,True,True
10,LUNG1-117\STEP_11_GLCM_TEXTURE\GTV1_GLCM_Features_By_Distance.csv,3,8,Patient_ID,3,,True,True
10,LUNG1-118\STEP_11_GLCM_TEXTURE\GTV1_GLCM_Features_By_Distance.csv,3,8,Patient_ID,3,,True,True
10,LUNG1-119\STEP_11_GLCM_TEXTURE\GTV1_GLCM_Features_By_Distance.csv,3,8,Patient_ID,3,,True,True
10,LUNG1-120\STEP_11_GLCM_TEXTURE\GTV1_GLCM_Features_By_Distance.csv,3,8,Patient_ID,3,,True,True
10,LUNG1-121\STEP_11_GLCM_TEXTURE\GTV1_GLCM_Features_By_Distance.csv,3,8,Patient_ID,3,,True,True
10,LUNG1-122\STEP_11_GLCM_TEXTURE\GTV1_GLCM_Features_By_Distance.csv,3,8,Patient_ID,3,,True,True
10,LUNG1-123\STEP_11_GLCM_TEXTURE\GTV1_GLCM_Features_By_Distance.csv,3,8,Patient_ID,3,,True,True
10,LUNG1-124\STEP_11_GLCM_TEXTURE\GTV1_GLCM_Features_By_Distance.csv,3,8,Patient_ID,3,,True,True
10,LUNG1-125\STEP_11_GLCM_TEXTURE\GTV1_GLCM_Features_By_Distance.csv,3,8,Patient_ID,3,,True,True
10,LUNG1-126\STEP_11_GLCM_TEXTURE\GTV1_GLCM_Features_By_Distance.csv,3,8,Patient_ID,3,,True,True
10,LUNG1-127\STEP_11_GLCM_TEXTURE\GTV1_GLCM_Features_By_Distance.csv,3,8,Patient_ID,3,,True,True
10,LUNG1-129\STEP_11_GLCM_TEXTURE\GTV1_GLCM_Features_By_Distance.csv,3,8,Patient_ID,3,,True,True
10,LUNG1-130\STEP_11_GLCM_TEXTURE\GTV1_GLCM_Features_By_Distance.csv,3,8,Patient_ID,3,,True,True
10,LUNG1-131\STEP_11_GLCM_TEXTURE\GTV1_GLCM_Features_By_Distance.csv,3,8,Patient_ID,3,,True,True
10,LUNG1-132\STEP_11_GLCM_TEXTURE\GTV1_GLCM_Features_By_Distance.csv,3,8,Patient_ID,3,,True,True
10,LUNG1-133\STEP_11_GLCM_TEXTURE\GTV1_GLCM_Features_By_Distance.csv,3,8,Patient_ID,3,,True,True
10,LUNG1-134\STEP_11_GLCM_TEXTURE\GTV1_GLCM_Features_By_Distance.csv,3,8,Patient_ID,3,,True,True
10,LUNG1-135\STEP_11_GLCM_TEXTURE\GTV1_GLCM_Features_By_Distance.csv,3,8,Patient_ID,3,,True,True
10,LUNG1-136\STEP_11_GLCM_TEXTURE\GTV1_GLCM_Features_By_Distance.csv,3,8,Patient_ID,3,,True,True
10,LUNG1-137\STEP_11_GLCM_TEXTURE\GTV1_GLCM_Features_By_Distance.csv,3,8,Patient_ID,3,,True,True
10,LUNG1-138\STEP_11_GLCM_TEXTURE\GTV1_GLCM_Features_By_Distance.csv,3,8,Patient_ID,3,,True,True
10,LUNG1-139\STEP_11_GLCM_TEXTURE\GTV1_GLCM_Features_By_Distance.csv,3,8,Patient_ID,3,,True,True
10,LUNG1-140\STEP_11_GLCM_TEXTURE\GTV1_GLCM_Features_By_Distance.csv,3,8,Patient_ID,3,,True,True
10,LUNG1-141\STEP_11_GLCM_TEXTURE\GTV1_GLCM_Features_By_Distance.csv,3,8,Patient_ID,3,,True,True
10,LUNG1-142\STEP_11_GLCM_TEXTURE\GTV1_GLCM_Features_By_Distance.csv,3,8,Patient_ID,3,,True,True
10,LUNG1-143\STEP_11_GLCM_TEXTURE\GTV1_GLCM_Features_By_Distance.csv,3,8,Patient_ID,3,,True,True
10,LUNG1-144\STEP_11_GLCM_TEXTURE\GTV1_GLCM_Features_By_Distance.csv,3,8,Patient_ID,3,,True,True
10,LUNG1-145\STEP_11_GLCM_TEXTURE\GTV1_GLCM_Features_By_Distance.csv,3,8,Patient_ID,3,,True,True
10,LUNG1-146\STEP_11_GLCM_TEXTURE\GTV1_GLCM_Features_By_Distance.csv,3,8,Patient_ID,3,,True,True
10,LUNG1-147\STEP_11_GLCM_TEXTURE\GTV1_GLCM_Features_By_Distance.csv,3,8,Patient_ID,3,,True,True
10,LUNG1-148\STEP_11_GLCM_TEXTURE\GTV1_GLCM_Features_By_Distance.csv,3,8,Patient_ID,3,,True,True
10,LUNG1-149\STEP_11_GLCM_TEXTURE\GTV1_GLCM_Features_By_Distance.csv,3,8,Patient_ID,3,,True,True
10,LUNG1-150\STEP_11_GLCM_TEXTURE\GTV1_GLCM_Features_By_Distance.csv,3,8,Patient_ID,3,,True,True
10,LUNG1-151\STEP_11_GLCM_TEXTURE\GTV1_GLCM_Features_By_Distance.csv,3,8,Patient_ID,3,,True,True
10,LUNG1-152\STEP_11_GLCM_TEXTURE\GTV1_GLCM_Features_By_Distance.csv,3,8,Patient_ID,3,,True,True
10,LUNG1-153\STEP_11_GLCM_TEXTURE\GTV1_GLCM_Features_By_Distance.csv,3,8,Patient_ID,3,,True,True
10,LUNG1-154\STEP_11_GLCM_TEXTURE\GTV1_GLCM_Features_By_Distance.csv,3,8,Patient_ID,3,,True,True
10,LUNG1-155\STEP_11_GLCM_TEXTURE\GTV1_GLCM_Features_By_Distance.csv,3,8,Patient_ID,3,,True,True
10,LUNG1-156\STEP_11_GLCM_TEXTURE\GTV1_GLCM_Features_By_Distance.csv,3,8,Patient_ID,3,,True,True
10,LUNG1-156\STEP_12_LBP_TEXTURE\GTV1_LBP_slice_features.csv,3,7,Patient_ID,3,,True,True
10,LUNG1-157\STEP_11_GLCM_TEXTURE\GTV1_GLCM_Features_By_Distance.csv,3,8,Patient_ID,3,,True,True
10,LUNG1-158\STEP_11_GLCM_TEXTURE\GTV1_GLCM_Features_By_Distance.csv,3,8,Patient_ID,3,,True,True
10,LUNG1-159\STEP_11_GLCM_TEXTURE\GTV1_GLCM_Features_By_Distance.csv,3,8,Patient_ID,3,,True,True
10,LUNG1-160\STEP_11_GLCM_TEXTURE\GTV1_GLCM_Features_By_Distance.csv,3,8,Patient_ID,3,,True,True
10,LUNG1-161\STEP_11_GLCM_TEXTURE\GTV1_GLCM_Features_By_Distance.csv,3,8,Patient_ID,3,,True,True
10,LUNG1-161\STEP_12_LBP_TEXTURE\GTV1_LBP_slice_features.csv,3,7,Patient_ID,3,,True,True
10,LUNG1-162\STEP_11_GLCM_TEXTURE\GTV1_GLCM_Features_By_Distance.csv,3,8,Patient_ID,3,,True,True
10,LUNG1-163\STEP_11_GLCM_TEXTURE\GTV1_GLCM_Features_By_Distance.csv,3,8,Patient_ID,3,,True,True
10,LUNG1-164\STEP_11_GLCM_TEXTURE\GTV1_GLCM_Features_By_Distance.csv,3,8,Patient_ID,3,,True,True
10,LUNG1-165\STEP_11_GLCM_TEXTURE\GTV1_GLCM_Features_By_Distance.csv,3,8,Patient_ID,3,,True,True
10,LUNG1-166\STEP_11_GLCM_TEXTURE\GTV1_GLCM_Features_By_Distance.csv,3,8,Patient_ID,3,,True,True
10,LUNG1-167\STEP_11_GLCM_TEXTURE\GTV1_GLCM_Features_By_Distance.csv,3,8,Patient_ID,3,,True,True
10,LUNG1-167\STEP_12_LBP_TEXTURE\GTV1_LBP_slice_features.csv,3,7,Patient_ID,3,,True,True
10,LUNG1-168\STEP_11_GLCM_TEXTURE\GTV1_GLCM_Features_By_Distance.csv,3,8,Patient_ID,3,,True,True
10,LUNG1-169\STEP_11_GLCM_TEXTURE\GTV1_GLCM_Features_By_Distance.csv,3,8,Patient_ID,3,,True,True
10,LUNG1-170\STEP_11_GLCM_TEXTURE\GTV1_GLCM_Features_By_Distance.csv,3,8,Patient_ID,3,,True,True
10,LUNG1-171\STEP_11_GLCM_TEXTURE\GTV1_GLCM_Features_By_Distance.csv,3,8,Patient_ID,3,,True,True
10,LUNG1-172\STEP_11_GLCM_TEXTURE\GTV1_GLCM_Features_By_Distance.csv,3,8,Patient_ID,3,,True,True
10,LUNG1-173\STEP_11_GLCM_TEXTURE\GTV1_GLCM_Features_By_Distance.csv,3,8,Patient_ID,3,,True,True
10,LUNG1-174\STEP_11_GLCM_TEXTURE\GTV1_GLCM_Features_By_Distance.csv,3,8,Patient_ID,3,,True,True
10,LUNG1-175\STEP_11_GLCM_TEXTURE\GTV1_GLCM_Features_By_Distance.csv,3,8,Patient_ID,3,,True,True
10,LUNG1-176\STEP_11_GLCM_TEXTURE\GTV1_GLCM_Features_By_Distance.csv,3,8,Patient_ID,3,,True,True
10,LUNG1-177\STEP_11_GLCM_TEXTURE\GTV1_GLCM_Features_By_Distance.csv,3,8,Patient_ID,3,,True,True
10,LUNG1-178\STEP_11_GLCM_TEXTURE\GTV1_GLCM_Features_By_Distance.csv,3,8,Patient_ID,3,,True,True
10,LUNG1-179\STEP_11_GLCM_TEXTURE\GTV1_GLCM_Features_By_Distance.csv,3,8,Patient_ID,3,,True,True
10,LUNG1-180\STEP_11_GLCM_TEXTURE\GTV1_GLCM_Features_By_Distance.csv,3,8,Patient_ID,3,,True,True
10,LUNG1-181\STEP_11_GLCM_TEXTURE\GTV1_GLCM_Features_By_Distance.csv,3,8,Patient_ID,3,,True,True
10,LUNG1-182\STEP_11_GLCM_TEXTURE\GTV1_GLCM_Features_By_Distance.csv,3,8,Patient_ID,3,,True,True
10,LUNG1-183\STEP_11_GLCM_TEXTURE\GTV1_GLCM_Features_By_Distance.csv,3,8,Patient_ID,3,,True,True
10,LUNG1-184\STEP_11_GLCM_TEXTURE\GTV1_GLCM_Features_By_Distance.csv,3,8,Patient_ID,3,,True,True
10,LUNG1-185\STEP_11_GLCM_TEXTURE\GTV1_GLCM_Features_By_Distance.csv,3,8,Patient_ID,3,,True,True
10,LUNG1-186\STEP_11_GLCM_TEXTURE\GTV1_GLCM_Features_By_Distance.csv,3,8,Patient_ID,3,,True,True
10,LUNG1-187\STEP_11_GLCM_TEXTURE\GTV1_GLCM_Features_By_Distance.csv,3,8,Patient_ID,3,,True,True
10,LUNG1-188\STEP_11_GLCM_TEXTURE\GTV1_GLCM_Features_By_Distance.csv,3,8,Patient_ID,3,,True,True
10,LUNG1-189\STEP_11_GLCM_TEXTURE\GTV1_GLCM_Features_By_Distance.csv,3,8,Patient_ID,3,,True,True
10,LUNG1-190\STEP_11_GLCM_TEXTURE\GTV1_GLCM_Features_By_Distance.csv,3,8,Patient_ID,3,,True,True
10,LUNG1-191\STEP_11_GLCM_TEXTURE\GTV1_GLCM_Features_By_Distance.csv,3,8,Patient_ID,3,,True,True
10,LUNG1-192\STEP_11_GLCM_TEXTURE\GTV1_GLCM_Features_By_Distance.csv,3,8,Patient_ID,3,,True,True
10,LUNG1-193\STEP_11_GLCM_TEXTURE\GTV1_GLCM_Features_By_Distance.csv,3,8,Patient_ID,3,,True,True
10,LUNG1-194\STEP_11_GLCM_TEXTURE\GTV1_GLCM_Features_By_Distance.csv,3,8,Patient_ID,3,,True,True
10,LUNG1-195\STEP_11_GLCM_TEXTURE\GTV1_GLCM_Features_By_Distance.csv,3,8,Patient_ID,3,,True,True
10,LUNG1-196\STEP_11_GLCM_TEXTURE\GTV1_GLCM_Features_By_Distance.csv,3,8,Patient_ID,3,,True,True
10,LUNG1-197\STEP_11_GLCM_TEXTURE\GTV1_GLCM_Features_By_Distance.csv,3,8,Patient_ID,3,,True,True
10,LUNG1-198\STEP_11_GLCM_TEXTURE\GTV1_GLCM_Features_By_Distance.csv,3,8,Patient_ID,3,,True,True
10,LUNG1-199\STEP_11_GLCM_TEXTURE\GTV1_GLCM_Features_By_Distance.csv,3,8,Patient_ID,3,,True,True
10,LUNG1-200\STEP_11_GLCM_TEXTURE\GTV1_GLCM_Features_By_Distance.csv,3,8,Patient_ID,3,,True,True
10,LUNG1-201\STEP_11_GLCM_TEXTURE\GTV1_GLCM_Features_By_Distance.csv,3,8,Patient_ID,3,,True,True
10,LUNG1-202\STEP_11_GLCM_TEXTURE\GTV1_GLCM_Features_By_Distance.csv,3,8,Patient_ID,3,,True,True
10,LUNG1-203\STEP_11_GLCM_TEXTURE\GTV1_GLCM_Features_By_Distance.csv,3,8,Patient_ID,3,,True,True
10,LUNG1-204\STEP_11_GLCM_TEXTURE\GTV1_GLCM_Features_By_Distance.csv,3,8,Patient_ID,3,,True,True
10,LUNG1-205\STEP_11_GLCM_TEXTURE\GTV1_GLCM_Features_By_Distance.csv,3,8,Patient_ID,3,,True,True
10,LUNG1-206\STEP_11_GLCM_TEXTURE\GTV1_GLCM_Features_By_Distance.csv,3,8,Patient_ID,3,,True,True
10,LUNG1-207\STEP_11_GLCM_TEXTURE\GTV1_GLCM_Features_By_Distance.csv,3,8,Patient_ID,3,,True,True
10,LUNG1-208\STEP_11_GLCM_TEXTURE\GTV1_GLCM_Features_By_Distance.csv,3,8,Patient_ID,3,,True,True
10,LUNG1-209\STEP_11_GLCM_TEXTURE\GTV1_GLCM_Features_By_Distance.csv,3,8,Patient_ID,3,,True,True
10,LUNG1-210\STEP_11_GLCM_TEXTURE\GTV1_GLCM_Features_By_Distance.csv,3,8,Patient_ID,3,,True,True
10,LUNG1-211\STEP_11_GLCM_TEXTURE\GTV1_GLCM_Features_By_Distance.csv,3,8,Patient_ID,3,,True,True
10,LUNG1-212\STEP_11_GLCM_TEXTURE\GTV1_GLCM_Features_By_Distance.csv,3,8,Patient_ID,3,,True,True
10,LUNG1-213\STEP_11_GLCM_TEXTURE\GTV1_GLCM_Features_By_Distance.csv,3,8,Patient_ID,3,,True,True
10,LUNG1-214\STEP_11_GLCM_TEXTURE\GTV1_GLCM_Features_By_Distance.csv,3,8,Patient_ID,3,,True,True
10,LUNG1-215\STEP_11_GLCM_TEXTURE\GTV1_GLCM_Features_By_Distance.csv,3,8,Patient_ID,3,,True,True
10,LUNG1-216\STEP_11_GLCM_TEXTURE\GTV1_GLCM_Features_By_Distance.csv,3,8,Patient_ID,3,,True,True
10,LUNG1-217\STEP_11_GLCM_TEXTURE\GTV1_GLCM_Features_By_Distance.csv,3,8,Patient_ID,3,,True,True
10,LUNG1-218\STEP_11_GLCM_TEXTURE\GTV1_GLCM_Features_By_Distance.csv,3,8,Patient_ID,3,,True,True
10,LUNG1-219\STEP_11_GLCM_TEXTURE\GTV1_GLCM_Features_By_Distance.csv,3,8,Patient_ID,3,,True,True
10,LUNG1-220\STEP_11_GLCM_TEXTURE\GTV1_GLCM_Features_By_Distance.csv,3,8,Patient_ID,3,,True,True
10,LUNG1-221\STEP_11_GLCM_TEXTURE\GTV1_GLCM_Features_By_Distance.csv,3,8,Patient_ID,3,,True,True
10,LUNG1-222\STEP_11_GLCM_TEXTURE\GTV1_GLCM_Features_By_Distance.csv,3,8,Patient_ID,3,,True,True
10,LUNG1-223\STEP_11_GLCM_TEXTURE\GTV1_GLCM_Features_By_Distance.csv,3,8,Patient_ID,3,,True,True
10,LUNG1-224\STEP_11_GLCM_TEXTURE\GTV1_GLCM_Features_By_Distance.csv,3,8,Patient_ID,3,,True,True
10,LUNG1-225\STEP_11_GLCM_TEXTURE\GTV1_GLCM_Features_By_Distance.csv,3,8,Patient_ID,3,,True,True
10,LUNG1-226\STEP_11_GLCM_TEXTURE\GTV1_GLCM_Features_By_Distance.csv,3,8,Patient_ID,3,,True,True
10,LUNG1-227\STEP_11_GLCM_TEXTURE\GTV1_GLCM_Features_By_Distance.csv,3,8,Patient_ID,3,,True,True
10,LUNG1-228\STEP_11_GLCM_TEXTURE\GTV1_GLCM_Features_By_Distance.csv,3,8,Patient_ID,3,,True,True
10,LUNG1-229\STEP_11_GLCM_TEXTURE\GTV1_GLCM_Features_By_Distance.csv,3,8,Patient_ID,3,,True,True
10,LUNG1-230\STEP_11_GLCM_TEXTURE\GTV1_GLCM_Features_By_Distance.csv,3,8,Patient_ID,3,,True,True
10,LUNG1-231\STEP_11_GLCM_TEXTURE\GTV1_GLCM_Features_By_Distance.csv,3,8,Patient_ID,3,,True,True
10,LUNG1-232\STEP_11_GLCM_TEXTURE\GTV1_GLCM_Features_By_Distance.csv,3,8,Patient_ID,3,,True,True
10,LUNG1-233\STEP_11_GLCM_TEXTURE\GTV1_GLCM_Features_By_Distance.csv,3,8,Patient_ID,3,,True,True
10,LUNG1-234\STEP_11_GLCM_TEXTURE\GTV1_GLCM_Features_By_Distance.csv,3,8,Patient_ID,3,,True,True
10,LUNG1-235\STEP_11_GLCM_TEXTURE\GTV1_GLCM_Features_By_Distance.csv,3,8,Patient_ID,3,,True,True
10,LUNG1-236\STEP_11_GLCM_TEXTURE\GTV1_GLCM_Features_By_Distance.csv,3,8,Patient_ID,3,,True,True
10,LUNG1-237\STEP_11_GLCM_TEXTURE\GTV1_GLCM_Features_By_Distance.csv,3,8,Patient_ID,3,,True,True
10,LUNG1-238\STEP_11_GLCM_TEXTURE\GTV1_GLCM_Features_By_Distance.csv,3,8,Patient_ID,3,,True,True
10,LUNG1-239\STEP_11_GLCM_TEXTURE\GTV1_GLCM_Features_By_Distance.csv,3,8,Patient_ID,3,,True,True
10,LUNG1-240\STEP_11_GLCM_TEXTURE\GTV1_GLCM_Features_By_Distance.csv,3,8,Patient_ID,3,,True,True
10,LUNG1-241\STEP_11_GLCM_TEXTURE\GTV1_GLCM_Features_By_Distance.csv,3,8,Patient_ID,3,,True,True
10,LUNG1-242\STEP_11_GLCM_TEXTURE\GTV1_GLCM_Features_By_Distance.csv,3,8,Patient_ID,3,,True,True
10,LUNG1-243\STEP_11_GLCM_TEXTURE\GTV1_GLCM_Features_By_Distance.csv,3,8,Patient_ID,3,,True,True
10,LUNG1-244\STEP_11_GLCM_TEXTURE\GTV1_GLCM_Features_By_Distance.csv,3,8,Patient_ID,3,,True,True
10,LUNG1-245\STEP_11_GLCM_TEXTURE\GTV1_GLCM_Features_By_Distance.csv,3,8,Patient_ID,3,,True,True
10,LUNG1-246\STEP_11_GLCM_TEXTURE\GTV1_GLCM_Features_By_Distance.csv,3,8,Patient_ID,3,,True,True
10,LUNG1-247\STEP_11_GLCM_TEXTURE\GTV1_GLCM_Features_By_Distance.csv,3,8,Patient_ID,3,,True,True
10,LUNG1-248\STEP_11_GLCM_TEXTURE\GTV1_GLCM_Features_By_Distance.csv,3,8,Patient_ID,3,,True,True
10,LUNG1-249\STEP_11_GLCM_TEXTURE\GTV1_GLCM_Features_By_Distance.csv,3,8,Patient_ID,3,,True,True
10,LUNG1-250\STEP_11_GLCM_TEXTURE\GTV1_GLCM_Features_By_Distance.csv,3,8,Patient_ID,3,,True,True
10,LUNG1-251\STEP_11_GLCM_TEXTURE\GTV1_GLCM_Features_By_Distance.csv,3,8,Patient_ID,3,,True,True
10,LUNG1-252\STEP_11_GLCM_TEXTURE\GTV1_GLCM_Features_By_Distance.csv,3,8,Patient_ID,3,,True,True
10,LUNG1-253\STEP_11_GLCM_TEXTURE\GTV1_GLCM_Features_By_Distance.csv,3,8,Patient_ID,3,,True,True
10,LUNG1-254\STEP_11_GLCM_TEXTURE\GTV1_GLCM_Features_By_Distance.csv,3,8,Patient_ID,3,,True,True
10,LUNG1-255\STEP_11_GLCM_TEXTURE\GTV1_GLCM_Features_By_Distance.csv,3,8,Patient_ID,3,,True,True
10,LUNG1-256\STEP_11_GLCM_TEXTURE\GTV1_GLCM_Features_By_Distance.csv,3,8,Patient_ID,3,,True,True
10,LUNG1-257\STEP_11_GLCM_TEXTURE\GTV1_GLCM_Features_By_Distance.csv,3,8,Patient_ID,3,,True,True
10,LUNG1-258\STEP_11_GLCM_TEXTURE\GTV1_GLCM_Features_By_Distance.csv,3,8,Patient_ID,3,,True,True
10,LUNG1-259\STEP_11_GLCM_TEXTURE\GTV1_GLCM_Features_By_Distance.csv,3,8,Patient_ID,3,,True,True
10,LUNG1-260\STEP_11_GLCM_TEXTURE\GTV1_GLCM_Features_By_Distance.csv,3,8,Patient_ID,3,,True,True
10,LUNG1-261\STEP_11_GLCM_TEXTURE\GTV1_GLCM_Features_By_Distance.csv,3,8,Patient_ID,3,,True,True
10,LUNG1-262\STEP_11_GLCM_TEXTURE\GTV1_GLCM_Features_By_Distance.csv,3,8,Patient_ID,3,,True,True
10,LUNG1-263\STEP_11_GLCM_TEXTURE\GTV1_GLCM_Features_By_Distance.csv,3,8,Patient_ID,3,,True,True
10,LUNG1-264\STEP_11_GLCM_TEXTURE\GTV1_GLCM_Features_By_Distance.csv,3,8,Patient_ID,3,,True,True
10,LUNG1-265\STEP_11_GLCM_TEXTURE\GTV1_GLCM_Features_By_Distance.csv,3,8,Patient_ID,3,,True,True
10,LUNG1-266\STEP_11_GLCM_TEXTURE\GTV1_GLCM_Features_By_Distance.csv,3,8,Patient_ID,3,,True,True
10,LUNG1-267\STEP_11_GLCM_TEXTURE\GTV1_GLCM_Features_By_Distance.csv,3,8,Patient_ID,3,,True,True
10,LUNG1-268\STEP_11_GLCM_TEXTURE\GTV1_GLCM_Features_By_Distance.csv,3,8,Patient_ID,3,,True,True
10,LUNG1-269\STEP_11_GLCM_TEXTURE\GTV1_GLCM_Features_By_Distance.csv,3,8,Patient_ID,3,,True,True
10,LUNG1-270\STEP_11_GLCM_TEXTURE\GTV1_GLCM_Features_By_Distance.csv,3,8,Patient_ID,3,,True,True
10,LUNG1-271\STEP_11_GLCM_TEXTURE\GTV1_GLCM_Features_By_Distance.csv,3,8,Patient_ID,3,,True,True
10,LUNG1-272\STEP_11_GLCM_TEXTURE\GTV1_GLCM_Features_By_Distance.csv,3,8,Patient_ID,3,,True,True
10,LUNG1-273\STEP_11_GLCM_TEXTURE\GTV1_GLCM_Features_By_Distance.csv,3,8,Patient_ID,3,,True,True
10,LUNG1-274\STEP_11_GLCM_TEXTURE\GTV1_GLCM_Features_By_Distance.csv,3,8,Patient_ID,3,,True,True
10,LUNG1-275\STEP_11_GLCM_TEXTURE\GTV1_GLCM_Features_By_Distance.csv,3,8,Patient_ID,3,,True,True
10,LUNG1-276\STEP_11_GLCM_TEXTURE\GTV1_GLCM_Features_By_Distance.csv,3,8,Patient_ID,3,,True,True
10,LUNG1-277\STEP_11_GLCM_TEXTURE\GTV1_GLCM_Features_By_Distance.csv,3,8,Patient_ID,3,,True,True
10,LUNG1-278\STEP_11_GLCM_TEXTURE\GTV1_GLCM_Features_By_Distance.csv,3,8,Patient_ID,3,,True,True
10,LUNG1-279\STEP_11_GLCM_TEXTURE\GTV1_GLCM_Features_By_Distance.csv,3,8,Patient_ID,3,,True,True
10,LUNG1-280\STEP_11_GLCM_TEXTURE\GTV1_GLCM_Features_By_Distance.csv,3,8,Patient_ID,3,,True,True
10,LUNG1-281\STEP_11_GLCM_TEXTURE\GTV1_GLCM_Features_By_Distance.csv,3,8,Patient_ID,3,,True,True
10,LUNG1-282\STEP_11_GLCM_TEXTURE\GTV1_GLCM_Features_By_Distance.csv,3,8,Patient_ID,3,,True,True
10,LUNG1-282\STEP_12_LBP_TEXTURE\GTV1_LBP_slice_features.csv,3,7,Patient_ID,3,,True,True
10,LUNG1-283\STEP_11_GLCM_TEXTURE\GTV1_GLCM_Features_By_Distance.csv,3,8,Patient_ID,3,,True,True
10,LUNG1-284\STEP_11_GLCM_TEXTURE\GTV1_GLCM_Features_By_Distance.csv,3,8,Patient_ID,3,,True,True
10,LUNG1-285\STEP_11_GLCM_TEXTURE\GTV1_GLCM_Features_By_Distance.csv,3,8,Patient_ID,3,,True,True
10,LUNG1-286\STEP_11_GLCM_TEXTURE\GTV1_GLCM_Features_By_Distance.csv,3,8,Patient_ID,3,,True,True
10,LUNG1-287\STEP_11_GLCM_TEXTURE\GTV1_GLCM_Features_By_Distance.csv,3,8,Patient_ID,3,,True,True
10,LUNG1-288\STEP_11_GLCM_TEXTURE\GTV1_GLCM_Features_By_Distance.csv,3,8,Patient_ID,3,,True,True
10,LUNG1-289\STEP_11_GLCM_TEXTURE\GTV1_GLCM_Features_By_Distance.csv,3,8,Patient_ID,3,,True,True
10,LUNG1-290\STEP_11_GLCM_TEXTURE\GTV1_GLCM_Features_By_Distance.csv,3,8,Patient_ID,3,,True,True
10,LUNG1-291\STEP_11_GLCM_TEXTURE\GTV1_GLCM_Features_By_Distance.csv,3,8,Patient_ID,3,,True,True
10,LUNG1-292\STEP_11_GLCM_TEXTURE\GTV1_GLCM_Features_By_Distance.csv,3,8,Patient_ID,3,,True,True
10,LUNG1-293\STEP_11_GLCM_TEXTURE\GTV1_GLCM_Features_By_Distance.csv,3,8,Patient_ID,3,,True,True
10,LUNG1-294\STEP_11_GLCM_TEXTURE\GTV1_GLCM_Features_By_Distance.csv,3,8,Patient_ID,3,,True,True
10,LUNG1-295\STEP_11_GLCM_TEXTURE\GTV1_GLCM_Features_By_Distance.csv,3,8,Patient_ID,3,,True,True
10,LUNG1-296\STEP_11_GLCM_TEXTURE\GTV1_GLCM_Features_By_Distance.csv,3,8,Patient_ID,3,,True,True
10,LUNG1-297\STEP_11_GLCM_TEXTURE\GTV1_GLCM_Features_By_Distance.csv,3,8,Patient_ID,3,,True,True
10,LUNG1-298\STEP_11_GLCM_TEXTURE\GTV1_GLCM_Features_By_Distance.csv,3,8,Patient_ID,3,,True,True
10,LUNG1-299\STEP_11_GLCM_TEXTURE\GTV1_GLCM_Features_By_Distance.csv,3,8,Patient_ID,3,,True,True
10,LUNG1-300\STEP_11_GLCM_TEXTURE\GTV1_GLCM_Features_By_Distance.csv,3,8,Patient_ID,3,,True,True
10,LUNG1-301\STEP_11_GLCM_TEXTURE\GTV1_GLCM_Features_By_Distance.csv,3,8,Patient_ID,3,,True,True
10,LUNG1-302\STEP_11_GLCM_TEXTURE\GTV1_GLCM_Features_By_Distance.csv,3,8,Patient_ID,3,,True,True
10,LUNG1-303\STEP_11_GLCM_TEXTURE\GTV1_GLCM_Features_By_Distance.csv,3,8,Patient_ID,3,,True,True
10,LUNG1-304\STEP_11_GLCM_TEXTURE\GTV1_GLCM_Features_By_Distance.csv,3,8,Patient_ID,3,,True,True
10,LUNG1-305\STEP_11_GLCM_TEXTURE\GTV1_GLCM_Features_By_Distance.csv,3,8,Patient_ID,3,,True,True
10,LUNG1-306\STEP_11_GLCM_TEXTURE\GTV1_GLCM_Features_By_Distance.csv,3,8,Patient_ID,3,,True,True
10,LUNG1-307\STEP_11_GLCM_TEXTURE\GTV1_GLCM_Features_By_Distance.csv,3,8,Patient_ID,3,,True,True
10,LUNG1-308\STEP_11_GLCM_TEXTURE\GTV1_GLCM_Features_By_Distance.csv,3,8,Patient_ID,3,,True,True
10,LUNG1-309\STEP_11_GLCM_TEXTURE\GTV1_GLCM_Features_By_Distance.csv,3,8,Patient_ID,3,,True,True
10,LUNG1-310\STEP_11_GLCM_TEXTURE\GTV1_GLCM_Features_By_Distance.csv,3,8,Patient_ID,3,,True,True
10,LUNG1-311\STEP_11_GLCM_TEXTURE\GTV1_GLCM_Features_By_Distance.csv,3,8,Patient_ID,3,,True,True
10,LUNG1-312\STEP_11_GLCM_TEXTURE\GTV1_GLCM_Features_By_Distance.csv,3,8,Patient_ID,3,,True,True
10,LUNG1-313\STEP_11_GLCM_TEXTURE\GTV1_GLCM_Features_By_Distance.csv,3,8,Patient_ID,3,,True,True
10,LUNG1-314\STEP_11_GLCM_TEXTURE\GTV1_GLCM_Features_By_Distance.csv,3,8,Patient_ID,3,,True,True
10,LUNG1-315\STEP_11_GLCM_TEXTURE\GTV1_GLCM_Features_By_Distance.csv,3,8,Patient_ID,3,,True,True
10,LUNG1-316\STEP_11_GLCM_TEXTURE\GTV1_GLCM_Features_By_Distance.csv,3,8,Patient_ID,3,,True,True
10,LUNG1-317\STEP_11_GLCM_TEXTURE\GTV1_GLCM_Features_By_Distance.csv,3,8,Patient_ID,3,,True,True
10,LUNG1-318\STEP_11_GLCM_TEXTURE\GTV1_GLCM_Features_By_Distance.csv,3,8,Patient_ID,3,,True,True
10,LUNG1-319\STEP_11_GLCM_TEXTURE\GTV1_GLCM_Features_By_Distance.csv,3,8,Patient_ID,3,,True,True
10,LUNG1-320\STEP_11_GLCM_TEXTURE\GTV1_GLCM_Features_By_Distance.csv,3,8,Patient_ID,3,,True,True
10,LUNG1-321\STEP_11_GLCM_TEXTURE\GTV1_GLCM_Features_By_Distance.csv,3,8,Patient_ID,3,,True,True
10,LUNG1-322\STEP_11_GLCM_TEXTURE\GTV1_GLCM_Features_By_Distance.csv,3,8,Patient_ID,3,,True,True
10,LUNG1-323\STEP_11_GLCM_TEXTURE\GTV1_GLCM_Features_By_Distance.csv,3,8,Patient_ID,3,,True,True
10,LUNG1-324\STEP_11_GLCM_TEXTURE\GTV1_GLCM_Features_By_Distance.csv,3,8,Patient_ID,3,,True,True
10,LUNG1-325\STEP_11_GLCM_TEXTURE\GTV1_GLCM_Features_By_Distance.csv,3,8,Patient_ID,3,,True,True
10,LUNG1-326\STEP_11_GLCM_TEXTURE\GTV1_GLCM_Features_By_Distance.csv,3,8,Patient_ID,3,,True,True
10,LUNG1-327\STEP_11_GLCM_TEXTURE\GTV1_GLCM_Features_By_Distance.csv,3,8,Patient_ID,3,,True,True
10,LUNG1-328\STEP_11_GLCM_TEXTURE\GTV1_GLCM_Features_By_Distance.csv,3,8,Patient_ID,3,,True,True
10,LUNG1-329\STEP_11_GLCM_TEXTURE\GTV1_GLCM_Features_By_Distance.csv,3,8,Patient_ID,3,,True,True
10,LUNG1-330\STEP_11_GLCM_TEXTURE\GTV1_GLCM_Features_By_Distance.csv,3,8,Patient_ID,3,,True,True
10,LUNG1-331\STEP_11_GLCM_TEXTURE\GTV1_GLCM_Features_By_Distance.csv,3,8,Patient_ID,3,,True,True
10,LUNG1-332\STEP_11_GLCM_TEXTURE\GTV1_GLCM_Features_By_Distance.csv,3,8,Patient_ID,3,,True,True
10,LUNG1-333\STEP_11_GLCM_TEXTURE\GTV1_GLCM_Features_By_Distance.csv,3,8,Patient_ID,3,,True,True
10,LUNG1-334\STEP_11_GLCM_TEXTURE\GTV1_GLCM_Features_By_Distance.csv,3,8,Patient_ID,3,,True,True
10,LUNG1-335\STEP_11_GLCM_TEXTURE\GTV1_GLCM_Features_By_Distance.csv,3,8,Patient_ID,3,,True,True
10,LUNG1-336\STEP_11_GLCM_TEXTURE\GTV1_GLCM_Features_By_Distance.csv,3,8,Patient_ID,3,,True,True
10,LUNG1-337\STEP_11_GLCM_TEXTURE\GTV1_GLCM_Features_By_Distance.csv,3,8,Patient_ID,3,,True,True
10,LUNG1-338\STEP_11_GLCM_TEXTURE\GTV1_GLCM_Features_By_Distance.csv,3,8,Patient_ID,3,,True,True
10,LUNG1-339\STEP_11_GLCM_TEXTURE\GTV1_GLCM_Features_By_Distance.csv,3,8,Patient_ID,3,,True,True
10,LUNG1-340\STEP_11_GLCM_TEXTURE\GTV1_GLCM_Features_By_Distance.csv,3,8,Patient_ID,3,,True,True
10,LUNG1-341\STEP_11_GLCM_TEXTURE\GTV1_GLCM_Features_By_Distance.csv,3,8,Patient_ID,3,,True,True
10,LUNG1-342\STEP_11_GLCM_TEXTURE\GTV1_GLCM_Features_By_Distance.csv,3,8,Patient_ID,3,,True,True
10,LUNG1-343\STEP_11_GLCM_TEXTURE\GTV1_GLCM_Features_By_Distance.csv,3,8,Patient_ID,3,,True,True
10,LUNG1-344\STEP_11_GLCM_TEXTURE\GTV1_GLCM_Features_By_Distance.csv,3,8,Patient_ID,3,,True,True
10,LUNG1-345\STEP_11_GLCM_TEXTURE\GTV1_GLCM_Features_By_Distance.csv,3,8,Patient_ID,3,,True,True
10,LUNG1-346\STEP_11_GLCM_TEXTURE\GTV1_GLCM_Features_By_Distance.csv,3,8,Patient_ID,3,,True,True
10,LUNG1-347\STEP_11_GLCM_TEXTURE\GTV1_GLCM_Features_By_Distance.csv,3,8,Patient_ID,3,,True,True
10,LUNG1-348\STEP_11_GLCM_TEXTURE\GTV1_GLCM_Features_By_Distance.csv,3,8,Patient_ID,3,,True,True
10,LUNG1-349\STEP_11_GLCM_TEXTURE\GTV1_GLCM_Features_By_Distance.csv,3,8,Patient_ID,3,,True,True
10,LUNG1-350\STEP_11_GLCM_TEXTURE\GTV1_GLCM_Features_By_Distance.csv,3,8,Patient_ID,3,,True,True
10,LUNG1-351\STEP_11_GLCM_TEXTURE\GTV1_GLCM_Features_By_Distance.csv,3,8,Patient_ID,3,,True,True
10,LUNG1-352\STEP_11_GLCM_TEXTURE\GTV1_GLCM_Features_By_Distance.csv,3,8,Patient_ID,3,,True,True
10,LUNG1-353\STEP_11_GLCM_TEXTURE\GTV1_GLCM_Features_By_Distance.csv,3,8,Patient_ID,3,,True,True
10,LUNG1-354\STEP_11_GLCM_TEXTURE\GTV1_GLCM_Features_By_Distance.csv,3,8,Patient_ID,3,,True,True
10,LUNG1-355\STEP_11_GLCM_TEXTURE\GTV1_GLCM_Features_By_Distance.csv,3,8,Patient_ID,3,,True,True
10,LUNG1-356\STEP_11_GLCM_TEXTURE\GTV1_GLCM_Features_By_Distance.csv,3,8,Patient_ID,3,,True,True
10,LUNG1-357\STEP_11_GLCM_TEXTURE\GTV1_GLCM_Features_By_Distance.csv,3,8,Patient_ID,3,,True,True
10,LUNG1-358\STEP_11_GLCM_TEXTURE\GTV1_GLCM_Features_By_Distance.csv,3,8,Patient_ID,3,,True,True
10,LUNG1-359\STEP_11_GLCM_TEXTURE\GTV1_GLCM_Features_By_Distance.csv,3,8,Patient_ID,3,,True,True
10,LUNG1-360\STEP_11_GLCM_TEXTURE\GTV1_GLCM_Features_By_Distance.csv,3,8,Patient_ID,3,,True,True
10,LUNG1-361\STEP_11_GLCM_TEXTURE\GTV1_GLCM_Features_By_Distance.csv,3,8,Patient_ID,3,,True,True
10,LUNG1-362\STEP_11_GLCM_TEXTURE\GTV1_GLCM_Features_By_Distance.csv,3,8,Patient_ID,3,,True,True
10,LUNG1-363\STEP_11_GLCM_TEXTURE\GTV1_GLCM_Features_By_Distance.csv,3,8,Patient_ID,3,,True,True
10,LUNG1-364\STEP_11_GLCM_TEXTURE\GTV1_GLCM_Features_By_Distance.csv,3,8,Patient_ID,3,,True,True
10,LUNG1-365\STEP_11_GLCM_TEXTURE\GTV1_GLCM_Features_By_Distance.csv,3,8,Patient_ID,3,,True,True
10,LUNG1-366\STEP_11_GLCM_TEXTURE\GTV1_GLCM_Features_By_Distance.csv,3,8,Patient_ID,3,,True,True
10,LUNG1-367\STEP_11_GLCM_TEXTURE\GTV1_GLCM_Features_By_Distance.csv,3,8,Patient_ID,3,,True,True
10,LUNG1-368\STEP_11_GLCM_TEXTURE\GTV1_GLCM_Features_By_Distance.csv,3,8,Patient_ID,3,,True,True
10,LUNG1-369\STEP_11_GLCM_TEXTURE\GTV1_GLCM_Features_By_Distance.csv,3,8,Patient_ID,3,,True,True
10,LUNG1-370\STEP_11_GLCM_TEXTURE\GTV1_GLCM_Features_By_Distance.csv,3,8,Patient_ID,3,,True,True
10,LUNG1-371\STEP_11_GLCM_TEXTURE\GTV1_GLCM_Features_By_Distance.csv,3,8,Patient_ID,3,,True,True
10,LUNG1-372\STEP_11_GLCM_TEXTURE\GTV1_GLCM_Features_By_Distance.csv,3,8,Patient_ID,3,,True,True
10,LUNG1-373\STEP_11_GLCM_TEXTURE\GTV1_GLCM_Features_By_Distance.csv,3,8,Patient_ID,3,,True,True
10,LUNG1-374\STEP_11_GLCM_TEXTURE\GTV1_GLCM_Features_By_Distance.csv,3,8,Patient_ID,3,,True,True
10,LUNG1-375\STEP_11_GLCM_TEXTURE\GTV1_GLCM_Features_By_Distance.csv,3,8,Patient_ID,3,,True,True
10,LUNG1-376\STEP_11_GLCM_TEXTURE\GTV1_GLCM_Features_By_Distance.csv,3,8,Patient_ID,3,,True,True
10,LUNG1-377\STEP_11_GLCM_TEXTURE\GTV1_GLCM_Features_By_Distance.csv,3,8,Patient_ID,3,,True,True
10,LUNG1-378\STEP_11_GLCM_TEXTURE\GTV1_GLCM_Features_By_Distance.csv,3,8,Patient_ID,3,,True,True
10,LUNG1-379\STEP_11_GLCM_TEXTURE\GTV1_GLCM_Features_By_Distance.csv,3,8,Patient_ID,3,,True,True
10,LUNG1-380\STEP_11_GLCM_TEXTURE\GTV1_GLCM_Features_By_Distance.csv,3,8,Patient_ID,3,,True,True
10,LUNG1-381\STEP_11_GLCM_TEXTURE\GTV1_GLCM_Features_By_Distance.csv,3,8,Patient_ID,3,,True,True
10,LUNG1-382\STEP_11_GLCM_TEXTURE\GTV1_GLCM_Features_By_Distance.csv,3,8,Patient_ID,3,,True,True
10,LUNG1-383\STEP_11_GLCM_TEXTURE\GTV1_GLCM_Features_By_Distance.csv,3,8,Patient_ID,3,,True,True
10,LUNG1-384\STEP_11_GLCM_TEXTURE\GTV1_GLCM_Features_By_Distance.csv,3,8,Patient_ID,3,,True,True
10,LUNG1-385\STEP_11_GLCM_TEXTURE\GTV1_GLCM_Features_By_Distance.csv,3,8,Patient_ID,3,,True,True
10,LUNG1-386\STEP_11_GLCM_TEXTURE\GTV1_GLCM_Features_By_Distance.csv,3,8,Patient_ID,3,,True,True
10,LUNG1-386\STEP_12_LBP_TEXTURE\GTV1_LBP_slice_features.csv,3,7,Patient_ID,3,,True,True
10,LUNG1-387\STEP_11_GLCM_TEXTURE\GTV1_GLCM_Features_By_Distance.csv,3,8,Patient_ID,3,,True,True
10,LUNG1-388\STEP_11_GLCM_TEXTURE\GTV1_GLCM_Features_By_Distance.csv,3,8,Patient_ID,3,,True,True
10,LUNG1-389\STEP_11_GLCM_TEXTURE\GTV1_GLCM_Features_By_Distance.csv,3,8,Patient_ID,3,,True,True
10,LUNG1-390\STEP_11_GLCM_TEXTURE\GTV1_GLCM_Features_By_Distance.csv,3,8,Patient_ID,3,,True,True
10,LUNG1-391\STEP_11_GLCM_TEXTURE\GTV1_GLCM_Features_By_Distance.csv,3,8,Patient_ID,3,,True,True
10,LUNG1-392\STEP_11_GLCM_TEXTURE\GTV1_GLCM_Features_By_Distance.csv,3,8,Patient_ID,3,,True,True
10,LUNG1-393\STEP_11_GLCM_TEXTURE\GTV1_GLCM_Features_By_Distance.csv,3,8,Patient_ID,3,,True,True
10,LUNG1-394\STEP_11_GLCM_TEXTURE\GTV1_GLCM_Features_By_Distance.csv,3,8,Patient_ID,3,,True,True
10,LUNG1-395\STEP_11_GLCM_TEXTURE\GTV1_GLCM_Features_By_Distance.csv,3,8,Patient_ID,3,,True,True
10,LUNG1-396\STEP_11_GLCM_TEXTURE\GTV1_GLCM_Features_By_Distance.csv,3,8,Patient_ID,3,,True,True
10,LUNG1-397\STEP_11_GLCM_TEXTURE\GTV1_GLCM_Features_By_Distance.csv,3,8,Patient_ID,3,,True,True
10,LUNG1-398\STEP_11_GLCM_TEXTURE\GTV1_GLCM_Features_By_Distance.csv,3,8,Patient_ID,3,,True,True
10,LUNG1-399\STEP_11_GLCM_TEXTURE\GTV1_GLCM_Features_By_Distance.csv,3,8,Patient_ID,3,,True,True
10,LUNG1-400\STEP_11_GLCM_TEXTURE\GTV1_GLCM_Features_By_Distance.csv,3,8,Patient_ID,3,,True,True
10,LUNG1-401\STEP_11_GLCM_TEXTURE\GTV1_GLCM_Features_By_Distance.csv,3,8,Patient_ID,3,,True,True
10,LUNG1-402\STEP_11_GLCM_TEXTURE\GTV1_GLCM_Features_By_Distance.csv,3,8,Patient_ID,3,,True,True
10,LUNG1-403\STEP_11_GLCM_TEXTURE\GTV1_GLCM_Features_By_Distance.csv,3,8,Patient_ID,3,,True,True
10,LUNG1-404\STEP_11_GLCM_TEXTURE\GTV1_GLCM_Features_By_Distance.csv,3,8,Patient_ID,3,,True,True
10,LUNG1-405\STEP_11_GLCM_TEXTURE\GTV1_GLCM_Features_By_Distance.csv,3,8,Patient_ID,3,,True,True
10,LUNG1-406\STEP_11_GLCM_TEXTURE\GTV1_GLCM_Features_By_Distance.csv,3,8,Patient_ID,3,,True,True
10,LUNG1-407\STEP_11_GLCM_TEXTURE\GTV1_GLCM_Features_By_Distance.csv,3,8,Patient_ID,3,,True,True
10,LUNG1-408\STEP_11_GLCM_TEXTURE\GTV1_GLCM_Features_By_Distance.csv,3,8,Patient_ID,3,,True,True
10,LUNG1-409\STEP_11_GLCM_TEXTURE\GTV1_GLCM_Features_By_Distance.csv,3,8,Patient_ID,3,,True,True
10,LUNG1-410\STEP_11_GLCM_TEXTURE\GTV1_GLCM_Features_By_Distance.csv,3,8,Patient_ID,3,,True,True
10,LUNG1-411\STEP_11_GLCM_TEXTURE\GTV1_GLCM_Features_By_Distance.csv,3,8,Patient_ID,3,,True,True
10,LUNG1-412\STEP_11_GLCM_TEXTURE\GTV1_GLCM_Features_By_Distance.csv,3,8,Patient_ID,3,,True,True
10,LUNG1-413\STEP_11_GLCM_TEXTURE\GTV1_GLCM_Features_By_Distance.csv,3,8,Patient_ID,3,,True,True
10,LUNG1-414\STEP_11_GLCM_TEXTURE\GTV1_GLCM_Features_By_Distance.csv,3,8,Patient_ID,3,,True,True
10,LUNG1-415\STEP_11_GLCM_TEXTURE\GTV1_GLCM_Features_By_Distance.csv,3,8,Patient_ID,3,,True,True
10,LUNG1-416\STEP_11_GLCM_TEXTURE\GTV1_GLCM_Features_By_Distance.csv,3,8,Patient_ID,3,,True,True
10,LUNG1-417\STEP_11_GLCM_TEXTURE\GTV1_GLCM_Features_By_Distance.csv,3,8,Patient_ID,3,,True,True
10,LUNG1-418\STEP_11_GLCM_TEXTURE\GTV1_GLCM_Features_By_Distance.csv,3,8,Patient_ID,3,,True,True
10,LUNG1-419\STEP_11_GLCM_TEXTURE\GTV1_GLCM_Features_By_Distance.csv,3,8,Patient_ID,3,,True,True
10,LUNG1-420\STEP_11_GLCM_TEXTURE\GTV1_GLCM_Features_By_Distance.csv,3,8,Patient_ID,3,,True,True
10,LUNG1-421\STEP_11_GLCM_TEXTURE\GTV1_GLCM_Features_By_Distance.csv,3,8,Patient_ID,3,,True,True
10,LUNG1-422\STEP_11_GLCM_TEXTURE\GTV1_GLCM_Features_By_Distance.csv,3,8,Patient_ID,3,,True,True
10,LUNG1-192\STEP_12_LBP_TEXTURE\GTV1_LBP_slice_features.csv,2,7,Patient_ID,2,,True,True
10,LUNG1-001\69331\STEP_15_CLASSIFICATION_DATASET\STEP_15_Patient_Radiomic_Features.csv,1,17,Patient_ID,1,,True,True
10,LUNG1-001\STEP_11_GLCM_TEXTURE\GTV1_GLCM_summary.csv,1,10,Patient_ID,1,,True,True
10,LUNG1-001\STEP_12_LBP_TEXTURE\GTV1_LBP_summary.csv,1,10,Patient_ID,1,,True,True
10,LUNG1-002\STEP_11_GLCM_TEXTURE\GTV1_GLCM_summary.csv,1,10,Patient_ID,1,,True,True
10,LUNG1-002\STEP_12_LBP_TEXTURE\GTV1_LBP_summary.csv,1,10,Patient_ID,1,,True,True
10,LUNG1-003\STEP_11_GLCM_TEXTURE\GTV1_GLCM_summary.csv,1,10,Patient_ID,1,,True,True
10,LUNG1-003\STEP_12_LBP_TEXTURE\GTV1_LBP_summary.csv,1,10,Patient_ID,1,,True,True
10,LUNG1-004\STEP_11_GLCM_TEXTURE\GTV1_GLCM_summary.csv,1,10,Patient_ID,1,,True,True
10,LUNG1-004\STEP_12_LBP_TEXTURE\GTV1_LBP_summary.csv,1,10,Patient_ID,1,,True,True
10,LUNG1-005\STEP_11_GLCM_TEXTURE\GTV1_GLCM_summary.csv,1,10,Patient_ID,1,,True,True
10,LUNG1-005\STEP_12_LBP_TEXTURE\GTV1_LBP_summary.csv,1,10,Patient_ID,1,,True,True
10,LUNG1-006\STEP_11_GLCM_TEXTURE\GTV1_GLCM_summary.csv,1,10,Patient_ID,1,,True,True
10,LUNG1-006\STEP_12_LBP_TEXTURE\GTV1_LBP_summary.csv,1,10,Patient_ID,1,,True,True
10,LUNG1-007\STEP_11_GLCM_TEXTURE\GTV1_GLCM_summary.csv,1,10,Patient_ID,1,,True,True
10,LUNG1-007\STEP_12_LBP_TEXTURE\GTV1_LBP_summary.csv,1,10,Patient_ID,1,,True,True
10,LUNG1-008\STEP_11_GLCM_TEXTURE\GTV1_GLCM_summary.csv,1,10,Patient_ID,1,,True,True
10,LUNG1-008\STEP_12_LBP_TEXTURE\GTV1_LBP_summary.csv,1,10,Patient_ID,1,,True,True
10,LUNG1-009\STEP_11_GLCM_TEXTURE\GTV1_GLCM_summary.csv,1,10,Patient_ID,1,,True,True
10,LUNG1-009\STEP_12_LBP_TEXTURE\GTV1_LBP_summary.csv,1,10,Patient_ID,1,,True,True
10,LUNG1-010\STEP_11_GLCM_TEXTURE\GTV1_GLCM_summary.csv,1,10,Patient_ID,1,,True,True
10,LUNG1-010\STEP_12_LBP_TEXTURE\GTV1_LBP_summary.csv,1,10,Patient_ID,1,,True,True
10,LUNG1-011\STEP_11_GLCM_TEXTURE\GTV1_GLCM_summary.csv,1,10,Patient_ID,1,,True,True
10,LUNG1-011\STEP_12_LBP_TEXTURE\GTV1_LBP_summary.csv,1,10,Patient_ID,1,,True,True
10,LUNG1-012\STEP_11_GLCM_TEXTURE\GTV1_GLCM_summary.csv,1,10,Patient_ID,1,,True,True
10,LUNG1-012\STEP_12_LBP_TEXTURE\GTV1_LBP_summary.csv,1,10,Patient_ID,1,,True,True
10,LUNG1-013\STEP_11_GLCM_TEXTURE\GTV1_GLCM_summary.csv,1,10,Patient_ID,1,,True,True
10,LUNG1-013\STEP_12_LBP_TEXTURE\GTV1_LBP_summary.csv,1,10,Patient_ID,1,,True,True
10,LUNG1-014\STEP_11_GLCM_TEXTURE\GTV1_GLCM_summary.csv,1,10,Patient_ID,1,,True,True
10,LUNG1-014\STEP_12_LBP_TEXTURE\GTV1_LBP_summary.csv,1,10,Patient_ID,1,,True,True
10,LUNG1-015\STEP_11_GLCM_TEXTURE\GTV1_GLCM_summary.csv,1,10,Patient_ID,1,,True,True
10,LUNG1-015\STEP_12_LBP_TEXTURE\GTV1_LBP_summary.csv,1,10,Patient_ID,1,,True,True
10,LUNG1-016\STEP_11_GLCM_TEXTURE\GTV1_GLCM_summary.csv,1,10,Patient_ID,1,,True,True
10,LUNG1-016\STEP_12_LBP_TEXTURE\GTV1_LBP_summary.csv,1,10,Patient_ID,1,,True,True
10,LUNG1-017\STEP_11_GLCM_TEXTURE\GTV1_GLCM_summary.csv,1,10,Patient_ID,1,,True,True
10,LUNG1-017\STEP_12_LBP_TEXTURE\GTV1_LBP_summary.csv,1,10,Patient_ID,1,,True,True
10,LUNG1-018\STEP_11_GLCM_TEXTURE\GTV1_GLCM_summary.csv,1,10,Patient_ID,1,,True,True
10,LUNG1-018\STEP_12_LBP_TEXTURE\GTV1_LBP_summary.csv,1,10,Patient_ID,1,,True,True
10,LUNG1-019\STEP_11_GLCM_TEXTURE\GTV1_GLCM_summary.csv,1,10,Patient_ID,1,,True,True
10,LUNG1-019\STEP_12_LBP_TEXTURE\GTV1_LBP_summary.csv,1,10,Patient_ID,1,,True,True
10,LUNG1-020\STEP_11_GLCM_TEXTURE\GTV1_GLCM_summary.csv,1,10,Patient_ID,1,,True,True
10,LUNG1-020\STEP_12_LBP_TEXTURE\GTV1_LBP_summary.csv,1,10,Patient_ID,1,,True,True
10,LUNG1-021\STEP_11_GLCM_TEXTURE\GTV1_GLCM_summary.csv,1,10,Patient_ID,1,,True,True
10,LUNG1-021\STEP_12_LBP_TEXTURE\GTV1_LBP_summary.csv,1,10,Patient_ID,1,,True,True
10,LUNG1-022\STEP_11_GLCM_TEXTURE\GTV1_GLCM_summary.csv,1,10,Patient_ID,1,,True,True
10,LUNG1-022\STEP_12_LBP_TEXTURE\GTV1_LBP_summary.csv,1,10,Patient_ID,1,,True,True
10,LUNG1-023\STEP_11_GLCM_TEXTURE\GTV1_GLCM_summary.csv,1,10,Patient_ID,1,,True,True
10,LUNG1-023\STEP_12_LBP_TEXTURE\GTV1_LBP_summary.csv,1,10,Patient_ID,1,,True,True
10,LUNG1-024\STEP_11_GLCM_TEXTURE\GTV1_GLCM_summary.csv,1,10,Patient_ID,1,,True,True
10,LUNG1-024\STEP_12_LBP_TEXTURE\GTV1_LBP_summary.csv,1,10,Patient_ID,1,,True,True
10,LUNG1-025\STEP_11_GLCM_TEXTURE\GTV1_GLCM_summary.csv,1,10,Patient_ID,1,,True,True
10,LUNG1-025\STEP_12_LBP_TEXTURE\GTV1_LBP_summary.csv,1,10,Patient_ID,1,,True,True
10,LUNG1-026\STEP_11_GLCM_TEXTURE\GTV1_GLCM_summary.csv,1,10,Patient_ID,1,,True,True
10,LUNG1-026\STEP_12_LBP_TEXTURE\GTV1_LBP_summary.csv,1,10,Patient_ID,1,,True,True
10,LUNG1-027\STEP_11_GLCM_TEXTURE\GTV1_GLCM_summary.csv,1,10,Patient_ID,1,,True,True
10,LUNG1-027\STEP_12_LBP_TEXTURE\GTV1_LBP_summary.csv,1,10,Patient_ID,1,,True,True
10,LUNG1-028\STEP_11_GLCM_TEXTURE\GTV1_GLCM_summary.csv,1,10,Patient_ID,1,,True,True
10,LUNG1-028\STEP_12_LBP_TEXTURE\GTV1_LBP_summary.csv,1,10,Patient_ID,1,,True,True
10,LUNG1-029\STEP_11_GLCM_TEXTURE\GTV1_GLCM_summary.csv,1,10,Patient_ID,1,,True,True
10,LUNG1-029\STEP_12_LBP_TEXTURE\GTV1_LBP_summary.csv,1,10,Patient_ID,1,,True,True
10,LUNG1-030\STEP_11_GLCM_TEXTURE\GTV1_GLCM_summary.csv,1,10,Patient_ID,1,,True,True
10,LUNG1-030\STEP_12_LBP_TEXTURE\GTV1_LBP_summary.csv,1,10,Patient_ID,1,,True,True
10,LUNG1-031\STEP_11_GLCM_TEXTURE\GTV1_GLCM_summary.csv,1,10,Patient_ID,1,,True,True
10,LUNG1-031\STEP_12_LBP_TEXTURE\GTV1_LBP_summary.csv,1,10,Patient_ID,1,,True,True
10,LUNG1-032\STEP_11_GLCM_TEXTURE\GTV1_GLCM_summary.csv,1,10,Patient_ID,1,,True,True
10,LUNG1-032\STEP_12_LBP_TEXTURE\GTV1_LBP_summary.csv,1,10,Patient_ID,1,,True,True
10,LUNG1-033\STEP_11_GLCM_TEXTURE\GTV1_GLCM_summary.csv,1,10,Patient_ID,1,,True,True
10,LUNG1-033\STEP_12_LBP_TEXTURE\GTV1_LBP_summary.csv,1,10,Patient_ID,1,,True,True
10,LUNG1-034\STEP_11_GLCM_TEXTURE\GTV1_GLCM_summary.csv,1,10,Patient_ID,1,,True,True
10,LUNG1-034\STEP_12_LBP_TEXTURE\GTV1_LBP_summary.csv,1,10,Patient_ID,1,,True,True
10,LUNG1-035\STEP_11_GLCM_TEXTURE\GTV1_GLCM_summary.csv,1,10,Patient_ID,1,,True,True
10,LUNG1-035\STEP_12_LBP_TEXTURE\GTV1_LBP_summary.csv,1,10,Patient_ID,1,,True,True
10,LUNG1-036\STEP_11_GLCM_TEXTURE\GTV1_GLCM_summary.csv,1,10,Patient_ID,1,,True,True
10,LUNG1-036\STEP_12_LBP_TEXTURE\GTV1_LBP_summary.csv,1,10,Patient_ID,1,,True,True
10,LUNG1-037\STEP_11_GLCM_TEXTURE\GTV1_GLCM_summary.csv,1,10,Patient_ID,1,,True,True
10,LUNG1-037\STEP_12_LBP_TEXTURE\GTV1_LBP_summary.csv,1,10,Patient_ID,1,,True,True
10,LUNG1-038\STEP_11_GLCM_TEXTURE\GTV1_GLCM_summary.csv,1,10,Patient_ID,1,,True,True
10,LUNG1-038\STEP_12_LBP_TEXTURE\GTV1_LBP_summary.csv,1,10,Patient_ID,1,,True,True
10,LUNG1-039\STEP_11_GLCM_TEXTURE\GTV1_GLCM_summary.csv,1,10,Patient_ID,1,,True,True
10,LUNG1-039\STEP_12_LBP_TEXTURE\GTV1_LBP_summary.csv,1,10,Patient_ID,1,,True,True
10,LUNG1-040\STEP_11_GLCM_TEXTURE\GTV1_GLCM_summary.csv,1,10,Patient_ID,1,,True,True
10,LUNG1-040\STEP_12_LBP_TEXTURE\GTV1_LBP_summary.csv,1,10,Patient_ID,1,,True,True
10,LUNG1-041\STEP_11_GLCM_TEXTURE\GTV1_GLCM_summary.csv,1,10,Patient_ID,1,,True,True
10,LUNG1-041\STEP_12_LBP_TEXTURE\GTV1_LBP_summary.csv,1,10,Patient_ID,1,,True,True
10,LUNG1-042\STEP_11_GLCM_TEXTURE\GTV1_GLCM_summary.csv,1,10,Patient_ID,1,,True,True
10,LUNG1-042\STEP_12_LBP_TEXTURE\GTV1_LBP_summary.csv,1,10,Patient_ID,1,,True,True
10,LUNG1-043\STEP_11_GLCM_TEXTURE\GTV1_GLCM_summary.csv,1,10,Patient_ID,1,,True,True
10,LUNG1-043\STEP_12_LBP_TEXTURE\GTV1_LBP_summary.csv,1,10,Patient_ID,1,,True,True
10,LUNG1-044\STEP_11_GLCM_TEXTURE\GTV1_GLCM_summary.csv,1,10,Patient_ID,1,,True,True
10,LUNG1-044\STEP_12_LBP_TEXTURE\GTV1_LBP_summary.csv,1,10,Patient_ID,1,,True,True
10,LUNG1-045\STEP_11_GLCM_TEXTURE\GTV1_GLCM_summary.csv,1,10,Patient_ID,1,,True,True
10,LUNG1-045\STEP_12_LBP_TEXTURE\GTV1_LBP_summary.csv,1,10,Patient_ID,1,,True,True
10,LUNG1-046\STEP_11_GLCM_TEXTURE\GTV1_GLCM_summary.csv,1,10,Patient_ID,1,,True,True
10,LUNG1-046\STEP_12_LBP_TEXTURE\GTV1_LBP_summary.csv,1,10,Patient_ID,1,,True,True
10,LUNG1-047\STEP_11_GLCM_TEXTURE\GTV1_GLCM_summary.csv,1,10,Patient_ID,1,,True,True
10,LUNG1-047\STEP_12_LBP_TEXTURE\GTV1_LBP_summary.csv,1,10,Patient_ID,1,,True,True
10,LUNG1-048\STEP_11_GLCM_TEXTURE\GTV1_GLCM_summary.csv,1,10,Patient_ID,1,,True,True
10,LUNG1-048\STEP_12_LBP_TEXTURE\GTV1_LBP_summary.csv,1,10,Patient_ID,1,,True,True
10,LUNG1-049\STEP_11_GLCM_TEXTURE\GTV1_GLCM_summary.csv,1,10,Patient_ID,1,,True,True
10,LUNG1-049\STEP_12_LBP_TEXTURE\GTV1_LBP_summary.csv,1,10,Patient_ID,1,,True,True
10,LUNG1-050\STEP_11_GLCM_TEXTURE\GTV1_GLCM_summary.csv,1,10,Patient_ID,1,,True,True
10,LUNG1-050\STEP_12_LBP_TEXTURE\GTV1_LBP_summary.csv,1,10,Patient_ID,1,,True,True
10,LUNG1-051\STEP_11_GLCM_TEXTURE\GTV1_GLCM_summary.csv,1,10,Patient_ID,1,,True,True
10,LUNG1-051\STEP_12_LBP_TEXTURE\GTV1_LBP_summary.csv,1,10,Patient_ID,1,,True,True
10,LUNG1-052\STEP_11_GLCM_TEXTURE\GTV1_GLCM_summary.csv,1,10,Patient_ID,1,,True,True
10,LUNG1-052\STEP_12_LBP_TEXTURE\GTV1_LBP_summary.csv,1,10,Patient_ID,1,,True,True
10,LUNG1-053\STEP_11_GLCM_TEXTURE\GTV1_GLCM_summary.csv,1,10,Patient_ID,1,,True,True
10,LUNG1-053\STEP_12_LBP_TEXTURE\GTV1_LBP_summary.csv,1,10,Patient_ID,1,,True,True
10,LUNG1-054\STEP_11_GLCM_TEXTURE\GTV1_GLCM_summary.csv,1,10,Patient_ID,1,,True,True
10,LUNG1-054\STEP_12_LBP_TEXTURE\GTV1_LBP_summary.csv,1,10,Patient_ID,1,,True,True
10,LUNG1-055\STEP_11_GLCM_TEXTURE\GTV1_GLCM_summary.csv,1,10,Patient_ID,1,,True,True
10,LUNG1-055\STEP_12_LBP_TEXTURE\GTV1_LBP_summary.csv,1,10,Patient_ID,1,,True,True
10,LUNG1-056\STEP_11_GLCM_TEXTURE\GTV1_GLCM_summary.csv,1,10,Patient_ID,1,,True,True
10,LUNG1-056\STEP_12_LBP_TEXTURE\GTV1_LBP_summary.csv,1,10,Patient_ID,1,,True,True
10,LUNG1-057\STEP_11_GLCM_TEXTURE\GTV1_GLCM_summary.csv,1,10,Patient_ID,1,,True,True
10,LUNG1-057\STEP_12_LBP_TEXTURE\GTV1_LBP_summary.csv,1,10,Patient_ID,1,,True,True
10,LUNG1-058\STEP_11_GLCM_TEXTURE\GTV1_GLCM_summary.csv,1,10,Patient_ID,1,,True,True
10,LUNG1-058\STEP_12_LBP_TEXTURE\GTV1_LBP_summary.csv,1,10,Patient_ID,1,,True,True
10,LUNG1-059\STEP_11_GLCM_TEXTURE\GTV1_GLCM_summary.csv,1,10,Patient_ID,1,,True,True
10,LUNG1-059\STEP_12_LBP_TEXTURE\GTV1_LBP_summary.csv,1,10,Patient_ID,1,,True,True
10,LUNG1-060\STEP_11_GLCM_TEXTURE\GTV1_GLCM_summary.csv,1,10,Patient_ID,1,,True,True
10,LUNG1-060\STEP_12_LBP_TEXTURE\GTV1_LBP_summary.csv,1,10,Patient_ID,1,,True,True
10,LUNG1-061\STEP_11_GLCM_TEXTURE\GTV1_GLCM_summary.csv,1,10,Patient_ID,1,,True,True
10,LUNG1-061\STEP_12_LBP_TEXTURE\GTV1_LBP_summary.csv,1,10,Patient_ID,1,,True,True
10,LUNG1-062\STEP_11_GLCM_TEXTURE\GTV1_GLCM_summary.csv,1,10,Patient_ID,1,,True,True
10,LUNG1-062\STEP_12_LBP_TEXTURE\GTV1_LBP_summary.csv,1,10,Patient_ID,1,,True,True
10,LUNG1-063\STEP_11_GLCM_TEXTURE\GTV1_GLCM_summary.csv,1,10,Patient_ID,1,,True,True
10,LUNG1-063\STEP_12_LBP_TEXTURE\GTV1_LBP_summary.csv,1,10,Patient_ID,1,,True,True
10,LUNG1-064\STEP_11_GLCM_TEXTURE\GTV1_GLCM_summary.csv,1,10,Patient_ID,1,,True,True
10,LUNG1-064\STEP_12_LBP_TEXTURE\GTV1_LBP_summary.csv,1,10,Patient_ID,1,,True,True
10,LUNG1-065\STEP_11_GLCM_TEXTURE\GTV1_GLCM_summary.csv,1,10,Patient_ID,1,,True,True
10,LUNG1-065\STEP_12_LBP_TEXTURE\GTV1_LBP_summary.csv,1,10,Patient_ID,1,,True,True
10,LUNG1-066\STEP_11_GLCM_TEXTURE\GTV1_GLCM_summary.csv,1,10,Patient_ID,1,,True,True
10,LUNG1-066\STEP_12_LBP_TEXTURE\GTV1_LBP_summary.csv,1,10,Patient_ID,1,,True,True
10,LUNG1-067\STEP_11_GLCM_TEXTURE\GTV1_GLCM_summary.csv,1,10,Patient_ID,1,,True,True
10,LUNG1-067\STEP_12_LBP_TEXTURE\GTV1_LBP_summary.csv,1,10,Patient_ID,1,,True,True
10,LUNG1-068\STEP_11_GLCM_TEXTURE\GTV1_GLCM_summary.csv,1,10,Patient_ID,1,,True,True
10,LUNG1-068\STEP_12_LBP_TEXTURE\GTV1_LBP_summary.csv,1,10,Patient_ID,1,,True,True
10,LUNG1-069\STEP_11_GLCM_TEXTURE\GTV1_GLCM_summary.csv,1,10,Patient_ID,1,,True,True
10,LUNG1-069\STEP_12_LBP_TEXTURE\GTV1_LBP_summary.csv,1,10,Patient_ID,1,,True,True
10,LUNG1-070\STEP_11_GLCM_TEXTURE\GTV1_GLCM_summary.csv,1,10,Patient_ID,1,,True,True
10,LUNG1-070\STEP_12_LBP_TEXTURE\GTV1_LBP_summary.csv,1,10,Patient_ID,1,,True,True
10,LUNG1-071\STEP_11_GLCM_TEXTURE\GTV1_GLCM_summary.csv,1,10,Patient_ID,1,,True,True
10,LUNG1-071\STEP_12_LBP_TEXTURE\GTV1_LBP_summary.csv,1,10,Patient_ID,1,,True,True
10,LUNG1-072\STEP_11_GLCM_TEXTURE\GTV1_GLCM_summary.csv,1,10,Patient_ID,1,,True,True
10,LUNG1-072\STEP_12_LBP_TEXTURE\GTV1_LBP_summary.csv,1,10,Patient_ID,1,,True,True
10,LUNG1-073\STEP_11_GLCM_TEXTURE\GTV1_GLCM_summary.csv,1,10,Patient_ID,1,,True,True
10,LUNG1-073\STEP_12_LBP_TEXTURE\GTV1_LBP_summary.csv,1,10,Patient_ID,1,,True,True
10,LUNG1-074\STEP_11_GLCM_TEXTURE\GTV1_GLCM_summary.csv,1,10,Patient_ID,1,,True,True
10,LUNG1-074\STEP_12_LBP_TEXTURE\GTV1_LBP_summary.csv,1,10,Patient_ID,1,,True,True
10,LUNG1-075\STEP_11_GLCM_TEXTURE\GTV1_GLCM_summary.csv,1,10,Patient_ID,1,,True,True
10,LUNG1-075\STEP_12_LBP_TEXTURE\GTV1_LBP_summary.csv,1,10,Patient_ID,1,,True,True
10,LUNG1-076\STEP_11_GLCM_TEXTURE\GTV1_GLCM_summary.csv,1,10,Patient_ID,1,,True,True
10,LUNG1-076\STEP_12_LBP_TEXTURE\GTV1_LBP_summary.csv,1,10,Patient_ID,1,,True,True
10,LUNG1-077\STEP_11_GLCM_TEXTURE\GTV1_GLCM_summary.csv,1,10,Patient_ID,1,,True,True
10,LUNG1-077\STEP_12_LBP_TEXTURE\GTV1_LBP_summary.csv,1,10,Patient_ID,1,,True,True
10,LUNG1-078\STEP_11_GLCM_TEXTURE\GTV1_GLCM_summary.csv,1,10,Patient_ID,1,,True,True
10,LUNG1-078\STEP_12_LBP_TEXTURE\GTV1_LBP_summary.csv,1,10,Patient_ID,1,,True,True
10,LUNG1-079\STEP_11_GLCM_TEXTURE\GTV1_GLCM_summary.csv,1,10,Patient_ID,1,,True,True
10,LUNG1-079\STEP_12_LBP_TEXTURE\GTV1_LBP_summary.csv,1,10,Patient_ID,1,,True,True
10,LUNG1-080\STEP_11_GLCM_TEXTURE\GTV1_GLCM_summary.csv,1,10,Patient_ID,1,,True,True
10,LUNG1-080\STEP_12_LBP_TEXTURE\GTV1_LBP_summary.csv,1,10,Patient_ID,1,,True,True
10,LUNG1-081\STEP_11_GLCM_TEXTURE\GTV1_GLCM_summary.csv,1,10,Patient_ID,1,,True,True
10,LUNG1-081\STEP_12_LBP_TEXTURE\GTV1_LBP_summary.csv,1,10,Patient_ID,1,,True,True
10,LUNG1-082\STEP_11_GLCM_TEXTURE\GTV1_GLCM_summary.csv,1,10,Patient_ID,1,,True,True
10,LUNG1-082\STEP_12_LBP_TEXTURE\GTV1_LBP_summary.csv,1,10,Patient_ID,1,,True,True
10,LUNG1-083\STEP_11_GLCM_TEXTURE\GTV1_GLCM_summary.csv,1,10,Patient_ID,1,,True,True
10,LUNG1-083\STEP_12_LBP_TEXTURE\GTV1_LBP_summary.csv,1,10,Patient_ID,1,,True,True
10,LUNG1-084\STEP_11_GLCM_TEXTURE\GTV1_GLCM_summary.csv,1,10,Patient_ID,1,,True,True
10,LUNG1-084\STEP_12_LBP_TEXTURE\GTV1_LBP_summary.csv,1,10,Patient_ID,1,,True,True
10,LUNG1-085\STEP_11_GLCM_TEXTURE\GTV1_GLCM_summary.csv,1,10,Patient_ID,1,,True,True
10,LUNG1-085\STEP_12_LBP_TEXTURE\GTV1_LBP_summary.csv,1,10,Patient_ID,1,,True,True
10,LUNG1-086\STEP_11_GLCM_TEXTURE\GTV1_GLCM_summary.csv,1,10,Patient_ID,1,,True,True
10,LUNG1-086\STEP_12_LBP_TEXTURE\GTV1_LBP_summary.csv,1,10,Patient_ID,1,,True,True
10,LUNG1-087\STEP_11_GLCM_TEXTURE\GTV1_GLCM_summary.csv,1,10,Patient_ID,1,,True,True
10,LUNG1-087\STEP_12_LBP_TEXTURE\GTV1_LBP_summary.csv,1,10,Patient_ID,1,,True,True
10,LUNG1-088\STEP_11_GLCM_TEXTURE\GTV1_GLCM_summary.csv,1,10,Patient_ID,1,,True,True
10,LUNG1-088\STEP_12_LBP_TEXTURE\GTV1_LBP_summary.csv,1,10,Patient_ID,1,,True,True
10,LUNG1-089\STEP_11_GLCM_TEXTURE\GTV1_GLCM_summary.csv,1,10,Patient_ID,1,,True,True
10,LUNG1-089\STEP_12_LBP_TEXTURE\GTV1_LBP_summary.csv,1,10,Patient_ID,1,,True,True
10,LUNG1-090\STEP_11_GLCM_TEXTURE\GTV1_GLCM_summary.csv,1,10,Patient_ID,1,,True,True
10,LUNG1-090\STEP_12_LBP_TEXTURE\GTV1_LBP_summary.csv,1,10,Patient_ID,1,,True,True
10,LUNG1-091\STEP_11_GLCM_TEXTURE\GTV1_GLCM_summary.csv,1,10,Patient_ID,1,,True,True
10,LUNG1-091\STEP_12_LBP_TEXTURE\GTV1_LBP_summary.csv,1,10,Patient_ID,1,,True,True
10,LUNG1-092\STEP_11_GLCM_TEXTURE\GTV1_GLCM_summary.csv,1,10,Patient_ID,1,,True,True
10,LUNG1-092\STEP_12_LBP_TEXTURE\GTV1_LBP_summary.csv,1,10,Patient_ID,1,,True,True
10,LUNG1-093\STEP_11_GLCM_TEXTURE\GTV1_GLCM_summary.csv,1,10,Patient_ID,1,,True,True
10,LUNG1-093\STEP_12_LBP_TEXTURE\GTV1_LBP_summary.csv,1,10,Patient_ID,1,,True,True
10,LUNG1-094\STEP_11_GLCM_TEXTURE\GTV1_GLCM_summary.csv,1,10,Patient_ID,1,,True,True
10,LUNG1-094\STEP_12_LBP_TEXTURE\GTV1_LBP_summary.csv,1,10,Patient_ID,1,,True,True
10,LUNG1-095\STEP_11_GLCM_TEXTURE\GTV1_GLCM_summary.csv,1,10,Patient_ID,1,,True,True
10,LUNG1-095\STEP_12_LBP_TEXTURE\GTV1_LBP_summary.csv,1,10,Patient_ID,1,,True,True
10,LUNG1-096\STEP_11_GLCM_TEXTURE\GTV1_GLCM_summary.csv,1,10,Patient_ID,1,,True,True
10,LUNG1-096\STEP_12_LBP_TEXTURE\GTV1_LBP_summary.csv,1,10,Patient_ID,1,,True,True
10,LUNG1-097\STEP_11_GLCM_TEXTURE\GTV1_GLCM_summary.csv,1,10,Patient_ID,1,,True,True
10,LUNG1-097\STEP_12_LBP_TEXTURE\GTV1_LBP_summary.csv,1,10,Patient_ID,1,,True,True
10,LUNG1-098\STEP_11_GLCM_TEXTURE\GTV1_GLCM_summary.csv,1,10,Patient_ID,1,,True,True
10,LUNG1-098\STEP_12_LBP_TEXTURE\GTV1_LBP_summary.csv,1,10,Patient_ID,1,,True,True
10,LUNG1-099\STEP_11_GLCM_TEXTURE\GTV1_GLCM_summary.csv,1,10,Patient_ID,1,,True,True
10,LUNG1-099\STEP_12_LBP_TEXTURE\GTV1_LBP_summary.csv,1,10,Patient_ID,1,,True,True
10,LUNG1-100\STEP_11_GLCM_TEXTURE\GTV1_GLCM_summary.csv,1,10,Patient_ID,1,,True,True
10,LUNG1-100\STEP_12_LBP_TEXTURE\GTV1_LBP_summary.csv,1,10,Patient_ID,1,,True,True
10,LUNG1-101\STEP_11_GLCM_TEXTURE\GTV1_GLCM_summary.csv,1,10,Patient_ID,1,,True,True
10,LUNG1-101\STEP_12_LBP_TEXTURE\GTV1_LBP_summary.csv,1,10,Patient_ID,1,,True,True
10,LUNG1-102\STEP_11_GLCM_TEXTURE\GTV1_GLCM_summary.csv,1,10,Patient_ID,1,,True,True
10,LUNG1-102\STEP_12_LBP_TEXTURE\GTV1_LBP_summary.csv,1,10,Patient_ID,1,,True,True
10,LUNG1-103\STEP_11_GLCM_TEXTURE\GTV1_GLCM_summary.csv,1,10,Patient_ID,1,,True,True
10,LUNG1-103\STEP_12_LBP_TEXTURE\GTV1_LBP_summary.csv,1,10,Patient_ID,1,,True,True
10,LUNG1-104\STEP_11_GLCM_TEXTURE\GTV1_GLCM_summary.csv,1,10,Patient_ID,1,,True,True
10,LUNG1-104\STEP_12_LBP_TEXTURE\GTV1_LBP_summary.csv,1,10,Patient_ID,1,,True,True
10,LUNG1-105\STEP_11_GLCM_TEXTURE\GTV1_GLCM_summary.csv,1,10,Patient_ID,1,,True,True
10,LUNG1-105\STEP_12_LBP_TEXTURE\GTV1_LBP_summary.csv,1,10,Patient_ID,1,,True,True
10,LUNG1-106\STEP_11_GLCM_TEXTURE\GTV1_GLCM_summary.csv,1,10,Patient_ID,1,,True,True
10,LUNG1-106\STEP_12_LBP_TEXTURE\GTV1_LBP_summary.csv,1,10,Patient_ID,1,,True,True
10,LUNG1-107\STEP_11_GLCM_TEXTURE\GTV1_GLCM_summary.csv,1,10,Patient_ID,1,,True,True
10,LUNG1-107\STEP_12_LBP_TEXTURE\GTV1_LBP_summary.csv,1,10,Patient_ID,1,,True,True
10,LUNG1-108\STEP_11_GLCM_TEXTURE\GTV1_GLCM_summary.csv,1,10,Patient_ID,1,,True,True
10,LUNG1-108\STEP_12_LBP_TEXTURE\GTV1_LBP_summary.csv,1,10,Patient_ID,1,,True,True
10,LUNG1-109\STEP_11_GLCM_TEXTURE\GTV1_GLCM_summary.csv,1,10,Patient_ID,1,,True,True
10,LUNG1-109\STEP_12_LBP_TEXTURE\GTV1_LBP_summary.csv,1,10,Patient_ID,1,,True,True
10,LUNG1-110\STEP_11_GLCM_TEXTURE\GTV1_GLCM_summary.csv,1,10,Patient_ID,1,,True,True
10,LUNG1-110\STEP_12_LBP_TEXTURE\GTV1_LBP_summary.csv,1,10,Patient_ID,1,,True,True
10,LUNG1-111\STEP_11_GLCM_TEXTURE\GTV1_GLCM_summary.csv,1,10,Patient_ID,1,,True,True
10,LUNG1-111\STEP_12_LBP_TEXTURE\GTV1_LBP_summary.csv,1,10,Patient_ID,1,,True,True
10,LUNG1-112\STEP_11_GLCM_TEXTURE\GTV1_GLCM_summary.csv,1,10,Patient_ID,1,,True,True
10,LUNG1-112\STEP_12_LBP_TEXTURE\GTV1_LBP_summary.csv,1,10,Patient_ID,1,,True,True
10,LUNG1-113\STEP_11_GLCM_TEXTURE\GTV1_GLCM_summary.csv,1,10,Patient_ID,1,,True,True
10,LUNG1-113\STEP_12_LBP_TEXTURE\GTV1_LBP_summary.csv,1,10,Patient_ID,1,,True,True
10,LUNG1-114\STEP_11_GLCM_TEXTURE\GTV1_GLCM_summary.csv,1,10,Patient_ID,1,,True,True
10,LUNG1-114\STEP_12_LBP_TEXTURE\GTV1_LBP_summary.csv,1,10,Patient_ID,1,,True,True
10,LUNG1-115\STEP_11_GLCM_TEXTURE\GTV1_GLCM_summary.csv,1,10,Patient_ID,1,,True,True
10,LUNG1-115\STEP_12_LBP_TEXTURE\GTV1_LBP_summary.csv,1,10,Patient_ID,1,,True,True
10,LUNG1-116\STEP_11_GLCM_TEXTURE\GTV1_GLCM_summary.csv,1,10,Patient_ID,1,,True,True
10,LUNG1-116\STEP_12_LBP_TEXTURE\GTV1_LBP_summary.csv,1,10,Patient_ID,1,,True,True
10,LUNG1-117\STEP_11_GLCM_TEXTURE\GTV1_GLCM_summary.csv,1,10,Patient_ID,1,,True,True
10,LUNG1-117\STEP_12_LBP_TEXTURE\GTV1_LBP_summary.csv,1,10,Patient_ID,1,,True,True
10,LUNG1-118\STEP_11_GLCM_TEXTURE\GTV1_GLCM_summary.csv,1,10,Patient_ID,1,,True,True
10,LUNG1-118\STEP_12_LBP_TEXTURE\GTV1_LBP_summary.csv,1,10,Patient_ID,1,,True,True
10,LUNG1-119\STEP_11_GLCM_TEXTURE\GTV1_GLCM_summary.csv,1,10,Patient_ID,1,,True,True
10,LUNG1-119\STEP_12_LBP_TEXTURE\GTV1_LBP_summary.csv,1,10,Patient_ID,1,,True,True
10,LUNG1-120\STEP_11_GLCM_TEXTURE\GTV1_GLCM_summary.csv,1,10,Patient_ID,1,,True,True
10,LUNG1-120\STEP_12_LBP_TEXTURE\GTV1_LBP_summary.csv,1,10,Patient_ID,1,,True,True
10,LUNG1-121\STEP_11_GLCM_TEXTURE\GTV1_GLCM_summary.csv,1,10,Patient_ID,1,,True,True
10,LUNG1-121\STEP_12_LBP_TEXTURE\GTV1_LBP_summary.csv,1,10,Patient_ID,1,,True,True
10,LUNG1-122\STEP_11_GLCM_TEXTURE\GTV1_GLCM_summary.csv,1,10,Patient_ID,1,,True,True
10,LUNG1-122\STEP_12_LBP_TEXTURE\GTV1_LBP_summary.csv,1,10,Patient_ID,1,,True,True
10,LUNG1-123\STEP_11_GLCM_TEXTURE\GTV1_GLCM_summary.csv,1,10,Patient_ID,1,,True,True
10,LUNG1-123\STEP_12_LBP_TEXTURE\GTV1_LBP_summary.csv,1,10,Patient_ID,1,,True,True
10,LUNG1-124\STEP_11_GLCM_TEXTURE\GTV1_GLCM_summary.csv,1,10,Patient_ID,1,,True,True
10,LUNG1-124\STEP_12_LBP_TEXTURE\GTV1_LBP_summary.csv,1,10,Patient_ID,1,,True,True
10,LUNG1-125\STEP_11_GLCM_TEXTURE\GTV1_GLCM_summary.csv,1,10,Patient_ID,1,,True,True
10,LUNG1-125\STEP_12_LBP_TEXTURE\GTV1_LBP_summary.csv,1,10,Patient_ID,1,,True,True
10,LUNG1-126\STEP_11_GLCM_TEXTURE\GTV1_GLCM_summary.csv,1,10,Patient_ID,1,,True,True
10,LUNG1-126\STEP_12_LBP_TEXTURE\GTV1_LBP_summary.csv,1,10,Patient_ID,1,,True,True
10,LUNG1-127\STEP_11_GLCM_TEXTURE\GTV1_GLCM_summary.csv,1,10,Patient_ID,1,,True,True
10,LUNG1-127\STEP_12_LBP_TEXTURE\GTV1_LBP_summary.csv,1,10,Patient_ID,1,,True,True
10,LUNG1-129\STEP_11_GLCM_TEXTURE\GTV1_GLCM_summary.csv,1,10,Patient_ID,1,,True,True
10,LUNG1-129\STEP_12_LBP_TEXTURE\GTV1_LBP_summary.csv,1,10,Patient_ID,1,,True,True
10,LUNG1-130\STEP_11_GLCM_TEXTURE\GTV1_GLCM_summary.csv,1,10,Patient_ID,1,,True,True
10,LUNG1-130\STEP_12_LBP_TEXTURE\GTV1_LBP_summary.csv,1,10,Patient_ID,1,,True,True
10,LUNG1-131\STEP_11_GLCM_TEXTURE\GTV1_GLCM_summary.csv,1,10,Patient_ID,1,,True,True
10,LUNG1-131\STEP_12_LBP_TEXTURE\GTV1_LBP_summary.csv,1,10,Patient_ID,1,,True,True
10,LUNG1-132\STEP_11_GLCM_TEXTURE\GTV1_GLCM_summary.csv,1,10,Patient_ID,1,,True,True
10,LUNG1-132\STEP_12_LBP_TEXTURE\GTV1_LBP_summary.csv,1,10,Patient_ID,1,,True,True
10,LUNG1-133\STEP_11_GLCM_TEXTURE\GTV1_GLCM_summary.csv,1,10,Patient_ID,1,,True,True
10,LUNG1-133\STEP_12_LBP_TEXTURE\GTV1_LBP_summary.csv,1,10,Patient_ID,1,,True,True
10,LUNG1-134\STEP_11_GLCM_TEXTURE\GTV1_GLCM_summary.csv,1,10,Patient_ID,1,,True,True
10,LUNG1-134\STEP_12_LBP_TEXTURE\GTV1_LBP_summary.csv,1,10,Patient_ID,1,,True,True
10,LUNG1-135\STEP_11_GLCM_TEXTURE\GTV1_GLCM_summary.csv,1,10,Patient_ID,1,,True,True
10,LUNG1-135\STEP_12_LBP_TEXTURE\GTV1_LBP_summary.csv,1,10,Patient_ID,1,,True,True
10,LUNG1-136\STEP_11_GLCM_TEXTURE\GTV1_GLCM_summary.csv,1,10,Patient_ID,1,,True,True
10,LUNG1-136\STEP_12_LBP_TEXTURE\GTV1_LBP_summary.csv,1,10,Patient_ID,1,,True,True
10,LUNG1-137\STEP_11_GLCM_TEXTURE\GTV1_GLCM_summary.csv,1,10,Patient_ID,1,,True,True
10,LUNG1-137\STEP_12_LBP_TEXTURE\GTV1_LBP_summary.csv,1,10,Patient_ID,1,,True,True
10,LUNG1-138\STEP_11_GLCM_TEXTURE\GTV1_GLCM_summary.csv,1,10,Patient_ID,1,,True,True
10,LUNG1-138\STEP_12_LBP_TEXTURE\GTV1_LBP_summary.csv,1,10,Patient_ID,1,,True,True
10,LUNG1-139\STEP_11_GLCM_TEXTURE\GTV1_GLCM_summary.csv,1,10,Patient_ID,1,,True,True
10,LUNG1-139\STEP_12_LBP_TEXTURE\GTV1_LBP_summary.csv,1,10,Patient_ID,1,,True,True
10,LUNG1-140\STEP_11_GLCM_TEXTURE\GTV1_GLCM_summary.csv,1,10,Patient_ID,1,,True,True
10,LUNG1-140\STEP_12_LBP_TEXTURE\GTV1_LBP_summary.csv,1,10,Patient_ID,1,,True,True
10,LUNG1-141\STEP_11_GLCM_TEXTURE\GTV1_GLCM_summary.csv,1,10,Patient_ID,1,,True,True
10,LUNG1-141\STEP_12_LBP_TEXTURE\GTV1_LBP_summary.csv,1,10,Patient_ID,1,,True,True
10,LUNG1-142\STEP_11_GLCM_TEXTURE\GTV1_GLCM_summary.csv,1,10,Patient_ID,1,,True,True
10,LUNG1-142\STEP_12_LBP_TEXTURE\GTV1_LBP_summary.csv,1,10,Patient_ID,1,,True,True
10,LUNG1-143\STEP_11_GLCM_TEXTURE\GTV1_GLCM_summary.csv,1,10,Patient_ID,1,,True,True
10,LUNG1-143\STEP_12_LBP_TEXTURE\GTV1_LBP_summary.csv,1,10,Patient_ID,1,,True,True
10,LUNG1-144\STEP_11_GLCM_TEXTURE\GTV1_GLCM_summary.csv,1,10,Patient_ID,1,,True,True
10,LUNG1-144\STEP_12_LBP_TEXTURE\GTV1_LBP_summary.csv,1,10,Patient_ID,1,,True,True
10,LUNG1-145\STEP_11_GLCM_TEXTURE\GTV1_GLCM_summary.csv,1,10,Patient_ID,1,,True,True
10,LUNG1-145\STEP_12_LBP_TEXTURE\GTV1_LBP_summary.csv,1,10,Patient_ID,1,,True,True
10,LUNG1-146\STEP_11_GLCM_TEXTURE\GTV1_GLCM_summary.csv,1,10,Patient_ID,1,,True,True
10,LUNG1-146\STEP_12_LBP_TEXTURE\GTV1_LBP_summary.csv,1,10,Patient_ID,1,,True,True
10,LUNG1-147\STEP_11_GLCM_TEXTURE\GTV1_GLCM_summary.csv,1,10,Patient_ID,1,,True,True
10,LUNG1-147\STEP_12_LBP_TEXTURE\GTV1_LBP_summary.csv,1,10,Patient_ID,1,,True,True
10,LUNG1-148\STEP_11_GLCM_TEXTURE\GTV1_GLCM_summary.csv,1,10,Patient_ID,1,,True,True
10,LUNG1-148\STEP_12_LBP_TEXTURE\GTV1_LBP_summary.csv,1,10,Patient_ID,1,,True,True
10,LUNG1-149\STEP_11_GLCM_TEXTURE\GTV1_GLCM_summary.csv,1,10,Patient_ID,1,,True,True
10,LUNG1-149\STEP_12_LBP_TEXTURE\GTV1_LBP_summary.csv,1,10,Patient_ID,1,,True,True
10,LUNG1-150\STEP_11_GLCM_TEXTURE\GTV1_GLCM_summary.csv,1,10,Patient_ID,1,,True,True
10,LUNG1-150\STEP_12_LBP_TEXTURE\GTV1_LBP_summary.csv,1,10,Patient_ID,1,,True,True
10,LUNG1-151\STEP_11_GLCM_TEXTURE\GTV1_GLCM_summary.csv,1,10,Patient_ID,1,,True,True
10,LUNG1-151\STEP_12_LBP_TEXTURE\GTV1_LBP_summary.csv,1,10,Patient_ID,1,,True,True
10,LUNG1-152\STEP_11_GLCM_TEXTURE\GTV1_GLCM_summary.csv,1,10,Patient_ID,1,,True,True
10,LUNG1-152\STEP_12_LBP_TEXTURE\GTV1_LBP_summary.csv,1,10,Patient_ID,1,,True,True
10,LUNG1-153\STEP_11_GLCM_TEXTURE\GTV1_GLCM_summary.csv,1,10,Patient_ID,1,,True,True
10,LUNG1-153\STEP_12_LBP_TEXTURE\GTV1_LBP_summary.csv,1,10,Patient_ID,1,,True,True
10,LUNG1-154\STEP_11_GLCM_TEXTURE\GTV1_GLCM_summary.csv,1,10,Patient_ID,1,,True,True
10,LUNG1-154\STEP_12_LBP_TEXTURE\GTV1_LBP_summary.csv,1,10,Patient_ID,1,,True,True
10,LUNG1-155\STEP_11_GLCM_TEXTURE\GTV1_GLCM_summary.csv,1,10,Patient_ID,1,,True,True
10,LUNG1-155\STEP_12_LBP_TEXTURE\GTV1_LBP_summary.csv,1,10,Patient_ID,1,,True,True
10,LUNG1-156\STEP_11_GLCM_TEXTURE\GTV1_GLCM_summary.csv,1,10,Patient_ID,1,,True,True
10,LUNG1-156\STEP_12_LBP_TEXTURE\GTV1_LBP_summary.csv,1,10,Patient_ID,1,,True,True
10,LUNG1-157\STEP_11_GLCM_TEXTURE\GTV1_GLCM_summary.csv,1,10,Patient_ID,1,,True,True
10,LUNG1-157\STEP_12_LBP_TEXTURE\GTV1_LBP_summary.csv,1,10,Patient_ID,1,,True,True
10,LUNG1-158\STEP_11_GLCM_TEXTURE\GTV1_GLCM_summary.csv,1,10,Patient_ID,1,,True,True
10,LUNG1-158\STEP_12_LBP_TEXTURE\GTV1_LBP_summary.csv,1,10,Patient_ID,1,,True,True
10,LUNG1-159\STEP_11_GLCM_TEXTURE\GTV1_GLCM_summary.csv,1,10,Patient_ID,1,,True,True
10,LUNG1-159\STEP_12_LBP_TEXTURE\GTV1_LBP_summary.csv,1,10,Patient_ID,1,,True,True
10,LUNG1-160\STEP_11_GLCM_TEXTURE\GTV1_GLCM_summary.csv,1,10,Patient_ID,1,,True,True
10,LUNG1-160\STEP_12_LBP_TEXTURE\GTV1_LBP_summary.csv,1,10,Patient_ID,1,,True,True
10,LUNG1-161\STEP_11_GLCM_TEXTURE\GTV1_GLCM_summary.csv,1,10,Patient_ID,1,,True,True
10,LUNG1-161\STEP_12_LBP_TEXTURE\GTV1_LBP_summary.csv,1,10,Patient_ID,1,,True,True
10,LUNG1-162\STEP_11_GLCM_TEXTURE\GTV1_GLCM_summary.csv,1,10,Patient_ID,1,,True,True
10,LUNG1-162\STEP_12_LBP_TEXTURE\GTV1_LBP_summary.csv,1,10,Patient_ID,1,,True,True
10,LUNG1-163\STEP_11_GLCM_TEXTURE\GTV1_GLCM_summary.csv,1,10,Patient_ID,1,,True,True
10,LUNG1-163\STEP_12_LBP_TEXTURE\GTV1_LBP_summary.csv,1,10,Patient_ID,1,,True,True
10,LUNG1-164\STEP_11_GLCM_TEXTURE\GTV1_GLCM_summary.csv,1,10,Patient_ID,1,,True,True
10,LUNG1-164\STEP_12_LBP_TEXTURE\GTV1_LBP_summary.csv,1,10,Patient_ID,1,,True,True
10,LUNG1-165\STEP_11_GLCM_TEXTURE\GTV1_GLCM_summary.csv,1,10,Patient_ID,1,,True,True
10,LUNG1-165\STEP_12_LBP_TEXTURE\GTV1_LBP_summary.csv,1,10,Patient_ID,1,,True,True
10,LUNG1-166\STEP_11_GLCM_TEXTURE\GTV1_GLCM_summary.csv,1,10,Patient_ID,1,,True,True
10,LUNG1-166\STEP_12_LBP_TEXTURE\GTV1_LBP_summary.csv,1,10,Patient_ID,1,,True,True
10,LUNG1-167\STEP_11_GLCM_TEXTURE\GTV1_GLCM_summary.csv,1,10,Patient_ID,1,,True,True
10,LUNG1-167\STEP_12_LBP_TEXTURE\GTV1_LBP_summary.csv,1,10,Patient_ID,1,,True,True
10,LUNG1-168\STEP_11_GLCM_TEXTURE\GTV1_GLCM_summary.csv,1,10,Patient_ID,1,,True,True
10,LUNG1-168\STEP_12_LBP_TEXTURE\GTV1_LBP_summary.csv,1,10,Patient_ID,1,,True,True
10,LUNG1-169\STEP_11_GLCM_TEXTURE\GTV1_GLCM_summary.csv,1,10,Patient_ID,1,,True,True
10,LUNG1-169\STEP_12_LBP_TEXTURE\GTV1_LBP_summary.csv,1,10,Patient_ID,1,,True,True
10,LUNG1-170\STEP_11_GLCM_TEXTURE\GTV1_GLCM_summary.csv,1,10,Patient_ID,1,,True,True
10,LUNG1-170\STEP_12_LBP_TEXTURE\GTV1_LBP_summary.csv,1,10,Patient_ID,1,,True,True
10,LUNG1-171\STEP_11_GLCM_TEXTURE\GTV1_GLCM_summary.csv,1,10,Patient_ID,1,,True,True
10,LUNG1-171\STEP_12_LBP_TEXTURE\GTV1_LBP_summary.csv,1,10,Patient_ID,1,,True,True
10,LUNG1-172\STEP_11_GLCM_TEXTURE\GTV1_GLCM_summary.csv,1,10,Patient_ID,1,,True,True
10,LUNG1-172\STEP_12_LBP_TEXTURE\GTV1_LBP_summary.csv,1,10,Patient_ID,1,,True,True
10,LUNG1-173\STEP_11_GLCM_TEXTURE\GTV1_GLCM_summary.csv,1,10,Patient_ID,1,,True,True
10,LUNG1-173\STEP_12_LBP_TEXTURE\GTV1_LBP_summary.csv,1,10,Patient_ID,1,,True,True
10,LUNG1-174\STEP_11_GLCM_TEXTURE\GTV1_GLCM_summary.csv,1,10,Patient_ID,1,,True,True
10,LUNG1-174\STEP_12_LBP_TEXTURE\GTV1_LBP_summary.csv,1,10,Patient_ID,1,,True,True
10,LUNG1-175\STEP_11_GLCM_TEXTURE\GTV1_GLCM_summary.csv,1,10,Patient_ID,1,,True,True
10,LUNG1-175\STEP_12_LBP_TEXTURE\GTV1_LBP_summary.csv,1,10,Patient_ID,1,,True,True
10,LUNG1-176\STEP_11_GLCM_TEXTURE\GTV1_GLCM_summary.csv,1,10,Patient_ID,1,,True,True
10,LUNG1-176\STEP_12_LBP_TEXTURE\GTV1_LBP_summary.csv,1,10,Patient_ID,1,,True,True
10,LUNG1-177\STEP_11_GLCM_TEXTURE\GTV1_GLCM_summary.csv,1,10,Patient_ID,1,,True,True
10,LUNG1-177\STEP_12_LBP_TEXTURE\GTV1_LBP_summary.csv,1,10,Patient_ID,1,,True,True
10,LUNG1-178\STEP_11_GLCM_TEXTURE\GTV1_GLCM_summary.csv,1,10,Patient_ID,1,,True,True
10,LUNG1-178\STEP_12_LBP_TEXTURE\GTV1_LBP_summary.csv,1,10,Patient_ID,1,,True,True
10,LUNG1-179\STEP_11_GLCM_TEXTURE\GTV1_GLCM_summary.csv,1,10,Patient_ID,1,,True,True
10,LUNG1-179\STEP_12_LBP_TEXTURE\GTV1_LBP_summary.csv,1,10,Patient_ID,1,,True,True
10,LUNG1-180\STEP_11_GLCM_TEXTURE\GTV1_GLCM_summary.csv,1,10,Patient_ID,1,,True,True
10,LUNG1-180\STEP_12_LBP_TEXTURE\GTV1_LBP_summary.csv,1,10,Patient_ID,1,,True,True
10,LUNG1-181\STEP_11_GLCM_TEXTURE\GTV1_GLCM_summary.csv,1,10,Patient_ID,1,,True,True
10,LUNG1-181\STEP_12_LBP_TEXTURE\GTV1_LBP_summary.csv,1,10,Patient_ID,1,,True,True
10,LUNG1-182\STEP_11_GLCM_TEXTURE\GTV1_GLCM_summary.csv,1,10,Patient_ID,1,,True,True
10,LUNG1-182\STEP_12_LBP_TEXTURE\GTV1_LBP_summary.csv,1,10,Patient_ID,1,,True,True
10,LUNG1-183\STEP_11_GLCM_TEXTURE\GTV1_GLCM_summary.csv,1,10,Patient_ID,1,,True,True
10,LUNG1-183\STEP_12_LBP_TEXTURE\GTV1_LBP_summary.csv,1,10,Patient_ID,1,,True,True
10,LUNG1-184\STEP_11_GLCM_TEXTURE\GTV1_GLCM_summary.csv,1,10,Patient_ID,1,,True,True
10,LUNG1-184\STEP_12_LBP_TEXTURE\GTV1_LBP_summary.csv,1,10,Patient_ID,1,,True,True
10,LUNG1-185\STEP_11_GLCM_TEXTURE\GTV1_GLCM_summary.csv,1,10,Patient_ID,1,,True,True
10,LUNG1-185\STEP_12_LBP_TEXTURE\GTV1_LBP_summary.csv,1,10,Patient_ID,1,,True,True
10,LUNG1-186\STEP_11_GLCM_TEXTURE\GTV1_GLCM_summary.csv,1,10,Patient_ID,1,,True,True
10,LUNG1-186\STEP_12_LBP_TEXTURE\GTV1_LBP_summary.csv,1,10,Patient_ID,1,,True,True
10,LUNG1-187\STEP_11_GLCM_TEXTURE\GTV1_GLCM_summary.csv,1,10,Patient_ID,1,,True,True
10,LUNG1-187\STEP_12_LBP_TEXTURE\GTV1_LBP_summary.csv,1,10,Patient_ID,1,,True,True
10,LUNG1-188\STEP_11_GLCM_TEXTURE\GTV1_GLCM_summary.csv,1,10,Patient_ID,1,,True,True
10,LUNG1-188\STEP_12_LBP_TEXTURE\GTV1_LBP_summary.csv,1,10,Patient_ID,1,,True,True
10,LUNG1-189\STEP_11_GLCM_TEXTURE\GTV1_GLCM_summary.csv,1,10,Patient_ID,1,,True,True
10,LUNG1-189\STEP_12_LBP_TEXTURE\GTV1_LBP_summary.csv,1,10,Patient_ID,1,,True,True
10,LUNG1-190\STEP_11_GLCM_TEXTURE\GTV1_GLCM_summary.csv,1,10,Patient_ID,1,,True,True
10,LUNG1-190\STEP_12_LBP_TEXTURE\GTV1_LBP_summary.csv,1,10,Patient_ID,1,,True,True
10,LUNG1-191\STEP_11_GLCM_TEXTURE\GTV1_GLCM_summary.csv,1,10,Patient_ID,1,,True,True
10,LUNG1-191\STEP_12_LBP_TEXTURE\GTV1_LBP_summary.csv,1,10,Patient_ID,1,,True,True
10,LUNG1-192\STEP_11_GLCM_TEXTURE\GTV1_GLCM_summary.csv,1,10,Patient_ID,1,,True,True
10,LUNG1-192\STEP_12_LBP_TEXTURE\GTV1_LBP_summary.csv,1,10,Patient_ID,1,,True,True
10,LUNG1-193\STEP_11_GLCM_TEXTURE\GTV1_GLCM_summary.csv,1,10,Patient_ID,1,,True,True
10,LUNG1-193\STEP_12_LBP_TEXTURE\GTV1_LBP_summary.csv,1,10,Patient_ID,1,,True,True
10,LUNG1-194\STEP_11_GLCM_TEXTURE\GTV1_GLCM_summary.csv,1,10,Patient_ID,1,,True,True
10,LUNG1-194\STEP_12_LBP_TEXTURE\GTV1_LBP_summary.csv,1,10,Patient_ID,1,,True,True
10,LUNG1-195\STEP_11_GLCM_TEXTURE\GTV1_GLCM_summary.csv,1,10,Patient_ID,1,,True,True
10,LUNG1-195\STEP_12_LBP_TEXTURE\GTV1_LBP_summary.csv,1,10,Patient_ID,1,,True,True
10,LUNG1-196\STEP_11_GLCM_TEXTURE\GTV1_GLCM_summary.csv,1,10,Patient_ID,1,,True,True
10,LUNG1-196\STEP_12_LBP_TEXTURE\GTV1_LBP_summary.csv,1,10,Patient_ID,1,,True,True
10,LUNG1-197\STEP_11_GLCM_TEXTURE\GTV1_GLCM_summary.csv,1,10,Patient_ID,1,,True,True
10,LUNG1-197\STEP_12_LBP_TEXTURE\GTV1_LBP_summary.csv,1,10,Patient_ID,1,,True,True
10,LUNG1-198\STEP_11_GLCM_TEXTURE\GTV1_GLCM_summary.csv,1,10,Patient_ID,1,,True,True
10,LUNG1-198\STEP_12_LBP_TEXTURE\GTV1_LBP_summary.csv,1,10,Patient_ID,1,,True,True
10,LUNG1-199\STEP_11_GLCM_TEXTURE\GTV1_GLCM_summary.csv,1,10,Patient_ID,1,,True,True
10,LUNG1-199\STEP_12_LBP_TEXTURE\GTV1_LBP_summary.csv,1,10,Patient_ID,1,,True,True
10,LUNG1-200\STEP_11_GLCM_TEXTURE\GTV1_GLCM_summary.csv,1,10,Patient_ID,1,,True,True
10,LUNG1-200\STEP_12_LBP_TEXTURE\GTV1_LBP_summary.csv,1,10,Patient_ID,1,,True,True
10,LUNG1-201\STEP_11_GLCM_TEXTURE\GTV1_GLCM_summary.csv,1,10,Patient_ID,1,,True,True
10,LUNG1-201\STEP_12_LBP_TEXTURE\GTV1_LBP_summary.csv,1,10,Patient_ID,1,,True,True
10,LUNG1-202\STEP_11_GLCM_TEXTURE\GTV1_GLCM_summary.csv,1,10,Patient_ID,1,,True,True
10,LUNG1-202\STEP_12_LBP_TEXTURE\GTV1_LBP_summary.csv,1,10,Patient_ID,1,,True,True
10,LUNG1-203\STEP_11_GLCM_TEXTURE\GTV1_GLCM_summary.csv,1,10,Patient_ID,1,,True,True
10,LUNG1-203\STEP_12_LBP_TEXTURE\GTV1_LBP_summary.csv,1,10,Patient_ID,1,,True,True
10,LUNG1-204\STEP_11_GLCM_TEXTURE\GTV1_GLCM_summary.csv,1,10,Patient_ID,1,,True,True
10,LUNG1-204\STEP_12_LBP_TEXTURE\GTV1_LBP_summary.csv,1,10,Patient_ID,1,,True,True
10,LUNG1-205\STEP_11_GLCM_TEXTURE\GTV1_GLCM_summary.csv,1,10,Patient_ID,1,,True,True
10,LUNG1-205\STEP_12_LBP_TEXTURE\GTV1_LBP_summary.csv,1,10,Patient_ID,1,,True,True
10,LUNG1-206\STEP_11_GLCM_TEXTURE\GTV1_GLCM_summary.csv,1,10,Patient_ID,1,,True,True
10,LUNG1-206\STEP_12_LBP_TEXTURE\GTV1_LBP_summary.csv,1,10,Patient_ID,1,,True,True
10,LUNG1-207\STEP_11_GLCM_TEXTURE\GTV1_GLCM_summary.csv,1,10,Patient_ID,1,,True,True
10,LUNG1-207\STEP_12_LBP_TEXTURE\GTV1_LBP_summary.csv,1,10,Patient_ID,1,,True,True
10,LUNG1-208\STEP_11_GLCM_TEXTURE\GTV1_GLCM_summary.csv,1,10,Patient_ID,1,,True,True
10,LUNG1-208\STEP_12_LBP_TEXTURE\GTV1_LBP_summary.csv,1,10,Patient_ID,1,,True,True
10,LUNG1-209\STEP_11_GLCM_TEXTURE\GTV1_GLCM_summary.csv,1,10,Patient_ID,1,,True,True
10,LUNG1-209\STEP_12_LBP_TEXTURE\GTV1_LBP_summary.csv,1,10,Patient_ID,1,,True,True
10,LUNG1-210\STEP_11_GLCM_TEXTURE\GTV1_GLCM_summary.csv,1,10,Patient_ID,1,,True,True
10,LUNG1-210\STEP_12_LBP_TEXTURE\GTV1_LBP_summary.csv,1,10,Patient_ID,1,,True,True
10,LUNG1-211\STEP_11_GLCM_TEXTURE\GTV1_GLCM_summary.csv,1,10,Patient_ID,1,,True,True
10,LUNG1-211\STEP_12_LBP_TEXTURE\GTV1_LBP_summary.csv,1,10,Patient_ID,1,,True,True
10,LUNG1-212\STEP_11_GLCM_TEXTURE\GTV1_GLCM_summary.csv,1,10,Patient_ID,1,,True,True
10,LUNG1-212\STEP_12_LBP_TEXTURE\GTV1_LBP_summary.csv,1,10,Patient_ID,1,,True,True
10,LUNG1-213\STEP_11_GLCM_TEXTURE\GTV1_GLCM_summary.csv,1,10,Patient_ID,1,,True,True
10,LUNG1-213\STEP_12_LBP_TEXTURE\GTV1_LBP_summary.csv,1,10,Patient_ID,1,,True,True
10,LUNG1-214\STEP_11_GLCM_TEXTURE\GTV1_GLCM_summary.csv,1,10,Patient_ID,1,,True,True
10,LUNG1-214\STEP_12_LBP_TEXTURE\GTV1_LBP_summary.csv,1,10,Patient_ID,1,,True,True
10,LUNG1-215\STEP_11_GLCM_TEXTURE\GTV1_GLCM_summary.csv,1,10,Patient_ID,1,,True,True
10,LUNG1-215\STEP_12_LBP_TEXTURE\GTV1_LBP_summary.csv,1,10,Patient_ID,1,,True,True
10,LUNG1-216\STEP_11_GLCM_TEXTURE\GTV1_GLCM_summary.csv,1,10,Patient_ID,1,,True,True
10,LUNG1-216\STEP_12_LBP_TEXTURE\GTV1_LBP_summary.csv,1,10,Patient_ID,1,,True,True
10,LUNG1-217\STEP_11_GLCM_TEXTURE\GTV1_GLCM_summary.csv,1,10,Patient_ID,1,,True,True
10,LUNG1-217\STEP_12_LBP_TEXTURE\GTV1_LBP_summary.csv,1,10,Patient_ID,1,,True,True
10,LUNG1-218\STEP_11_GLCM_TEXTURE\GTV1_GLCM_summary.csv,1,10,Patient_ID,1,,True,True
10,LUNG1-218\STEP_12_LBP_TEXTURE\GTV1_LBP_summary.csv,1,10,Patient_ID,1,,True,True
10,LUNG1-219\STEP_11_GLCM_TEXTURE\GTV1_GLCM_summary.csv,1,10,Patient_ID,1,,True,True
10,LUNG1-219\STEP_12_LBP_TEXTURE\GTV1_LBP_summary.csv,1,10,Patient_ID,1,,True,True
10,LUNG1-220\STEP_11_GLCM_TEXTURE\GTV1_GLCM_summary.csv,1,10,Patient_ID,1,,True,True
10,LUNG1-220\STEP_12_LBP_TEXTURE\GTV1_LBP_summary.csv,1,10,Patient_ID,1,,True,True
10,LUNG1-221\STEP_11_GLCM_TEXTURE\GTV1_GLCM_summary.csv,1,10,Patient_ID,1,,True,True
10,LUNG1-221\STEP_12_LBP_TEXTURE\GTV1_LBP_summary.csv,1,10,Patient_ID,1,,True,True
10,LUNG1-222\STEP_11_GLCM_TEXTURE\GTV1_GLCM_summary.csv,1,10,Patient_ID,1,,True,True
10,LUNG1-222\STEP_12_LBP_TEXTURE\GTV1_LBP_summary.csv,1,10,Patient_ID,1,,True,True
10,LUNG1-223\STEP_11_GLCM_TEXTURE\GTV1_GLCM_summary.csv,1,10,Patient_ID,1,,True,True
10,LUNG1-223\STEP_12_LBP_TEXTURE\GTV1_LBP_summary.csv,1,10,Patient_ID,1,,True,True
10,LUNG1-224\STEP_11_GLCM_TEXTURE\GTV1_GLCM_summary.csv,1,10,Patient_ID,1,,True,True
10,LUNG1-224\STEP_12_LBP_TEXTURE\GTV1_LBP_summary.csv,1,10,Patient_ID,1,,True,True
10,LUNG1-225\STEP_11_GLCM_TEXTURE\GTV1_GLCM_summary.csv,1,10,Patient_ID,1,,True,True
10,LUNG1-225\STEP_12_LBP_TEXTURE\GTV1_LBP_summary.csv,1,10,Patient_ID,1,,True,True
10,LUNG1-226\STEP_11_GLCM_TEXTURE\GTV1_GLCM_summary.csv,1,10,Patient_ID,1,,True,True
10,LUNG1-226\STEP_12_LBP_TEXTURE\GTV1_LBP_summary.csv,1,10,Patient_ID,1,,True,True
10,LUNG1-227\STEP_11_GLCM_TEXTURE\GTV1_GLCM_summary.csv,1,10,Patient_ID,1,,True,True
10,LUNG1-227\STEP_12_LBP_TEXTURE\GTV1_LBP_summary.csv,1,10,Patient_ID,1,,True,True
10,LUNG1-228\STEP_11_GLCM_TEXTURE\GTV1_GLCM_summary.csv,1,10,Patient_ID,1,,True,True
10,LUNG1-228\STEP_12_LBP_TEXTURE\GTV1_LBP_summary.csv,1,10,Patient_ID,1,,True,True
10,LUNG1-229\STEP_11_GLCM_TEXTURE\GTV1_GLCM_summary.csv,1,10,Patient_ID,1,,True,True
10,LUNG1-229\STEP_12_LBP_TEXTURE\GTV1_LBP_summary.csv,1,10,Patient_ID,1,,True,True
10,LUNG1-230\STEP_11_GLCM_TEXTURE\GTV1_GLCM_summary.csv,1,10,Patient_ID,1,,True,True
10,LUNG1-230\STEP_12_LBP_TEXTURE\GTV1_LBP_summary.csv,1,10,Patient_ID,1,,True,True
10,LUNG1-231\STEP_11_GLCM_TEXTURE\GTV1_GLCM_summary.csv,1,10,Patient_ID,1,,True,True
10,LUNG1-231\STEP_12_LBP_TEXTURE\GTV1_LBP_summary.csv,1,10,Patient_ID,1,,True,True
10,LUNG1-232\STEP_11_GLCM_TEXTURE\GTV1_GLCM_summary.csv,1,10,Patient_ID,1,,True,True
10,LUNG1-232\STEP_12_LBP_TEXTURE\GTV1_LBP_summary.csv,1,10,Patient_ID,1,,True,True
10,LUNG1-233\STEP_11_GLCM_TEXTURE\GTV1_GLCM_summary.csv,1,10,Patient_ID,1,,True,True
10,LUNG1-233\STEP_12_LBP_TEXTURE\GTV1_LBP_summary.csv,1,10,Patient_ID,1,,True,True
10,LUNG1-234\STEP_11_GLCM_TEXTURE\GTV1_GLCM_summary.csv,1,10,Patient_ID,1,,True,True
10,LUNG1-234\STEP_12_LBP_TEXTURE\GTV1_LBP_summary.csv,1,10,Patient_ID,1,,True,True
10,LUNG1-235\STEP_11_GLCM_TEXTURE\GTV1_GLCM_summary.csv,1,10,Patient_ID,1,,True,True
10,LUNG1-235\STEP_12_LBP_TEXTURE\GTV1_LBP_summary.csv,1,10,Patient_ID,1,,True,True
10,LUNG1-236\STEP_11_GLCM_TEXTURE\GTV1_GLCM_summary.csv,1,10,Patient_ID,1,,True,True
10,LUNG1-236\STEP_12_LBP_TEXTURE\GTV1_LBP_summary.csv,1,10,Patient_ID,1,,True,True
10,LUNG1-237\STEP_11_GLCM_TEXTURE\GTV1_GLCM_summary.csv,1,10,Patient_ID,1,,True,True
10,LUNG1-237\STEP_12_LBP_TEXTURE\GTV1_LBP_summary.csv,1,10,Patient_ID,1,,True,True
10,LUNG1-238\STEP_11_GLCM_TEXTURE\GTV1_GLCM_summary.csv,1,10,Patient_ID,1,,True,True
10,LUNG1-238\STEP_12_LBP_TEXTURE\GTV1_LBP_summary.csv,1,10,Patient_ID,1,,True,True
10,LUNG1-239\STEP_11_GLCM_TEXTURE\GTV1_GLCM_summary.csv,1,10,Patient_ID,1,,True,True
10,LUNG1-239\STEP_12_LBP_TEXTURE\GTV1_LBP_summary.csv,1,10,Patient_ID,1,,True,True
10,LUNG1-240\STEP_11_GLCM_TEXTURE\GTV1_GLCM_summary.csv,1,10,Patient_ID,1,,True,True
10,LUNG1-240\STEP_12_LBP_TEXTURE\GTV1_LBP_summary.csv,1,10,Patient_ID,1,,True,True
10,LUNG1-241\STEP_11_GLCM_TEXTURE\GTV1_GLCM_summary.csv,1,10,Patient_ID,1,,True,True
10,LUNG1-241\STEP_12_LBP_TEXTURE\GTV1_LBP_summary.csv,1,10,Patient_ID,1,,True,True
10,LUNG1-242\STEP_11_GLCM_TEXTURE\GTV1_GLCM_summary.csv,1,10,Patient_ID,1,,True,True
10,LUNG1-242\STEP_12_LBP_TEXTURE\GTV1_LBP_summary.csv,1,10,Patient_ID,1,,True,True
10,LUNG1-243\STEP_11_GLCM_TEXTURE\GTV1_GLCM_summary.csv,1,10,Patient_ID,1,,True,True
10,LUNG1-243\STEP_12_LBP_TEXTURE\GTV1_LBP_summary.csv,1,10,Patient_ID,1,,True,True
10,LUNG1-244\STEP_11_GLCM_TEXTURE\GTV1_GLCM_summary.csv,1,10,Patient_ID,1,,True,True
10,LUNG1-244\STEP_12_LBP_TEXTURE\GTV1_LBP_summary.csv,1,10,Patient_ID,1,,True,True
10,LUNG1-245\STEP_11_GLCM_TEXTURE\GTV1_GLCM_summary.csv,1,10,Patient_ID,1,,True,True
10,LUNG1-245\STEP_12_LBP_TEXTURE\GTV1_LBP_summary.csv,1,10,Patient_ID,1,,True,True
10,LUNG1-246\STEP_11_GLCM_TEXTURE\GTV1_GLCM_summary.csv,1,10,Patient_ID,1,,True,True
10,LUNG1-246\STEP_12_LBP_TEXTURE\GTV1_LBP_summary.csv,1,10,Patient_ID,1,,True,True
10,LUNG1-247\STEP_11_GLCM_TEXTURE\GTV1_GLCM_summary.csv,1,10,Patient_ID,1,,True,True
10,LUNG1-247\STEP_12_LBP_TEXTURE\GTV1_LBP_summary.csv,1,10,Patient_ID,1,,True,True
10,LUNG1-248\STEP_11_GLCM_TEXTURE\GTV1_GLCM_summary.csv,1,10,Patient_ID,1,,True,True
10,LUNG1-248\STEP_12_LBP_TEXTURE\GTV1_LBP_summary.csv,1,10,Patient_ID,1,,True,True
10,LUNG1-249\STEP_11_GLCM_TEXTURE\GTV1_GLCM_summary.csv,1,10,Patient_ID,1,,True,True
10,LUNG1-249\STEP_12_LBP_TEXTURE\GTV1_LBP_summary.csv,1,10,Patient_ID,1,,True,True
10,LUNG1-250\STEP_11_GLCM_TEXTURE\GTV1_GLCM_summary.csv,1,10,Patient_ID,1,,True,True
10,LUNG1-250\STEP_12_LBP_TEXTURE\GTV1_LBP_summary.csv,1,10,Patient_ID,1,,True,True
10,LUNG1-251\STEP_11_GLCM_TEXTURE\GTV1_GLCM_summary.csv,1,10,Patient_ID,1,,True,True
10,LUNG1-251\STEP_12_LBP_TEXTURE\GTV1_LBP_summary.csv,1,10,Patient_ID,1,,True,True
10,LUNG1-252\STEP_11_GLCM_TEXTURE\GTV1_GLCM_summary.csv,1,10,Patient_ID,1,,True,True
10,LUNG1-252\STEP_12_LBP_TEXTURE\GTV1_LBP_summary.csv,1,10,Patient_ID,1,,True,True
10,LUNG1-253\STEP_11_GLCM_TEXTURE\GTV1_GLCM_summary.csv,1,10,Patient_ID,1,,True,True
10,LUNG1-253\STEP_12_LBP_TEXTURE\GTV1_LBP_summary.csv,1,10,Patient_ID,1,,True,True
10,LUNG1-254\STEP_11_GLCM_TEXTURE\GTV1_GLCM_summary.csv,1,10,Patient_ID,1,,True,True
10,LUNG1-254\STEP_12_LBP_TEXTURE\GTV1_LBP_summary.csv,1,10,Patient_ID,1,,True,True
10,LUNG1-255\STEP_11_GLCM_TEXTURE\GTV1_GLCM_summary.csv,1,10,Patient_ID,1,,True,True
10,LUNG1-255\STEP_12_LBP_TEXTURE\GTV1_LBP_summary.csv,1,10,Patient_ID,1,,True,True
10,LUNG1-256\STEP_11_GLCM_TEXTURE\GTV1_GLCM_summary.csv,1,10,Patient_ID,1,,True,True
10,LUNG1-256\STEP_12_LBP_TEXTURE\GTV1_LBP_summary.csv,1,10,Patient_ID,1,,True,True
10,LUNG1-257\STEP_11_GLCM_TEXTURE\GTV1_GLCM_summary.csv,1,10,Patient_ID,1,,True,True
10,LUNG1-257\STEP_12_LBP_TEXTURE\GTV1_LBP_summary.csv,1,10,Patient_ID,1,,True,True
10,LUNG1-258\STEP_11_GLCM_TEXTURE\GTV1_GLCM_summary.csv,1,10,Patient_ID,1,,True,True
10,LUNG1-258\STEP_12_LBP_TEXTURE\GTV1_LBP_summary.csv,1,10,Patient_ID,1,,True,True
10,LUNG1-259\STEP_11_GLCM_TEXTURE\GTV1_GLCM_summary.csv,1,10,Patient_ID,1,,True,True
10,LUNG1-259\STEP_12_LBP_TEXTURE\GTV1_LBP_summary.csv,1,10,Patient_ID,1,,True,True
10,LUNG1-260\STEP_11_GLCM_TEXTURE\GTV1_GLCM_summary.csv,1,10,Patient_ID,1,,True,True
10,LUNG1-260\STEP_12_LBP_TEXTURE\GTV1_LBP_summary.csv,1,10,Patient_ID,1,,True,True
10,LUNG1-261\STEP_11_GLCM_TEXTURE\GTV1_GLCM_summary.csv,1,10,Patient_ID,1,,True,True
10,LUNG1-261\STEP_12_LBP_TEXTURE\GTV1_LBP_summary.csv,1,10,Patient_ID,1,,True,True
10,LUNG1-262\STEP_11_GLCM_TEXTURE\GTV1_GLCM_summary.csv,1,10,Patient_ID,1,,True,True
10,LUNG1-262\STEP_12_LBP_TEXTURE\GTV1_LBP_summary.csv,1,10,Patient_ID,1,,True,True
10,LUNG1-263\STEP_11_GLCM_TEXTURE\GTV1_GLCM_summary.csv,1,10,Patient_ID,1,,True,True
10,LUNG1-263\STEP_12_LBP_TEXTURE\GTV1_LBP_summary.csv,1,10,Patient_ID,1,,True,True
10,LUNG1-264\STEP_11_GLCM_TEXTURE\GTV1_GLCM_summary.csv,1,10,Patient_ID,1,,True,True
10,LUNG1-264\STEP_12_LBP_TEXTURE\GTV1_LBP_summary.csv,1,10,Patient_ID,1,,True,True
10,LUNG1-265\STEP_11_GLCM_TEXTURE\GTV1_GLCM_summary.csv,1,10,Patient_ID,1,,True,True
10,LUNG1-265\STEP_12_LBP_TEXTURE\GTV1_LBP_summary.csv,1,10,Patient_ID,1,,True,True
10,LUNG1-266\STEP_11_GLCM_TEXTURE\GTV1_GLCM_summary.csv,1,10,Patient_ID,1,,True,True
10,LUNG1-266\STEP_12_LBP_TEXTURE\GTV1_LBP_summary.csv,1,10,Patient_ID,1,,True,True
10,LUNG1-267\STEP_11_GLCM_TEXTURE\GTV1_GLCM_summary.csv,1,10,Patient_ID,1,,True,True
10,LUNG1-267\STEP_12_LBP_TEXTURE\GTV1_LBP_summary.csv,1,10,Patient_ID,1,,True,True
10,LUNG1-268\STEP_11_GLCM_TEXTURE\GTV1_GLCM_summary.csv,1,10,Patient_ID,1,,True,True
10,LUNG1-268\STEP_12_LBP_TEXTURE\GTV1_LBP_summary.csv,1,10,Patient_ID,1,,True,True
10,LUNG1-269\STEP_11_GLCM_TEXTURE\GTV1_GLCM_summary.csv,1,10,Patient_ID,1,,True,True
10,LUNG1-269\STEP_12_LBP_TEXTURE\GTV1_LBP_summary.csv,1,10,Patient_ID,1,,True,True
10,LUNG1-270\STEP_11_GLCM_TEXTURE\GTV1_GLCM_summary.csv,1,10,Patient_ID,1,,True,True
10,LUNG1-270\STEP_12_LBP_TEXTURE\GTV1_LBP_summary.csv,1,10,Patient_ID,1,,True,True
10,LUNG1-271\STEP_11_GLCM_TEXTURE\GTV1_GLCM_summary.csv,1,10,Patient_ID,1,,True,True
10,LUNG1-271\STEP_12_LBP_TEXTURE\GTV1_LBP_summary.csv,1,10,Patient_ID,1,,True,True
10,LUNG1-272\STEP_11_GLCM_TEXTURE\GTV1_GLCM_summary.csv,1,10,Patient_ID,1,,True,True
10,LUNG1-272\STEP_12_LBP_TEXTURE\GTV1_LBP_summary.csv,1,10,Patient_ID,1,,True,True
10,LUNG1-273\STEP_11_GLCM_TEXTURE\GTV1_GLCM_summary.csv,1,10,Patient_ID,1,,True,True
10,LUNG1-273\STEP_12_LBP_TEXTURE\GTV1_LBP_summary.csv,1,10,Patient_ID,1,,True,True
10,LUNG1-274\STEP_11_GLCM_TEXTURE\GTV1_GLCM_summary.csv,1,10,Patient_ID,1,,True,True
10,LUNG1-274\STEP_12_LBP_TEXTURE\GTV1_LBP_summary.csv,1,10,Patient_ID,1,,True,True
10,LUNG1-275\STEP_11_GLCM_TEXTURE\GTV1_GLCM_summary.csv,1,10,Patient_ID,1,,True,True
10,LUNG1-275\STEP_12_LBP_TEXTURE\GTV1_LBP_summary.csv,1,10,Patient_ID,1,,True,True
10,LUNG1-276\STEP_11_GLCM_TEXTURE\GTV1_GLCM_summary.csv,1,10,Patient_ID,1,,True,True
10,LUNG1-276\STEP_12_LBP_TEXTURE\GTV1_LBP_summary.csv,1,10,Patient_ID,1,,True,True
10,LUNG1-277\STEP_11_GLCM_TEXTURE\GTV1_GLCM_summary.csv,1,10,Patient_ID,1,,True,True
10,LUNG1-277\STEP_12_LBP_TEXTURE\GTV1_LBP_summary.csv,1,10,Patient_ID,1,,True,True
10,LUNG1-278\STEP_11_GLCM_TEXTURE\GTV1_GLCM_summary.csv,1,10,Patient_ID,1,,True,True
10,LUNG1-278\STEP_12_LBP_TEXTURE\GTV1_LBP_summary.csv,1,10,Patient_ID,1,,True,True
10,LUNG1-279\STEP_11_GLCM_TEXTURE\GTV1_GLCM_summary.csv,1,10,Patient_ID,1,,True,True
10,LUNG1-279\STEP_12_LBP_TEXTURE\GTV1_LBP_summary.csv,1,10,Patient_ID,1,,True,True
10,LUNG1-280\STEP_11_GLCM_TEXTURE\GTV1_GLCM_summary.csv,1,10,Patient_ID,1,,True,True
10,LUNG1-280\STEP_12_LBP_TEXTURE\GTV1_LBP_summary.csv,1,10,Patient_ID,1,,True,True
10,LUNG1-281\STEP_11_GLCM_TEXTURE\GTV1_GLCM_summary.csv,1,10,Patient_ID,1,,True,True
10,LUNG1-281\STEP_12_LBP_TEXTURE\GTV1_LBP_summary.csv,1,10,Patient_ID,1,,True,True
10,LUNG1-282\STEP_11_GLCM_TEXTURE\GTV1_GLCM_summary.csv,1,10,Patient_ID,1,,True,True
10,LUNG1-282\STEP_12_LBP_TEXTURE\GTV1_LBP_summary.csv,1,10,Patient_ID,1,,True,True
10,LUNG1-283\STEP_11_GLCM_TEXTURE\GTV1_GLCM_summary.csv,1,10,Patient_ID,1,,True,True
10,LUNG1-283\STEP_12_LBP_TEXTURE\GTV1_LBP_summary.csv,1,10,Patient_ID,1,,True,True
10,LUNG1-284\STEP_11_GLCM_TEXTURE\GTV1_GLCM_summary.csv,1,10,Patient_ID,1,,True,True
10,LUNG1-284\STEP_12_LBP_TEXTURE\GTV1_LBP_summary.csv,1,10,Patient_ID,1,,True,True
10,LUNG1-285\STEP_11_GLCM_TEXTURE\GTV1_GLCM_summary.csv,1,10,Patient_ID,1,,True,True
10,LUNG1-285\STEP_12_LBP_TEXTURE\GTV1_LBP_summary.csv,1,10,Patient_ID,1,,True,True
10,LUNG1-286\STEP_11_GLCM_TEXTURE\GTV1_GLCM_summary.csv,1,10,Patient_ID,1,,True,True
10,LUNG1-286\STEP_12_LBP_TEXTURE\GTV1_LBP_summary.csv,1,10,Patient_ID,1,,True,True
10,LUNG1-287\STEP_11_GLCM_TEXTURE\GTV1_GLCM_summary.csv,1,10,Patient_ID,1,,True,True
10,LUNG1-287\STEP_12_LBP_TEXTURE\GTV1_LBP_summary.csv,1,10,Patient_ID,1,,True,True
10,LUNG1-288\STEP_11_GLCM_TEXTURE\GTV1_GLCM_summary.csv,1,10,Patient_ID,1,,True,True
10,LUNG1-288\STEP_12_LBP_TEXTURE\GTV1_LBP_summary.csv,1,10,Patient_ID,1,,True,True
10,LUNG1-289\STEP_11_GLCM_TEXTURE\GTV1_GLCM_summary.csv,1,10,Patient_ID,1,,True,True
10,LUNG1-289\STEP_12_LBP_TEXTURE\GTV1_LBP_summary.csv,1,10,Patient_ID,1,,True,True
10,LUNG1-290\STEP_11_GLCM_TEXTURE\GTV1_GLCM_summary.csv,1,10,Patient_ID,1,,True,True
10,LUNG1-290\STEP_12_LBP_TEXTURE\GTV1_LBP_summary.csv,1,10,Patient_ID,1,,True,True
10,LUNG1-291\STEP_11_GLCM_TEXTURE\GTV1_GLCM_summary.csv,1,10,Patient_ID,1,,True,True
10,LUNG1-291\STEP_12_LBP_TEXTURE\GTV1_LBP_summary.csv,1,10,Patient_ID,1,,True,True
10,LUNG1-292\STEP_11_GLCM_TEXTURE\GTV1_GLCM_summary.csv,1,10,Patient_ID,1,,True,True
10,LUNG1-292\STEP_12_LBP_TEXTURE\GTV1_LBP_summary.csv,1,10,Patient_ID,1,,True,True
10,LUNG1-293\STEP_11_GLCM_TEXTURE\GTV1_GLCM_summary.csv,1,10,Patient_ID,1,,True,True
10,LUNG1-293\STEP_12_LBP_TEXTURE\GTV1_LBP_summary.csv,1,10,Patient_ID,1,,True,True
10,LUNG1-294\STEP_11_GLCM_TEXTURE\GTV1_GLCM_summary.csv,1,10,Patient_ID,1,,True,True
10,LUNG1-294\STEP_12_LBP_TEXTURE\GTV1_LBP_summary.csv,1,10,Patient_ID,1,,True,True
10,LUNG1-295\STEP_11_GLCM_TEXTURE\GTV1_GLCM_summary.csv,1,10,Patient_ID,1,,True,True
10,LUNG1-295\STEP_12_LBP_TEXTURE\GTV1_LBP_summary.csv,1,10,Patient_ID,1,,True,True
10,LUNG1-296\STEP_11_GLCM_TEXTURE\GTV1_GLCM_summary.csv,1,10,Patient_ID,1,,True,True
10,LUNG1-296\STEP_12_LBP_TEXTURE\GTV1_LBP_summary.csv,1,10,Patient_ID,1,,True,True
10,LUNG1-297\STEP_11_GLCM_TEXTURE\GTV1_GLCM_summary.csv,1,10,Patient_ID,1,,True,True
10,LUNG1-297\STEP_12_LBP_TEXTURE\GTV1_LBP_summary.csv,1,10,Patient_ID,1,,True,True
10,LUNG1-298\STEP_11_GLCM_TEXTURE\GTV1_GLCM_summary.csv,1,10,Patient_ID,1,,True,True
10,LUNG1-298\STEP_12_LBP_TEXTURE\GTV1_LBP_summary.csv,1,10,Patient_ID,1,,True,True
10,LUNG1-299\STEP_11_GLCM_TEXTURE\GTV1_GLCM_summary.csv,1,10,Patient_ID,1,,True,True
10,LUNG1-299\STEP_12_LBP_TEXTURE\GTV1_LBP_summary.csv,1,10,Patient_ID,1,,True,True
10,LUNG1-300\STEP_11_GLCM_TEXTURE\GTV1_GLCM_summary.csv,1,10,Patient_ID,1,,True,True
10,LUNG1-300\STEP_12_LBP_TEXTURE\GTV1_LBP_summary.csv,1,10,Patient_ID,1,,True,True
10,LUNG1-301\STEP_11_GLCM_TEXTURE\GTV1_GLCM_summary.csv,1,10,Patient_ID,1,,True,True
10,LUNG1-301\STEP_12_LBP_TEXTURE\GTV1_LBP_summary.csv,1,10,Patient_ID,1,,True,True
10,LUNG1-302\STEP_11_GLCM_TEXTURE\GTV1_GLCM_summary.csv,1,10,Patient_ID,1,,True,True
10,LUNG1-302\STEP_12_LBP_TEXTURE\GTV1_LBP_summary.csv,1,10,Patient_ID,1,,True,True
10,LUNG1-303\STEP_11_GLCM_TEXTURE\GTV1_GLCM_summary.csv,1,10,Patient_ID,1,,True,True
10,LUNG1-303\STEP_12_LBP_TEXTURE\GTV1_LBP_summary.csv,1,10,Patient_ID,1,,True,True
10,LUNG1-304\STEP_11_GLCM_TEXTURE\GTV1_GLCM_summary.csv,1,10,Patient_ID,1,,True,True
10,LUNG1-304\STEP_12_LBP_TEXTURE\GTV1_LBP_summary.csv,1,10,Patient_ID,1,,True,True
10,LUNG1-305\STEP_11_GLCM_TEXTURE\GTV1_GLCM_summary.csv,1,10,Patient_ID,1,,True,True
10,LUNG1-305\STEP_12_LBP_TEXTURE\GTV1_LBP_summary.csv,1,10,Patient_ID,1,,True,True
10,LUNG1-306\STEP_11_GLCM_TEXTURE\GTV1_GLCM_summary.csv,1,10,Patient_ID,1,,True,True
10,LUNG1-306\STEP_12_LBP_TEXTURE\GTV1_LBP_summary.csv,1,10,Patient_ID,1,,True,True
10,LUNG1-307\STEP_11_GLCM_TEXTURE\GTV1_GLCM_summary.csv,1,10,Patient_ID,1,,True,True
10,LUNG1-307\STEP_12_LBP_TEXTURE\GTV1_LBP_summary.csv,1,10,Patient_ID,1,,True,True
10,LUNG1-308\STEP_11_GLCM_TEXTURE\GTV1_GLCM_summary.csv,1,10,Patient_ID,1,,True,True
10,LUNG1-308\STEP_12_LBP_TEXTURE\GTV1_LBP_summary.csv,1,10,Patient_ID,1,,True,True
10,LUNG1-309\STEP_11_GLCM_TEXTURE\GTV1_GLCM_summary.csv,1,10,Patient_ID,1,,True,True
10,LUNG1-309\STEP_12_LBP_TEXTURE\GTV1_LBP_summary.csv,1,10,Patient_ID,1,,True,True
10,LUNG1-310\STEP_11_GLCM_TEXTURE\GTV1_GLCM_summary.csv,1,10,Patient_ID,1,,True,True
10,LUNG1-310\STEP_12_LBP_TEXTURE\GTV1_LBP_summary.csv,1,10,Patient_ID,1,,True,True
10,LUNG1-311\STEP_11_GLCM_TEXTURE\GTV1_GLCM_summary.csv,1,10,Patient_ID,1,,True,True
10,LUNG1-311\STEP_12_LBP_TEXTURE\GTV1_LBP_summary.csv,1,10,Patient_ID,1,,True,True
10,LUNG1-312\STEP_11_GLCM_TEXTURE\GTV1_GLCM_summary.csv,1,10,Patient_ID,1,,True,True
10,LUNG1-312\STEP_12_LBP_TEXTURE\GTV1_LBP_summary.csv,1,10,Patient_ID,1,,True,True
10,LUNG1-313\STEP_11_GLCM_TEXTURE\GTV1_GLCM_summary.csv,1,10,Patient_ID,1,,True,True
10,LUNG1-313\STEP_12_LBP_TEXTURE\GTV1_LBP_summary.csv,1,10,Patient_ID,1,,True,True
10,LUNG1-314\STEP_11_GLCM_TEXTURE\GTV1_GLCM_summary.csv,1,10,Patient_ID,1,,True,True
10,LUNG1-314\STEP_12_LBP_TEXTURE\GTV1_LBP_summary.csv,1,10,Patient_ID,1,,True,True
10,LUNG1-315\STEP_11_GLCM_TEXTURE\GTV1_GLCM_summary.csv,1,10,Patient_ID,1,,True,True
10,LUNG1-315\STEP_12_LBP_TEXTURE\GTV1_LBP_summary.csv,1,10,Patient_ID,1,,True,True
10,LUNG1-316\STEP_11_GLCM_TEXTURE\GTV1_GLCM_summary.csv,1,10,Patient_ID,1,,True,True
10,LUNG1-316\STEP_12_LBP_TEXTURE\GTV1_LBP_summary.csv,1,10,Patient_ID,1,,True,True
10,LUNG1-317\STEP_11_GLCM_TEXTURE\GTV1_GLCM_summary.csv,1,10,Patient_ID,1,,True,True
10,LUNG1-317\STEP_12_LBP_TEXTURE\GTV1_LBP_summary.csv,1,10,Patient_ID,1,,True,True
10,LUNG1-318\STEP_11_GLCM_TEXTURE\GTV1_GLCM_summary.csv,1,10,Patient_ID,1,,True,True
10,LUNG1-318\STEP_12_LBP_TEXTURE\GTV1_LBP_summary.csv,1,10,Patient_ID,1,,True,True
10,LUNG1-319\STEP_11_GLCM_TEXTURE\GTV1_GLCM_summary.csv,1,10,Patient_ID,1,,True,True
10,LUNG1-319\STEP_12_LBP_TEXTURE\GTV1_LBP_summary.csv,1,10,Patient_ID,1,,True,True
10,LUNG1-320\STEP_11_GLCM_TEXTURE\GTV1_GLCM_summary.csv,1,10,Patient_ID,1,,True,True
10,LUNG1-320\STEP_12_LBP_TEXTURE\GTV1_LBP_summary.csv,1,10,Patient_ID,1,,True,True
10,LUNG1-321\STEP_11_GLCM_TEXTURE\GTV1_GLCM_summary.csv,1,10,Patient_ID,1,,True,True
10,LUNG1-321\STEP_12_LBP_TEXTURE\GTV1_LBP_summary.csv,1,10,Patient_ID,1,,True,True
10,LUNG1-322\STEP_11_GLCM_TEXTURE\GTV1_GLCM_summary.csv,1,10,Patient_ID,1,,True,True
10,LUNG1-322\STEP_12_LBP_TEXTURE\GTV1_LBP_summary.csv,1,10,Patient_ID,1,,True,True
10,LUNG1-323\STEP_11_GLCM_TEXTURE\GTV1_GLCM_summary.csv,1,10,Patient_ID,1,,True,True
10,LUNG1-323\STEP_12_LBP_TEXTURE\GTV1_LBP_summary.csv,1,10,Patient_ID,1,,True,True
10,LUNG1-324\STEP_11_GLCM_TEXTURE\GTV1_GLCM_summary.csv,1,10,Patient_ID,1,,True,True
10,LUNG1-324\STEP_12_LBP_TEXTURE\GTV1_LBP_summary.csv,1,10,Patient_ID,1,,True,True
10,LUNG1-325\STEP_11_GLCM_TEXTURE\GTV1_GLCM_summary.csv,1,10,Patient_ID,1,,True,True
10,LUNG1-325\STEP_12_LBP_TEXTURE\GTV1_LBP_summary.csv,1,10,Patient_ID,1,,True,True
10,LUNG1-326\STEP_11_GLCM_TEXTURE\GTV1_GLCM_summary.csv,1,10,Patient_ID,1,,True,True
10,LUNG1-326\STEP_12_LBP_TEXTURE\GTV1_LBP_summary.csv,1,10,Patient_ID,1,,True,True
10,LUNG1-327\STEP_11_GLCM_TEXTURE\GTV1_GLCM_summary.csv,1,10,Patient_ID,1,,True,True
10,LUNG1-327\STEP_12_LBP_TEXTURE\GTV1_LBP_summary.csv,1,10,Patient_ID,1,,True,True
10,LUNG1-328\STEP_11_GLCM_TEXTURE\GTV1_GLCM_summary.csv,1,10,Patient_ID,1,,True,True
10,LUNG1-328\STEP_12_LBP_TEXTURE\GTV1_LBP_summary.csv,1,10,Patient_ID,1,,True,True
10,LUNG1-329\STEP_11_GLCM_TEXTURE\GTV1_GLCM_summary.csv,1,10,Patient_ID,1,,True,True
10,LUNG1-329\STEP_12_LBP_TEXTURE\GTV1_LBP_summary.csv,1,10,Patient_ID,1,,True,True
10,LUNG1-330\STEP_11_GLCM_TEXTURE\GTV1_GLCM_summary.csv,1,10,Patient_ID,1,,True,True
10,LUNG1-330\STEP_12_LBP_TEXTURE\GTV1_LBP_summary.csv,1,10,Patient_ID,1,,True,True
10,LUNG1-331\STEP_11_GLCM_TEXTURE\GTV1_GLCM_summary.csv,1,10,Patient_ID,1,,True,True
10,LUNG1-331\STEP_12_LBP_TEXTURE\GTV1_LBP_summary.csv,1,10,Patient_ID,1,,True,True
10,LUNG1-332\STEP_11_GLCM_TEXTURE\GTV1_GLCM_summary.csv,1,10,Patient_ID,1,,True,True
10,LUNG1-332\STEP_12_LBP_TEXTURE\GTV1_LBP_summary.csv,1,10,Patient_ID,1,,True,True
10,LUNG1-333\STEP_11_GLCM_TEXTURE\GTV1_GLCM_summary.csv,1,10,Patient_ID,1,,True,True
10,LUNG1-333\STEP_12_LBP_TEXTURE\GTV1_LBP_summary.csv,1,10,Patient_ID,1,,True,True
10,LUNG1-334\STEP_11_GLCM_TEXTURE\GTV1_GLCM_summary.csv,1,10,Patient_ID,1,,True,True
10,LUNG1-334\STEP_12_LBP_TEXTURE\GTV1_LBP_summary.csv,1,10,Patient_ID,1,,True,True
10,LUNG1-335\STEP_11_GLCM_TEXTURE\GTV1_GLCM_summary.csv,1,10,Patient_ID,1,,True,True
10,LUNG1-335\STEP_12_LBP_TEXTURE\GTV1_LBP_summary.csv,1,10,Patient_ID,1,,True,True
10,LUNG1-336\STEP_11_GLCM_TEXTURE\GTV1_GLCM_summary.csv,1,10,Patient_ID,1,,True,True
10,LUNG1-336\STEP_12_LBP_TEXTURE\GTV1_LBP_summary.csv,1,10,Patient_ID,1,,True,True
10,LUNG1-337\STEP_11_GLCM_TEXTURE\GTV1_GLCM_summary.csv,1,10,Patient_ID,1,,True,True
10,LUNG1-337\STEP_12_LBP_TEXTURE\GTV1_LBP_summary.csv,1,10,Patient_ID,1,,True,True
10,LUNG1-338\STEP_11_GLCM_TEXTURE\GTV1_GLCM_summary.csv,1,10,Patient_ID,1,,True,True
10,LUNG1-338\STEP_12_LBP_TEXTURE\GTV1_LBP_summary.csv,1,10,Patient_ID,1,,True,True
10,LUNG1-339\STEP_11_GLCM_TEXTURE\GTV1_GLCM_summary.csv,1,10,Patient_ID,1,,True,True
10,LUNG1-339\STEP_12_LBP_TEXTURE\GTV1_LBP_summary.csv,1,10,Patient_ID,1,,True,True
10,LUNG1-340\STEP_11_GLCM_TEXTURE\GTV1_GLCM_summary.csv,1,10,Patient_ID,1,,True,True
10,LUNG1-340\STEP_12_LBP_TEXTURE\GTV1_LBP_summary.csv,1,10,Patient_ID,1,,True,True
10,LUNG1-341\STEP_11_GLCM_TEXTURE\GTV1_GLCM_summary.csv,1,10,Patient_ID,1,,True,True
10,LUNG1-341\STEP_12_LBP_TEXTURE\GTV1_LBP_summary.csv,1,10,Patient_ID,1,,True,True
10,LUNG1-342\STEP_11_GLCM_TEXTURE\GTV1_GLCM_summary.csv,1,10,Patient_ID,1,,True,True
10,LUNG1-342\STEP_12_LBP_TEXTURE\GTV1_LBP_summary.csv,1,10,Patient_ID,1,,True,True
10,LUNG1-343\STEP_11_GLCM_TEXTURE\GTV1_GLCM_summary.csv,1,10,Patient_ID,1,,True,True
10,LUNG1-343\STEP_12_LBP_TEXTURE\GTV1_LBP_summary.csv,1,10,Patient_ID,1,,True,True
10,LUNG1-344\STEP_11_GLCM_TEXTURE\GTV1_GLCM_summary.csv,1,10,Patient_ID,1,,True,True
10,LUNG1-344\STEP_12_LBP_TEXTURE\GTV1_LBP_summary.csv,1,10,Patient_ID,1,,True,True
10,LUNG1-345\STEP_11_GLCM_TEXTURE\GTV1_GLCM_summary.csv,1,10,Patient_ID,1,,True,True
10,LUNG1-345\STEP_12_LBP_TEXTURE\GTV1_LBP_summary.csv,1,10,Patient_ID,1,,True,True
10,LUNG1-346\STEP_11_GLCM_TEXTURE\GTV1_GLCM_summary.csv,1,10,Patient_ID,1,,True,True
10,LUNG1-346\STEP_12_LBP_TEXTURE\GTV1_LBP_summary.csv,1,10,Patient_ID,1,,True,True
10,LUNG1-347\STEP_11_GLCM_TEXTURE\GTV1_GLCM_summary.csv,1,10,Patient_ID,1,,True,True
10,LUNG1-347\STEP_12_LBP_TEXTURE\GTV1_LBP_summary.csv,1,10,Patient_ID,1,,True,True
10,LUNG1-348\STEP_11_GLCM_TEXTURE\GTV1_GLCM_summary.csv,1,10,Patient_ID,1,,True,True
10,LUNG1-348\STEP_12_LBP_TEXTURE\GTV1_LBP_summary.csv,1,10,Patient_ID,1,,True,True
10,LUNG1-349\STEP_11_GLCM_TEXTURE\GTV1_GLCM_summary.csv,1,10,Patient_ID,1,,True,True
10,LUNG1-349\STEP_12_LBP_TEXTURE\GTV1_LBP_summary.csv,1,10,Patient_ID,1,,True,True
10,LUNG1-350\STEP_11_GLCM_TEXTURE\GTV1_GLCM_summary.csv,1,10,Patient_ID,1,,True,True
10,LUNG1-350\STEP_12_LBP_TEXTURE\GTV1_LBP_summary.csv,1,10,Patient_ID,1,,True,True
10,LUNG1-351\STEP_11_GLCM_TEXTURE\GTV1_GLCM_summary.csv,1,10,Patient_ID,1,,True,True
10,LUNG1-351\STEP_12_LBP_TEXTURE\GTV1_LBP_summary.csv,1,10,Patient_ID,1,,True,True
10,LUNG1-352\STEP_11_GLCM_TEXTURE\GTV1_GLCM_summary.csv,1,10,Patient_ID,1,,True,True
10,LUNG1-352\STEP_12_LBP_TEXTURE\GTV1_LBP_summary.csv,1,10,Patient_ID,1,,True,True
10,LUNG1-353\STEP_11_GLCM_TEXTURE\GTV1_GLCM_summary.csv,1,10,Patient_ID,1,,True,True
10,LUNG1-353\STEP_12_LBP_TEXTURE\GTV1_LBP_summary.csv,1,10,Patient_ID,1,,True,True
10,LUNG1-354\STEP_11_GLCM_TEXTURE\GTV1_GLCM_summary.csv,1,10,Patient_ID,1,,True,True
10,LUNG1-354\STEP_12_LBP_TEXTURE\GTV1_LBP_summary.csv,1,10,Patient_ID,1,,True,True
10,LUNG1-355\STEP_11_GLCM_TEXTURE\GTV1_GLCM_summary.csv,1,10,Patient_ID,1,,True,True
10,LUNG1-355\STEP_12_LBP_TEXTURE\GTV1_LBP_summary.csv,1,10,Patient_ID,1,,True,True
10,LUNG1-356\STEP_11_GLCM_TEXTURE\GTV1_GLCM_summary.csv,1,10,Patient_ID,1,,True,True
10,LUNG1-356\STEP_12_LBP_TEXTURE\GTV1_LBP_summary.csv,1,10,Patient_ID,1,,True,True
10,LUNG1-357\STEP_11_GLCM_TEXTURE\GTV1_GLCM_summary.csv,1,10,Patient_ID,1,,True,True
10,LUNG1-357\STEP_12_LBP_TEXTURE\GTV1_LBP_summary.csv,1,10,Patient_ID,1,,True,True
10,LUNG1-358\STEP_11_GLCM_TEXTURE\GTV1_GLCM_summary.csv,1,10,Patient_ID,1,,True,True
10,LUNG1-358\STEP_12_LBP_TEXTURE\GTV1_LBP_summary.csv,1,10,Patient_ID,1,,True,True
10,LUNG1-359\STEP_11_GLCM_TEXTURE\GTV1_GLCM_summary.csv,1,10,Patient_ID,1,,True,True
10,LUNG1-359\STEP_12_LBP_TEXTURE\GTV1_LBP_summary.csv,1,10,Patient_ID,1,,True,True
10,LUNG1-360\STEP_11_GLCM_TEXTURE\GTV1_GLCM_summary.csv,1,10,Patient_ID,1,,True,True
10,LUNG1-360\STEP_12_LBP_TEXTURE\GTV1_LBP_summary.csv,1,10,Patient_ID,1,,True,True
10,LUNG1-361\STEP_11_GLCM_TEXTURE\GTV1_GLCM_summary.csv,1,10,Patient_ID,1,,True,True
10,LUNG1-361\STEP_12_LBP_TEXTURE\GTV1_LBP_summary.csv,1,10,Patient_ID,1,,True,True
10,LUNG1-362\STEP_11_GLCM_TEXTURE\GTV1_GLCM_summary.csv,1,10,Patient_ID,1,,True,True
10,LUNG1-362\STEP_12_LBP_TEXTURE\GTV1_LBP_summary.csv,1,10,Patient_ID,1,,True,True
10,LUNG1-363\STEP_11_GLCM_TEXTURE\GTV1_GLCM_summary.csv,1,10,Patient_ID,1,,True,True
10,LUNG1-363\STEP_12_LBP_TEXTURE\GTV1_LBP_summary.csv,1,10,Patient_ID,1,,True,True
10,LUNG1-364\STEP_11_GLCM_TEXTURE\GTV1_GLCM_summary.csv,1,10,Patient_ID,1,,True,True
10,LUNG1-364\STEP_12_LBP_TEXTURE\GTV1_LBP_summary.csv,1,10,Patient_ID,1,,True,True
10,LUNG1-365\STEP_11_GLCM_TEXTURE\GTV1_GLCM_summary.csv,1,10,Patient_ID,1,,True,True
10,LUNG1-365\STEP_12_LBP_TEXTURE\GTV1_LBP_summary.csv,1,10,Patient_ID,1,,True,True
10,LUNG1-366\STEP_11_GLCM_TEXTURE\GTV1_GLCM_summary.csv,1,10,Patient_ID,1,,True,True
10,LUNG1-366\STEP_12_LBP_TEXTURE\GTV1_LBP_summary.csv,1,10,Patient_ID,1,,True,True
10,LUNG1-367\STEP_11_GLCM_TEXTURE\GTV1_GLCM_summary.csv,1,10,Patient_ID,1,,True,True
10,LUNG1-367\STEP_12_LBP_TEXTURE\GTV1_LBP_summary.csv,1,10,Patient_ID,1,,True,True
10,LUNG1-368\STEP_11_GLCM_TEXTURE\GTV1_GLCM_summary.csv,1,10,Patient_ID,1,,True,True
10,LUNG1-368\STEP_12_LBP_TEXTURE\GTV1_LBP_summary.csv,1,10,Patient_ID,1,,True,True
10,LUNG1-369\STEP_11_GLCM_TEXTURE\GTV1_GLCM_summary.csv,1,10,Patient_ID,1,,True,True
10,LUNG1-369\STEP_12_LBP_TEXTURE\GTV1_LBP_summary.csv,1,10,Patient_ID,1,,True,True
10,LUNG1-370\STEP_11_GLCM_TEXTURE\GTV1_GLCM_summary.csv,1,10,Patient_ID,1,,True,True
10,LUNG1-370\STEP_12_LBP_TEXTURE\GTV1_LBP_summary.csv,1,10,Patient_ID,1,,True,True
10,LUNG1-371\STEP_11_GLCM_TEXTURE\GTV1_GLCM_summary.csv,1,10,Patient_ID,1,,True,True
10,LUNG1-371\STEP_12_LBP_TEXTURE\GTV1_LBP_summary.csv,1,10,Patient_ID,1,,True,True
10,LUNG1-372\STEP_11_GLCM_TEXTURE\GTV1_GLCM_summary.csv,1,10,Patient_ID,1,,True,True
10,LUNG1-372\STEP_12_LBP_TEXTURE\GTV1_LBP_summary.csv,1,10,Patient_ID,1,,True,True
10,LUNG1-373\STEP_11_GLCM_TEXTURE\GTV1_GLCM_summary.csv,1,10,Patient_ID,1,,True,True
10,LUNG1-373\STEP_12_LBP_TEXTURE\GTV1_LBP_summary.csv,1,10,Patient_ID,1,,True,True
10,LUNG1-374\STEP_11_GLCM_TEXTURE\GTV1_GLCM_summary.csv,1,10,Patient_ID,1,,True,True
10,LUNG1-374\STEP_12_LBP_TEXTURE\GTV1_LBP_summary.csv,1,10,Patient_ID,1,,True,True
10,LUNG1-375\STEP_11_GLCM_TEXTURE\GTV1_GLCM_summary.csv,1,10,Patient_ID,1,,True,True
10,LUNG1-375\STEP_12_LBP_TEXTURE\GTV1_LBP_summary.csv,1,10,Patient_ID,1,,True,True
10,LUNG1-376\STEP_11_GLCM_TEXTURE\GTV1_GLCM_summary.csv,1,10,Patient_ID,1,,True,True
10,LUNG1-376\STEP_12_LBP_TEXTURE\GTV1_LBP_summary.csv,1,10,Patient_ID,1,,True,True
10,LUNG1-377\STEP_11_GLCM_TEXTURE\GTV1_GLCM_summary.csv,1,10,Patient_ID,1,,True,True
10,LUNG1-377\STEP_12_LBP_TEXTURE\GTV1_LBP_summary.csv,1,10,Patient_ID,1,,True,True
10,LUNG1-378\STEP_11_GLCM_TEXTURE\GTV1_GLCM_summary.csv,1,10,Patient_ID,1,,True,True
10,LUNG1-378\STEP_12_LBP_TEXTURE\GTV1_LBP_summary.csv,1,10,Patient_ID,1,,True,True
10,LUNG1-379\STEP_11_GLCM_TEXTURE\GTV1_GLCM_summary.csv,1,10,Patient_ID,1,,True,True
10,LUNG1-379\STEP_12_LBP_TEXTURE\GTV1_LBP_summary.csv,1,10,Patient_ID,1,,True,True
10,LUNG1-380\STEP_11_GLCM_TEXTURE\GTV1_GLCM_summary.csv,1,10,Patient_ID,1,,True,True
10,LUNG1-380\STEP_12_LBP_TEXTURE\GTV1_LBP_summary.csv,1,10,Patient_ID,1,,True,True
10,LUNG1-381\STEP_11_GLCM_TEXTURE\GTV1_GLCM_summary.csv,1,10,Patient_ID,1,,True,True
10,LUNG1-381\STEP_12_LBP_TEXTURE\GTV1_LBP_summary.csv,1,10,Patient_ID,1,,True,True
10,LUNG1-382\STEP_11_GLCM_TEXTURE\GTV1_GLCM_summary.csv,1,10,Patient_ID,1,,True,True
10,LUNG1-382\STEP_12_LBP_TEXTURE\GTV1_LBP_summary.csv,1,10,Patient_ID,1,,True,True
10,LUNG1-383\STEP_11_GLCM_TEXTURE\GTV1_GLCM_summary.csv,1,10,Patient_ID,1,,True,True
10,LUNG1-383\STEP_12_LBP_TEXTURE\GTV1_LBP_summary.csv,1,10,Patient_ID,1,,True,True
10,LUNG1-384\STEP_11_GLCM_TEXTURE\GTV1_GLCM_summary.csv,1,10,Patient_ID,1,,True,True
10,LUNG1-384\STEP_12_LBP_TEXTURE\GTV1_LBP_summary.csv,1,10,Patient_ID,1,,True,True
10,LUNG1-385\STEP_11_GLCM_TEXTURE\GTV1_GLCM_summary.csv,1,10,Patient_ID,1,,True,True
10,LUNG1-385\STEP_12_LBP_TEXTURE\GTV1_LBP_summary.csv,1,10,Patient_ID,1,,True,True
10,LUNG1-386\STEP_11_GLCM_TEXTURE\GTV1_GLCM_summary.csv,1,10,Patient_ID,1,,True,True
10,LUNG1-386\STEP_12_LBP_TEXTURE\GTV1_LBP_summary.csv,1,10,Patient_ID,1,,True,True
10,LUNG1-387\STEP_11_GLCM_TEXTURE\GTV1_GLCM_summary.csv,1,10,Patient_ID,1,,True,True
10,LUNG1-387\STEP_12_LBP_TEXTURE\GTV1_LBP_summary.csv,1,10,Patient_ID,1,,True,True
10,LUNG1-388\STEP_11_GLCM_TEXTURE\GTV1_GLCM_summary.csv,1,10,Patient_ID,1,,True,True
10,LUNG1-388\STEP_12_LBP_TEXTURE\GTV1_LBP_summary.csv,1,10,Patient_ID,1,,True,True
10,LUNG1-389\STEP_11_GLCM_TEXTURE\GTV1_GLCM_summary.csv,1,10,Patient_ID,1,,True,True
10,LUNG1-389\STEP_12_LBP_TEXTURE\GTV1_LBP_summary.csv,1,10,Patient_ID,1,,True,True
10,LUNG1-390\STEP_11_GLCM_TEXTURE\GTV1_GLCM_summary.csv,1,10,Patient_ID,1,,True,True
10,LUNG1-390\STEP_12_LBP_TEXTURE\GTV1_LBP_summary.csv,1,10,Patient_ID,1,,True,True
10,LUNG1-391\STEP_11_GLCM_TEXTURE\GTV1_GLCM_summary.csv,1,10,Patient_ID,1,,True,True
10,LUNG1-391\STEP_12_LBP_TEXTURE\GTV1_LBP_summary.csv,1,10,Patient_ID,1,,True,True
10,LUNG1-392\STEP_11_GLCM_TEXTURE\GTV1_GLCM_summary.csv,1,10,Patient_ID,1,,True,True
10,LUNG1-392\STEP_12_LBP_TEXTURE\GTV1_LBP_summary.csv,1,10,Patient_ID,1,,True,True
10,LUNG1-393\STEP_11_GLCM_TEXTURE\GTV1_GLCM_summary.csv,1,10,Patient_ID,1,,True,True
10,LUNG1-393\STEP_12_LBP_TEXTURE\GTV1_LBP_summary.csv,1,10,Patient_ID,1,,True,True
10,LUNG1-394\STEP_11_GLCM_TEXTURE\GTV1_GLCM_summary.csv,1,10,Patient_ID,1,,True,True
10,LUNG1-394\STEP_12_LBP_TEXTURE\GTV1_LBP_summary.csv,1,10,Patient_ID,1,,True,True
10,LUNG1-395\STEP_11_GLCM_TEXTURE\GTV1_GLCM_summary.csv,1,10,Patient_ID,1,,True,True
10,LUNG1-395\STEP_12_LBP_TEXTURE\GTV1_LBP_summary.csv,1,10,Patient_ID,1,,True,True
10,LUNG1-396\STEP_11_GLCM_TEXTURE\GTV1_GLCM_summary.csv,1,10,Patient_ID,1,,True,True
10,LUNG1-396\STEP_12_LBP_TEXTURE\GTV1_LBP_summary.csv,1,10,Patient_ID,1,,True,True
10,LUNG1-397\STEP_11_GLCM_TEXTURE\GTV1_GLCM_summary.csv,1,10,Patient_ID,1,,True,True
10,LUNG1-397\STEP_12_LBP_TEXTURE\GTV1_LBP_summary.csv,1,10,Patient_ID,1,,True,True
10,LUNG1-398\STEP_11_GLCM_TEXTURE\GTV1_GLCM_summary.csv,1,10,Patient_ID,1,,True,True
10,LUNG1-398\STEP_12_LBP_TEXTURE\GTV1_LBP_summary.csv,1,10,Patient_ID,1,,True,True
10,LUNG1-399\STEP_11_GLCM_TEXTURE\GTV1_GLCM_summary.csv,1,10,Patient_ID,1,,True,True
10,LUNG1-399\STEP_12_LBP_TEXTURE\GTV1_LBP_summary.csv,1,10,Patient_ID,1,,True,True
10,LUNG1-400\STEP_11_GLCM_TEXTURE\GTV1_GLCM_summary.csv,1,10,Patient_ID,1,,True,True
10,LUNG1-400\STEP_12_LBP_TEXTURE\GTV1_LBP_summary.csv,1,10,Patient_ID,1,,True,True
10,LUNG1-401\STEP_11_GLCM_TEXTURE\GTV1_GLCM_summary.csv,1,10,Patient_ID,1,,True,True
10,LUNG1-401\STEP_12_LBP_TEXTURE\GTV1_LBP_summary.csv,1,10,Patient_ID,1,,True,True
10,LUNG1-402\STEP_11_GLCM_TEXTURE\GTV1_GLCM_summary.csv,1,10,Patient_ID,1,,True,True
10,LUNG1-402\STEP_12_LBP_TEXTURE\GTV1_LBP_summary.csv,1,10,Patient_ID,1,,True,True
10,LUNG1-403\STEP_11_GLCM_TEXTURE\GTV1_GLCM_summary.csv,1,10,Patient_ID,1,,True,True
10,LUNG1-403\STEP_12_LBP_TEXTURE\GTV1_LBP_summary.csv,1,10,Patient_ID,1,,True,True
10,LUNG1-404\STEP_11_GLCM_TEXTURE\GTV1_GLCM_summary.csv,1,10,Patient_ID,1,,True,True
10,LUNG1-404\STEP_12_LBP_TEXTURE\GTV1_LBP_summary.csv,1,10,Patient_ID,1,,True,True
10,LUNG1-405\STEP_11_GLCM_TEXTURE\GTV1_GLCM_summary.csv,1,10,Patient_ID,1,,True,True
10,LUNG1-405\STEP_12_LBP_TEXTURE\GTV1_LBP_summary.csv,1,10,Patient_ID,1,,True,True
10,LUNG1-406\STEP_11_GLCM_TEXTURE\GTV1_GLCM_summary.csv,1,10,Patient_ID,1,,True,True
10,LUNG1-406\STEP_12_LBP_TEXTURE\GTV1_LBP_summary.csv,1,10,Patient_ID,1,,True,True
10,LUNG1-407\STEP_11_GLCM_TEXTURE\GTV1_GLCM_summary.csv,1,10,Patient_ID,1,,True,True
10,LUNG1-407\STEP_12_LBP_TEXTURE\GTV1_LBP_summary.csv,1,10,Patient_ID,1,,True,True
10,LUNG1-408\STEP_11_GLCM_TEXTURE\GTV1_GLCM_summary.csv,1,10,Patient_ID,1,,True,True
10,LUNG1-408\STEP_12_LBP_TEXTURE\GTV1_LBP_summary.csv,1,10,Patient_ID,1,,True,True
10,LUNG1-409\STEP_11_GLCM_TEXTURE\GTV1_GLCM_summary.csv,1,10,Patient_ID,1,,True,True
10,LUNG1-409\STEP_12_LBP_TEXTURE\GTV1_LBP_summary.csv,1,10,Patient_ID,1,,True,True
10,LUNG1-410\STEP_11_GLCM_TEXTURE\GTV1_GLCM_summary.csv,1,10,Patient_ID,1,,True,True
10,LUNG1-410\STEP_12_LBP_TEXTURE\GTV1_LBP_summary.csv,1,10,Patient_ID,1,,True,True
10,LUNG1-411\STEP_11_GLCM_TEXTURE\GTV1_GLCM_summary.csv,1,10,Patient_ID,1,,True,True
10,LUNG1-411\STEP_12_LBP_TEXTURE\GTV1_LBP_summary.csv,1,10,Patient_ID,1,,True,True
10,LUNG1-412\STEP_11_GLCM_TEXTURE\GTV1_GLCM_summary.csv,1,10,Patient_ID,1,,True,True
10,LUNG1-412\STEP_12_LBP_TEXTURE\GTV1_LBP_summary.csv,1,10,Patient_ID,1,,True,True
10,LUNG1-413\STEP_11_GLCM_TEXTURE\GTV1_GLCM_summary.csv,1,10,Patient_ID,1,,True,True
10,LUNG1-413\STEP_12_LBP_TEXTURE\GTV1_LBP_summary.csv,1,10,Patient_ID,1,,True,True
10,LUNG1-414\STEP_11_GLCM_TEXTURE\GTV1_GLCM_summary.csv,1,10,Patient_ID,1,,True,True
10,LUNG1-414\STEP_12_LBP_TEXTURE\GTV1_LBP_summary.csv,1,10,Patient_ID,1,,True,True
10,LUNG1-415\STEP_11_GLCM_TEXTURE\GTV1_GLCM_summary.csv,1,10,Patient_ID,1,,True,True
10,LUNG1-415\STEP_12_LBP_TEXTURE\GTV1_LBP_summary.csv,1,10,Patient_ID,1,,True,True
10,LUNG1-416\STEP_11_GLCM_TEXTURE\GTV1_GLCM_summary.csv,1,10,Patient_ID,1,,True,True
10,LUNG1-416\STEP_12_LBP_TEXTURE\GTV1_LBP_summary.csv,1,10,Patient_ID,1,,True,True
10,LUNG1-417\STEP_11_GLCM_TEXTURE\GTV1_GLCM_summary.csv,1,10,Patient_ID,1,,True,True
10,LUNG1-417\STEP_12_LBP_TEXTURE\GTV1_LBP_summary.csv,1,10,Patient_ID,1,,True,True
10,LUNG1-418\STEP_11_GLCM_TEXTURE\GTV1_GLCM_summary.csv,1,10,Patient_ID,1,,True,True
10,LUNG1-418\STEP_12_LBP_TEXTURE\GTV1_LBP_summary.csv,1,10,Patient_ID,1,,True,True
10,LUNG1-419\STEP_11_GLCM_TEXTURE\GTV1_GLCM_summary.csv,1,10,Patient_ID,1,,True,True
10,LUNG1-419\STEP_12_LBP_TEXTURE\GTV1_LBP_summary.csv,1,10,Patient_ID,1,,True,True
10,LUNG1-420\STEP_11_GLCM_TEXTURE\GTV1_GLCM_summary.csv,1,10,Patient_ID,1,,True,True
10,LUNG1-420\STEP_12_LBP_TEXTURE\GTV1_LBP_summary.csv,1,10,Patient_ID,1,,True,True
10,LUNG1-421\STEP_11_GLCM_TEXTURE\GTV1_GLCM_summary.csv,1,10,Patient_ID,1,,True,True
10,LUNG1-421\STEP_12_LBP_TEXTURE\GTV1_LBP_summary.csv,1,10,Patient_ID,1,,True,True
10,LUNG1-422\STEP_11_GLCM_TEXTURE\GTV1_GLCM_summary.csv,1,10,Patient_ID,1,,True,True
10,LUNG1-422\STEP_12_LBP_TEXTURE\GTV1_LBP_summary.csv,1,10,Patient_ID,1,,True,True
10,STEP_11_GLCM_ALL_PATIENTS\STEP_11_All_Patients_GLCM_Features.csv,1,7,Patient_ID,1,,True,True
10,STEP_15_CLASSIFICATION_DATASET\STEP_15_All_Patients_Radiomic_Features.csv,1,18,Patient_ID,1,,True,True
0,LUNG1-001\69331\STEP_8_REGIONAL_MOMENT_DESCRIPTORS\GTV1_regional_moment_descriptors_with_formulas.csv,34,3,,0,,False,False
0,LUNG1-001\69331\STEP_8_REGIONAL_MOMENT_DESCRIPTORS\GTV1_regional_moment_descriptors.csv,32,2,,0,,False,False
0,LUNG1-001\69331\STEP_14_GTV1_CT_ALIGNMENT_QC\GTV1_CT_Alignment_QC_Summary.csv,19,2,,0,,False,False
0,LUNG1-001\69331\STEP_14_GTV1_CT_ALIGNMENT_QC\GTV1_HU_Statistics_QC.csv,10,2,,0,,False,False
0,LUNG1-001\69331\STEP_10_STATISTICAL_TEXTURE\GTV1_statistical_texture.csv,7,3,,0,,False,False
0,LUNG1-001\69331\STEP_10_STATISTICAL_TEXTURE\GTV1_statistical_texture_VALIDATED.csv,7,3,,0,,False,False
0,LUNG1-001\STEP_10_STATISTICAL_TEXTURE\GTV1_statistical_texture.csv,6,3,,0,,False,False
0,LUNG1-002\STEP_10_STATISTICAL_TEXTURE\GTV1_statistical_texture.csv,6,3,,0,,False,False
0,LUNG1-003\STEP_10_STATISTICAL_TEXTURE\GTV1_statistical_texture.csv,6,3,,0,,False,False
0,LUNG1-004\STEP_10_STATISTICAL_TEXTURE\GTV1_statistical_texture.csv,6,3,,0,,False,False
0,LUNG1-005\STEP_10_STATISTICAL_TEXTURE\GTV1_statistical_texture.csv,6,3,,0,,False,False
0,LUNG1-006\STEP_10_STATISTICAL_TEXTURE\GTV1_statistical_texture.csv,6,3,,0,,False,False
0,LUNG1-007\STEP_10_STATISTICAL_TEXTURE\GTV1_statistical_texture.csv,6,3,,0,,False,False
0,LUNG1-008\STEP_10_STATISTICAL_TEXTURE\GTV1_statistical_texture.csv,6,3,,0,,False,False
0,LUNG1-009\STEP_10_STATISTICAL_TEXTURE\GTV1_statistical_texture.csv,6,3,,0,,False,False
0,LUNG1-010\STEP_10_STATISTICAL_TEXTURE\GTV1_statistical_texture.csv,6,3,,0,,False,False
0,LUNG1-011\STEP_10_STATISTICAL_TEXTURE\GTV1_statistical_texture.csv,6,3,,0,,False,False
0,LUNG1-012\STEP_10_STATISTICAL_TEXTURE\GTV1_statistical_texture.csv,6,3,,0,,False,False
0,LUNG1-013\STEP_10_STATISTICAL_TEXTURE\GTV1_statistical_texture.csv,6,3,,0,,False,False
0,LUNG1-014\STEP_10_STATISTICAL_TEXTURE\GTV1_statistical_texture.csv,6,3,,0,,False,False
0,LUNG1-015\STEP_10_STATISTICAL_TEXTURE\GTV1_statistical_texture.csv,6,3,,0,,False,False
0,LUNG1-016\STEP_10_STATISTICAL_TEXTURE\GTV1_statistical_texture.csv,6,3,,0,,False,False
0,LUNG1-017\STEP_10_STATISTICAL_TEXTURE\GTV1_statistical_texture.csv,6,3,,0,,False,False
0,LUNG1-018\STEP_10_STATISTICAL_TEXTURE\GTV1_statistical_texture.csv,6,3,,0,,False,False
0,LUNG1-019\STEP_10_STATISTICAL_TEXTURE\GTV1_statistical_texture.csv,6,3,,0,,False,False
0,LUNG1-020\STEP_10_STATISTICAL_TEXTURE\GTV1_statistical_texture.csv,6,3,,0,,False,False
0,LUNG1-021\STEP_10_STATISTICAL_TEXTURE\GTV1_statistical_texture.csv,6,3,,0,,False,False
0,LUNG1-022\STEP_10_STATISTICAL_TEXTURE\GTV1_statistical_texture.csv,6,3,,0,,False,False
0,LUNG1-023\STEP_10_STATISTICAL_TEXTURE\GTV1_statistical_texture.csv,6,3,,0,,False,False
0,LUNG1-024\STEP_10_STATISTICAL_TEXTURE\GTV1_statistical_texture.csv,6,3,,0,,False,False
0,LUNG1-025\STEP_10_STATISTICAL_TEXTURE\GTV1_statistical_texture.csv,6,3,,0,,False,False
0,LUNG1-026\STEP_10_STATISTICAL_TEXTURE\GTV1_statistical_texture.csv,6,3,,0,,False,False
0,LUNG1-027\STEP_10_STATISTICAL_TEXTURE\GTV1_statistical_texture.csv,6,3,,0,,False,False
0,LUNG1-028\STEP_10_STATISTICAL_TEXTURE\GTV1_statistical_texture.csv,6,3,,0,,False,False
0,LUNG1-029\STEP_10_STATISTICAL_TEXTURE\GTV1_statistical_texture.csv,6,3,,0,,False,False
0,LUNG1-030\STEP_10_STATISTICAL_TEXTURE\GTV1_statistical_texture.csv,6,3,,0,,False,False
0,LUNG1-031\STEP_10_STATISTICAL_TEXTURE\GTV1_statistical_texture.csv,6,3,,0,,False,False
0,LUNG1-032\STEP_10_STATISTICAL_TEXTURE\GTV1_statistical_texture.csv,6,3,,0,,False,False
0,LUNG1-033\STEP_10_STATISTICAL_TEXTURE\GTV1_statistical_texture.csv,6,3,,0,,False,False
0,LUNG1-034\STEP_10_STATISTICAL_TEXTURE\GTV1_statistical_texture.csv,6,3,,0,,False,False
0,LUNG1-035\STEP_10_STATISTICAL_TEXTURE\GTV1_statistical_texture.csv,6,3,,0,,False,False
0,LUNG1-036\STEP_10_STATISTICAL_TEXTURE\GTV1_statistical_texture.csv,6,3,,0,,False,False
0,LUNG1-037\STEP_10_STATISTICAL_TEXTURE\GTV1_statistical_texture.csv,6,3,,0,,False,False
0,LUNG1-038\STEP_10_STATISTICAL_TEXTURE\GTV1_statistical_texture.csv,6,3,,0,,False,False
0,LUNG1-039\STEP_10_STATISTICAL_TEXTURE\GTV1_statistical_texture.csv,6,3,,0,,False,False
0,LUNG1-040\STEP_10_STATISTICAL_TEXTURE\GTV1_statistical_texture.csv,6,3,,0,,False,False
0,LUNG1-041\STEP_10_STATISTICAL_TEXTURE\GTV1_statistical_texture.csv,6,3,,0,,False,False
0,LUNG1-042\STEP_10_STATISTICAL_TEXTURE\GTV1_statistical_texture.csv,6,3,,0,,False,False
0,LUNG1-043\STEP_10_STATISTICAL_TEXTURE\GTV1_statistical_texture.csv,6,3,,0,,False,False
0,LUNG1-044\STEP_10_STATISTICAL_TEXTURE\GTV1_statistical_texture.csv,6,3,,0,,False,False
0,LUNG1-045\STEP_10_STATISTICAL_TEXTURE\GTV1_statistical_texture.csv,6,3,,0,,False,False
0,LUNG1-046\STEP_10_STATISTICAL_TEXTURE\GTV1_statistical_texture.csv,6,3,,0,,False,False
0,LUNG1-047\STEP_10_STATISTICAL_TEXTURE\GTV1_statistical_texture.csv,6,3,,0,,False,False
0,LUNG1-048\STEP_10_STATISTICAL_TEXTURE\GTV1_statistical_texture.csv,6,3,,0,,False,False
0,LUNG1-049\STEP_10_STATISTICAL_TEXTURE\GTV1_statistical_texture.csv,6,3,,0,,False,False
0,LUNG1-050\STEP_10_STATISTICAL_TEXTURE\GTV1_statistical_texture.csv,6,3,,0,,False,False
0,LUNG1-051\STEP_10_STATISTICAL_TEXTURE\GTV1_statistical_texture.csv,6,3,,0,,False,False
0,LUNG1-052\STEP_10_STATISTICAL_TEXTURE\GTV1_statistical_texture.csv,6,3,,0,,False,False
0,LUNG1-053\STEP_10_STATISTICAL_TEXTURE\GTV1_statistical_texture.csv,6,3,,0,,False,False
0,LUNG1-054\STEP_10_STATISTICAL_TEXTURE\GTV1_statistical_texture.csv,6,3,,0,,False,False
0,LUNG1-055\STEP_10_STATISTICAL_TEXTURE\GTV1_statistical_texture.csv,6,3,,0,,False,False
0,LUNG1-056\STEP_10_STATISTICAL_TEXTURE\GTV1_statistical_texture.csv,6,3,,0,,False,False
0,LUNG1-057\STEP_10_STATISTICAL_TEXTURE\GTV1_statistical_texture.csv,6,3,,0,,False,False
0,LUNG1-058\STEP_10_STATISTICAL_TEXTURE\GTV1_statistical_texture.csv,6,3,,0,,False,False
0,LUNG1-059\STEP_10_STATISTICAL_TEXTURE\GTV1_statistical_texture.csv,6,3,,0,,False,False
0,LUNG1-060\STEP_10_STATISTICAL_TEXTURE\GTV1_statistical_texture.csv,6,3,,0,,False,False
0,LUNG1-061\STEP_10_STATISTICAL_TEXTURE\GTV1_statistical_texture.csv,6,3,,0,,False,False
0,LUNG1-062\STEP_10_STATISTICAL_TEXTURE\GTV1_statistical_texture.csv,6,3,,0,,False,False
0,LUNG1-063\STEP_10_STATISTICAL_TEXTURE\GTV1_statistical_texture.csv,6,3,,0,,False,False
0,LUNG1-064\STEP_10_STATISTICAL_TEXTURE\GTV1_statistical_texture.csv,6,3,,0,,False,False
0,LUNG1-065\STEP_10_STATISTICAL_TEXTURE\GTV1_statistical_texture.csv,6,3,,0,,False,False
0,LUNG1-066\STEP_10_STATISTICAL_TEXTURE\GTV1_statistical_texture.csv,6,3,,0,,False,False
0,LUNG1-067\STEP_10_STATISTICAL_TEXTURE\GTV1_statistical_texture.csv,6,3,,0,,False,False
0,LUNG1-068\STEP_10_STATISTICAL_TEXTURE\GTV1_statistical_texture.csv,6,3,,0,,False,False
0,LUNG1-069\STEP_10_STATISTICAL_TEXTURE\GTV1_statistical_texture.csv,6,3,,0,,False,False
0,LUNG1-070\STEP_10_STATISTICAL_TEXTURE\GTV1_statistical_texture.csv,6,3,,0,,False,False
0,LUNG1-071\STEP_10_STATISTICAL_TEXTURE\GTV1_statistical_texture.csv,6,3,,0,,False,False
0,LUNG1-072\STEP_10_STATISTICAL_TEXTURE\GTV1_statistical_texture.csv,6,3,,0,,False,False
0,LUNG1-073\STEP_10_STATISTICAL_TEXTURE\GTV1_statistical_texture.csv,6,3,,0,,False,False
0,LUNG1-074\STEP_10_STATISTICAL_TEXTURE\GTV1_statistical_texture.csv,6,3,,0,,False,False
0,LUNG1-075\STEP_10_STATISTICAL_TEXTURE\GTV1_statistical_texture.csv,6,3,,0,,False,False
0,LUNG1-076\STEP_10_STATISTICAL_TEXTURE\GTV1_statistical_texture.csv,6,3,,0,,False,False
0,LUNG1-077\STEP_10_STATISTICAL_TEXTURE\GTV1_statistical_texture.csv,6,3,,0,,False,False
0,LUNG1-078\STEP_10_STATISTICAL_TEXTURE\GTV1_statistical_texture.csv,6,3,,0,,False,False
0,LUNG1-079\STEP_10_STATISTICAL_TEXTURE\GTV1_statistical_texture.csv,6,3,,0,,False,False
0,LUNG1-080\STEP_10_STATISTICAL_TEXTURE\GTV1_statistical_texture.csv,6,3,,0,,False,False
0,LUNG1-081\STEP_10_STATISTICAL_TEXTURE\GTV1_statistical_texture.csv,6,3,,0,,False,False
0,LUNG1-082\STEP_10_STATISTICAL_TEXTURE\GTV1_statistical_texture.csv,6,3,,0,,False,False
0,LUNG1-083\STEP_10_STATISTICAL_TEXTURE\GTV1_statistical_texture.csv,6,3,,0,,False,False
0,LUNG1-084\STEP_10_STATISTICAL_TEXTURE\GTV1_statistical_texture.csv,6,3,,0,,False,False
0,LUNG1-085\STEP_10_STATISTICAL_TEXTURE\GTV1_statistical_texture.csv,6,3,,0,,False,False
0,LUNG1-086\STEP_10_STATISTICAL_TEXTURE\GTV1_statistical_texture.csv,6,3,,0,,False,False
0,LUNG1-087\STEP_10_STATISTICAL_TEXTURE\GTV1_statistical_texture.csv,6,3,,0,,False,False
0,LUNG1-088\STEP_10_STATISTICAL_TEXTURE\GTV1_statistical_texture.csv,6,3,,0,,False,False
0,LUNG1-089\STEP_10_STATISTICAL_TEXTURE\GTV1_statistical_texture.csv,6,3,,0,,False,False
0,LUNG1-090\STEP_10_STATISTICAL_TEXTURE\GTV1_statistical_texture.csv,6,3,,0,,False,False
0,LUNG1-091\STEP_10_STATISTICAL_TEXTURE\GTV1_statistical_texture.csv,6,3,,0,,False,False
0,LUNG1-092\STEP_10_STATISTICAL_TEXTURE\GTV1_statistical_texture.csv,6,3,,0,,False,False
0,LUNG1-093\STEP_10_STATISTICAL_TEXTURE\GTV1_statistical_texture.csv,6,3,,0,,False,False
0,LUNG1-094\STEP_10_STATISTICAL_TEXTURE\GTV1_statistical_texture.csv,6,3,,0,,False,False
0,LUNG1-095\STEP_10_STATISTICAL_TEXTURE\GTV1_statistical_texture.csv,6,3,,0,,False,False
0,LUNG1-096\STEP_10_STATISTICAL_TEXTURE\GTV1_statistical_texture.csv,6,3,,0,,False,False
0,LUNG1-097\STEP_10_STATISTICAL_TEXTURE\GTV1_statistical_texture.csv,6,3,,0,,False,False
0,LUNG1-098\STEP_10_STATISTICAL_TEXTURE\GTV1_statistical_texture.csv,6,3,,0,,False,False
0,LUNG1-099\STEP_10_STATISTICAL_TEXTURE\GTV1_statistical_texture.csv,6,3,,0,,False,False
0,LUNG1-100\STEP_10_STATISTICAL_TEXTURE\GTV1_statistical_texture.csv,6,3,,0,,False,False
0,LUNG1-101\STEP_10_STATISTICAL_TEXTURE\GTV1_statistical_texture.csv,6,3,,0,,False,False
0,LUNG1-102\STEP_10_STATISTICAL_TEXTURE\GTV1_statistical_texture.csv,6,3,,0,,False,False
0,LUNG1-103\STEP_10_STATISTICAL_TEXTURE\GTV1_statistical_texture.csv,6,3,,0,,False,False
0,LUNG1-104\STEP_10_STATISTICAL_TEXTURE\GTV1_statistical_texture.csv,6,3,,0,,False,False
0,LUNG1-105\STEP_10_STATISTICAL_TEXTURE\GTV1_statistical_texture.csv,6,3,,0,,False,False
0,LUNG1-106\STEP_10_STATISTICAL_TEXTURE\GTV1_statistical_texture.csv,6,3,,0,,False,False
0,LUNG1-107\STEP_10_STATISTICAL_TEXTURE\GTV1_statistical_texture.csv,6,3,,0,,False,False
0,LUNG1-108\STEP_10_STATISTICAL_TEXTURE\GTV1_statistical_texture.csv,6,3,,0,,False,False
0,LUNG1-109\STEP_10_STATISTICAL_TEXTURE\GTV1_statistical_texture.csv,6,3,,0,,False,False
0,LUNG1-110\STEP_10_STATISTICAL_TEXTURE\GTV1_statistical_texture.csv,6,3,,0,,False,False
0,LUNG1-111\STEP_10_STATISTICAL_TEXTURE\GTV1_statistical_texture.csv,6,3,,0,,False,False
0,LUNG1-112\STEP_10_STATISTICAL_TEXTURE\GTV1_statistical_texture.csv,6,3,,0,,False,False
0,LUNG1-113\STEP_10_STATISTICAL_TEXTURE\GTV1_statistical_texture.csv,6,3,,0,,False,False
0,LUNG1-114\STEP_10_STATISTICAL_TEXTURE\GTV1_statistical_texture.csv,6,3,,0,,False,False
0,LUNG1-115\STEP_10_STATISTICAL_TEXTURE\GTV1_statistical_texture.csv,6,3,,0,,False,False
0,LUNG1-116\STEP_10_STATISTICAL_TEXTURE\GTV1_statistical_texture.csv,6,3,,0,,False,False
0,LUNG1-117\STEP_10_STATISTICAL_TEXTURE\GTV1_statistical_texture.csv,6,3,,0,,False,False
0,LUNG1-118\STEP_10_STATISTICAL_TEXTURE\GTV1_statistical_texture.csv,6,3,,0,,False,False
0,LUNG1-119\STEP_10_STATISTICAL_TEXTURE\GTV1_statistical_texture.csv,6,3,,0,,False,False
0,LUNG1-120\STEP_10_STATISTICAL_TEXTURE\GTV1_statistical_texture.csv,6,3,,0,,False,False
0,LUNG1-121\STEP_10_STATISTICAL_TEXTURE\GTV1_statistical_texture.csv,6,3,,0,,False,False
0,LUNG1-122\STEP_10_STATISTICAL_TEXTURE\GTV1_statistical_texture.csv,6,3,,0,,False,False
0,LUNG1-123\STEP_10_STATISTICAL_TEXTURE\GTV1_statistical_texture.csv,6,3,,0,,False,False
0,LUNG1-124\STEP_10_STATISTICAL_TEXTURE\GTV1_statistical_texture.csv,6,3,,0,,False,False
0,LUNG1-125\STEP_10_STATISTICAL_TEXTURE\GTV1_statistical_texture.csv,6,3,,0,,False,False
0,LUNG1-126\STEP_10_STATISTICAL_TEXTURE\GTV1_statistical_texture.csv,6,3,,0,,False,False
0,LUNG1-127\STEP_10_STATISTICAL_TEXTURE\GTV1_statistical_texture.csv,6,3,,0,,False,False
0,LUNG1-129\STEP_10_STATISTICAL_TEXTURE\GTV1_statistical_texture.csv,6,3,,0,,False,False
0,LUNG1-130\STEP_10_STATISTICAL_TEXTURE\GTV1_statistical_texture.csv,6,3,,0,,False,False
0,LUNG1-131\STEP_10_STATISTICAL_TEXTURE\GTV1_statistical_texture.csv,6,3,,0,,False,False
0,LUNG1-132\STEP_10_STATISTICAL_TEXTURE\GTV1_statistical_texture.csv,6,3,,0,,False,False
0,LUNG1-133\STEP_10_STATISTICAL_TEXTURE\GTV1_statistical_texture.csv,6,3,,0,,False,False
0,LUNG1-134\STEP_10_STATISTICAL_TEXTURE\GTV1_statistical_texture.csv,6,3,,0,,False,False
0,LUNG1-135\STEP_10_STATISTICAL_TEXTURE\GTV1_statistical_texture.csv,6,3,,0,,False,False
0,LUNG1-136\STEP_10_STATISTICAL_TEXTURE\GTV1_statistical_texture.csv,6,3,,0,,False,False
0,LUNG1-137\STEP_10_STATISTICAL_TEXTURE\GTV1_statistical_texture.csv,6,3,,0,,False,False
0,LUNG1-138\STEP_10_STATISTICAL_TEXTURE\GTV1_statistical_texture.csv,6,3,,0,,False,False
0,LUNG1-139\STEP_10_STATISTICAL_TEXTURE\GTV1_statistical_texture.csv,6,3,,0,,False,False
0,LUNG1-140\STEP_10_STATISTICAL_TEXTURE\GTV1_statistical_texture.csv,6,3,,0,,False,False
0,LUNG1-141\STEP_10_STATISTICAL_TEXTURE\GTV1_statistical_texture.csv,6,3,,0,,False,False
0,LUNG1-142\STEP_10_STATISTICAL_TEXTURE\GTV1_statistical_texture.csv,6,3,,0,,False,False
0,LUNG1-143\STEP_10_STATISTICAL_TEXTURE\GTV1_statistical_texture.csv,6,3,,0,,False,False
0,LUNG1-144\STEP_10_STATISTICAL_TEXTURE\GTV1_statistical_texture.csv,6,3,,0,,False,False
0,LUNG1-145\STEP_10_STATISTICAL_TEXTURE\GTV1_statistical_texture.csv,6,3,,0,,False,False
0,LUNG1-146\STEP_10_STATISTICAL_TEXTURE\GTV1_statistical_texture.csv,6,3,,0,,False,False
0,LUNG1-147\STEP_10_STATISTICAL_TEXTURE\GTV1_statistical_texture.csv,6,3,,0,,False,False
0,LUNG1-148\STEP_10_STATISTICAL_TEXTURE\GTV1_statistical_texture.csv,6,3,,0,,False,False
0,LUNG1-149\STEP_10_STATISTICAL_TEXTURE\GTV1_statistical_texture.csv,6,3,,0,,False,False
0,LUNG1-150\STEP_10_STATISTICAL_TEXTURE\GTV1_statistical_texture.csv,6,3,,0,,False,False
0,LUNG1-151\STEP_10_STATISTICAL_TEXTURE\GTV1_statistical_texture.csv,6,3,,0,,False,False
0,LUNG1-152\STEP_10_STATISTICAL_TEXTURE\GTV1_statistical_texture.csv,6,3,,0,,False,False
0,LUNG1-153\STEP_10_STATISTICAL_TEXTURE\GTV1_statistical_texture.csv,6,3,,0,,False,False
0,LUNG1-154\STEP_10_STATISTICAL_TEXTURE\GTV1_statistical_texture.csv,6,3,,0,,False,False
0,LUNG1-155\STEP_10_STATISTICAL_TEXTURE\GTV1_statistical_texture.csv,6,3,,0,,False,False
0,LUNG1-156\STEP_10_STATISTICAL_TEXTURE\GTV1_statistical_texture.csv,6,3,,0,,False,False
0,LUNG1-157\STEP_10_STATISTICAL_TEXTURE\GTV1_statistical_texture.csv,6,3,,0,,False,False
0,LUNG1-158\STEP_10_STATISTICAL_TEXTURE\GTV1_statistical_texture.csv,6,3,,0,,False,False
0,LUNG1-159\STEP_10_STATISTICAL_TEXTURE\GTV1_statistical_texture.csv,6,3,,0,,False,False
0,LUNG1-160\STEP_10_STATISTICAL_TEXTURE\GTV1_statistical_texture.csv,6,3,,0,,False,False
0,LUNG1-161\STEP_10_STATISTICAL_TEXTURE\GTV1_statistical_texture.csv,6,3,,0,,False,False
0,LUNG1-162\STEP_10_STATISTICAL_TEXTURE\GTV1_statistical_texture.csv,6,3,,0,,False,False
0,LUNG1-163\STEP_10_STATISTICAL_TEXTURE\GTV1_statistical_texture.csv,6,3,,0,,False,False
0,LUNG1-164\STEP_10_STATISTICAL_TEXTURE\GTV1_statistical_texture.csv,6,3,,0,,False,False
0,LUNG1-165\STEP_10_STATISTICAL_TEXTURE\GTV1_statistical_texture.csv,6,3,,0,,False,False
0,LUNG1-166\STEP_10_STATISTICAL_TEXTURE\GTV1_statistical_texture.csv,6,3,,0,,False,False
0,LUNG1-167\STEP_10_STATISTICAL_TEXTURE\GTV1_statistical_texture.csv,6,3,,0,,False,False
0,LUNG1-168\STEP_10_STATISTICAL_TEXTURE\GTV1_statistical_texture.csv,6,3,,0,,False,False
0,LUNG1-169\STEP_10_STATISTICAL_TEXTURE\GTV1_statistical_texture.csv,6,3,,0,,False,False
0,LUNG1-170\STEP_10_STATISTICAL_TEXTURE\GTV1_statistical_texture.csv,6,3,,0,,False,False
0,LUNG1-171\STEP_10_STATISTICAL_TEXTURE\GTV1_statistical_texture.csv,6,3,,0,,False,False
0,LUNG1-172\STEP_10_STATISTICAL_TEXTURE\GTV1_statistical_texture.csv,6,3,,0,,False,False
0,LUNG1-173\STEP_10_STATISTICAL_TEXTURE\GTV1_statistical_texture.csv,6,3,,0,,False,False
0,LUNG1-174\STEP_10_STATISTICAL_TEXTURE\GTV1_statistical_texture.csv,6,3,,0,,False,False
0,LUNG1-175\STEP_10_STATISTICAL_TEXTURE\GTV1_statistical_texture.csv,6,3,,0,,False,False
0,LUNG1-176\STEP_10_STATISTICAL_TEXTURE\GTV1_statistical_texture.csv,6,3,,0,,False,False
0,LUNG1-177\STEP_10_STATISTICAL_TEXTURE\GTV1_statistical_texture.csv,6,3,,0,,False,False
0,LUNG1-178\STEP_10_STATISTICAL_TEXTURE\GTV1_statistical_texture.csv,6,3,,0,,False,False
0,LUNG1-179\STEP_10_STATISTICAL_TEXTURE\GTV1_statistical_texture.csv,6,3,,0,,False,False
0,LUNG1-180\STEP_10_STATISTICAL_TEXTURE\GTV1_statistical_texture.csv,6,3,,0,,False,False
0,LUNG1-181\STEP_10_STATISTICAL_TEXTURE\GTV1_statistical_texture.csv,6,3,,0,,False,False
0,LUNG1-182\STEP_10_STATISTICAL_TEXTURE\GTV1_statistical_texture.csv,6,3,,0,,False,False
0,LUNG1-183\STEP_10_STATISTICAL_TEXTURE\GTV1_statistical_texture.csv,6,3,,0,,False,False
0,LUNG1-184\STEP_10_STATISTICAL_TEXTURE\GTV1_statistical_texture.csv,6,3,,0,,False,False
0,LUNG1-185\STEP_10_STATISTICAL_TEXTURE\GTV1_statistical_texture.csv,6,3,,0,,False,False
0,LUNG1-186\STEP_10_STATISTICAL_TEXTURE\GTV1_statistical_texture.csv,6,3,,0,,False,False
0,LUNG1-187\STEP_10_STATISTICAL_TEXTURE\GTV1_statistical_texture.csv,6,3,,0,,False,False
0,LUNG1-188\STEP_10_STATISTICAL_TEXTURE\GTV1_statistical_texture.csv,6,3,,0,,False,False
0,LUNG1-189\STEP_10_STATISTICAL_TEXTURE\GTV1_statistical_texture.csv,6,3,,0,,False,False
0,LUNG1-190\STEP_10_STATISTICAL_TEXTURE\GTV1_statistical_texture.csv,6,3,,0,,False,False
0,LUNG1-191\STEP_10_STATISTICAL_TEXTURE\GTV1_statistical_texture.csv,6,3,,0,,False,False
0,LUNG1-192\STEP_10_STATISTICAL_TEXTURE\GTV1_statistical_texture.csv,6,3,,0,,False,False
0,LUNG1-193\STEP_10_STATISTICAL_TEXTURE\GTV1_statistical_texture.csv,6,3,,0,,False,False
0,LUNG1-194\STEP_10_STATISTICAL_TEXTURE\GTV1_statistical_texture.csv,6,3,,0,,False,False
0,LUNG1-195\STEP_10_STATISTICAL_TEXTURE\GTV1_statistical_texture.csv,6,3,,0,,False,False
0,LUNG1-196\STEP_10_STATISTICAL_TEXTURE\GTV1_statistical_texture.csv,6,3,,0,,False,False
0,LUNG1-197\STEP_10_STATISTICAL_TEXTURE\GTV1_statistical_texture.csv,6,3,,0,,False,False
0,LUNG1-198\STEP_10_STATISTICAL_TEXTURE\GTV1_statistical_texture.csv,6,3,,0,,False,False
0,LUNG1-199\STEP_10_STATISTICAL_TEXTURE\GTV1_statistical_texture.csv,6,3,,0,,False,False
0,LUNG1-200\STEP_10_STATISTICAL_TEXTURE\GTV1_statistical_texture.csv,6,3,,0,,False,False
0,LUNG1-201\STEP_10_STATISTICAL_TEXTURE\GTV1_statistical_texture.csv,6,3,,0,,False,False
0,LUNG1-202\STEP_10_STATISTICAL_TEXTURE\GTV1_statistical_texture.csv,6,3,,0,,False,False
0,LUNG1-203\STEP_10_STATISTICAL_TEXTURE\GTV1_statistical_texture.csv,6,3,,0,,False,False
0,LUNG1-204\STEP_10_STATISTICAL_TEXTURE\GTV1_statistical_texture.csv,6,3,,0,,False,False
0,LUNG1-205\STEP_10_STATISTICAL_TEXTURE\GTV1_statistical_texture.csv,6,3,,0,,False,False
0,LUNG1-206\STEP_10_STATISTICAL_TEXTURE\GTV1_statistical_texture.csv,6,3,,0,,False,False
0,LUNG1-207\STEP_10_STATISTICAL_TEXTURE\GTV1_statistical_texture.csv,6,3,,0,,False,False
0,LUNG1-208\STEP_10_STATISTICAL_TEXTURE\GTV1_statistical_texture.csv,6,3,,0,,False,False
0,LUNG1-209\STEP_10_STATISTICAL_TEXTURE\GTV1_statistical_texture.csv,6,3,,0,,False,False
0,LUNG1-210\STEP_10_STATISTICAL_TEXTURE\GTV1_statistical_texture.csv,6,3,,0,,False,False
0,LUNG1-211\STEP_10_STATISTICAL_TEXTURE\GTV1_statistical_texture.csv,6,3,,0,,False,False
0,LUNG1-212\STEP_10_STATISTICAL_TEXTURE\GTV1_statistical_texture.csv,6,3,,0,,False,False
0,LUNG1-213\STEP_10_STATISTICAL_TEXTURE\GTV1_statistical_texture.csv,6,3,,0,,False,False
0,LUNG1-214\STEP_10_STATISTICAL_TEXTURE\GTV1_statistical_texture.csv,6,3,,0,,False,False
0,LUNG1-215\STEP_10_STATISTICAL_TEXTURE\GTV1_statistical_texture.csv,6,3,,0,,False,False
0,LUNG1-216\STEP_10_STATISTICAL_TEXTURE\GTV1_statistical_texture.csv,6,3,,0,,False,False
0,LUNG1-217\STEP_10_STATISTICAL_TEXTURE\GTV1_statistical_texture.csv,6,3,,0,,False,False
0,LUNG1-218\STEP_10_STATISTICAL_TEXTURE\GTV1_statistical_texture.csv,6,3,,0,,False,False
0,LUNG1-219\STEP_10_STATISTICAL_TEXTURE\GTV1_statistical_texture.csv,6,3,,0,,False,False
0,LUNG1-220\STEP_10_STATISTICAL_TEXTURE\GTV1_statistical_texture.csv,6,3,,0,,False,False
0,LUNG1-221\STEP_10_STATISTICAL_TEXTURE\GTV1_statistical_texture.csv,6,3,,0,,False,False
0,LUNG1-222\STEP_10_STATISTICAL_TEXTURE\GTV1_statistical_texture.csv,6,3,,0,,False,False
0,LUNG1-223\STEP_10_STATISTICAL_TEXTURE\GTV1_statistical_texture.csv,6,3,,0,,False,False
0,LUNG1-224\STEP_10_STATISTICAL_TEXTURE\GTV1_statistical_texture.csv,6,3,,0,,False,False
0,LUNG1-225\STEP_10_STATISTICAL_TEXTURE\GTV1_statistical_texture.csv,6,3,,0,,False,False
0,LUNG1-226\STEP_10_STATISTICAL_TEXTURE\GTV1_statistical_texture.csv,6,3,,0,,False,False
0,LUNG1-227\STEP_10_STATISTICAL_TEXTURE\GTV1_statistical_texture.csv,6,3,,0,,False,False
0,LUNG1-228\STEP_10_STATISTICAL_TEXTURE\GTV1_statistical_texture.csv,6,3,,0,,False,False
0,LUNG1-229\STEP_10_STATISTICAL_TEXTURE\GTV1_statistical_texture.csv,6,3,,0,,False,False
0,LUNG1-230\STEP_10_STATISTICAL_TEXTURE\GTV1_statistical_texture.csv,6,3,,0,,False,False
0,LUNG1-231\STEP_10_STATISTICAL_TEXTURE\GTV1_statistical_texture.csv,6,3,,0,,False,False
0,LUNG1-232\STEP_10_STATISTICAL_TEXTURE\GTV1_statistical_texture.csv,6,3,,0,,False,False
0,LUNG1-233\STEP_10_STATISTICAL_TEXTURE\GTV1_statistical_texture.csv,6,3,,0,,False,False
0,LUNG1-234\STEP_10_STATISTICAL_TEXTURE\GTV1_statistical_texture.csv,6,3,,0,,False,False
0,LUNG1-235\STEP_10_STATISTICAL_TEXTURE\GTV1_statistical_texture.csv,6,3,,0,,False,False
0,LUNG1-236\STEP_10_STATISTICAL_TEXTURE\GTV1_statistical_texture.csv,6,3,,0,,False,False
0,LUNG1-237\STEP_10_STATISTICAL_TEXTURE\GTV1_statistical_texture.csv,6,3,,0,,False,False
0,LUNG1-238\STEP_10_STATISTICAL_TEXTURE\GTV1_statistical_texture.csv,6,3,,0,,False,False
0,LUNG1-239\STEP_10_STATISTICAL_TEXTURE\GTV1_statistical_texture.csv,6,3,,0,,False,False
0,LUNG1-240\STEP_10_STATISTICAL_TEXTURE\GTV1_statistical_texture.csv,6,3,,0,,False,False
0,LUNG1-241\STEP_10_STATISTICAL_TEXTURE\GTV1_statistical_texture.csv,6,3,,0,,False,False
0,LUNG1-242\STEP_10_STATISTICAL_TEXTURE\GTV1_statistical_texture.csv,6,3,,0,,False,False
0,LUNG1-243\STEP_10_STATISTICAL_TEXTURE\GTV1_statistical_texture.csv,6,3,,0,,False,False
0,LUNG1-244\STEP_10_STATISTICAL_TEXTURE\GTV1_statistical_texture.csv,6,3,,0,,False,False
0,LUNG1-245\STEP_10_STATISTICAL_TEXTURE\GTV1_statistical_texture.csv,6,3,,0,,False,False
0,LUNG1-246\STEP_10_STATISTICAL_TEXTURE\GTV1_statistical_texture.csv,6,3,,0,,False,False
0,LUNG1-247\STEP_10_STATISTICAL_TEXTURE\GTV1_statistical_texture.csv,6,3,,0,,False,False
0,LUNG1-248\STEP_10_STATISTICAL_TEXTURE\GTV1_statistical_texture.csv,6,3,,0,,False,False
0,LUNG1-249\STEP_10_STATISTICAL_TEXTURE\GTV1_statistical_texture.csv,6,3,,0,,False,False
0,LUNG1-250\STEP_10_STATISTICAL_TEXTURE\GTV1_statistical_texture.csv,6,3,,0,,False,False
0,LUNG1-251\STEP_10_STATISTICAL_TEXTURE\GTV1_statistical_texture.csv,6,3,,0,,False,False
0,LUNG1-252\STEP_10_STATISTICAL_TEXTURE\GTV1_statistical_texture.csv,6,3,,0,,False,False
0,LUNG1-253\STEP_10_STATISTICAL_TEXTURE\GTV1_statistical_texture.csv,6,3,,0,,False,False
0,LUNG1-254\STEP_10_STATISTICAL_TEXTURE\GTV1_statistical_texture.csv,6,3,,0,,False,False
0,LUNG1-255\STEP_10_STATISTICAL_TEXTURE\GTV1_statistical_texture.csv,6,3,,0,,False,False
0,LUNG1-256\STEP_10_STATISTICAL_TEXTURE\GTV1_statistical_texture.csv,6,3,,0,,False,False
0,LUNG1-257\STEP_10_STATISTICAL_TEXTURE\GTV1_statistical_texture.csv,6,3,,0,,False,False
0,LUNG1-258\STEP_10_STATISTICAL_TEXTURE\GTV1_statistical_texture.csv,6,3,,0,,False,False
0,LUNG1-259\STEP_10_STATISTICAL_TEXTURE\GTV1_statistical_texture.csv,6,3,,0,,False,False
0,LUNG1-260\STEP_10_STATISTICAL_TEXTURE\GTV1_statistical_texture.csv,6,3,,0,,False,False
0,LUNG1-261\STEP_10_STATISTICAL_TEXTURE\GTV1_statistical_texture.csv,6,3,,0,,False,False
0,LUNG1-262\STEP_10_STATISTICAL_TEXTURE\GTV1_statistical_texture.csv,6,3,,0,,False,False
0,LUNG1-263\STEP_10_STATISTICAL_TEXTURE\GTV1_statistical_texture.csv,6,3,,0,,False,False
0,LUNG1-264\STEP_10_STATISTICAL_TEXTURE\GTV1_statistical_texture.csv,6,3,,0,,False,False
0,LUNG1-265\STEP_10_STATISTICAL_TEXTURE\GTV1_statistical_texture.csv,6,3,,0,,False,False
0,LUNG1-266\STEP_10_STATISTICAL_TEXTURE\GTV1_statistical_texture.csv,6,3,,0,,False,False
0,LUNG1-267\STEP_10_STATISTICAL_TEXTURE\GTV1_statistical_texture.csv,6,3,,0,,False,False
0,LUNG1-268\STEP_10_STATISTICAL_TEXTURE\GTV1_statistical_texture.csv,6,3,,0,,False,False
0,LUNG1-269\STEP_10_STATISTICAL_TEXTURE\GTV1_statistical_texture.csv,6,3,,0,,False,False
0,LUNG1-270\STEP_10_STATISTICAL_TEXTURE\GTV1_statistical_texture.csv,6,3,,0,,False,False
0,LUNG1-271\STEP_10_STATISTICAL_TEXTURE\GTV1_statistical_texture.csv,6,3,,0,,False,False
0,LUNG1-272\STEP_10_STATISTICAL_TEXTURE\GTV1_statistical_texture.csv,6,3,,0,,False,False
0,LUNG1-273\STEP_10_STATISTICAL_TEXTURE\GTV1_statistical_texture.csv,6,3,,0,,False,False
0,LUNG1-274\STEP_10_STATISTICAL_TEXTURE\GTV1_statistical_texture.csv,6,3,,0,,False,False
0,LUNG1-275\STEP_10_STATISTICAL_TEXTURE\GTV1_statistical_texture.csv,6,3,,0,,False,False
0,LUNG1-276\STEP_10_STATISTICAL_TEXTURE\GTV1_statistical_texture.csv,6,3,,0,,False,False
0,LUNG1-277\STEP_10_STATISTICAL_TEXTURE\GTV1_statistical_texture.csv,6,3,,0,,False,False
0,LUNG1-278\STEP_10_STATISTICAL_TEXTURE\GTV1_statistical_texture.csv,6,3,,0,,False,False
0,LUNG1-279\STEP_10_STATISTICAL_TEXTURE\GTV1_statistical_texture.csv,6,3,,0,,False,False
0,LUNG1-280\STEP_10_STATISTICAL_TEXTURE\GTV1_statistical_texture.csv,6,3,,0,,False,False
0,LUNG1-281\STEP_10_STATISTICAL_TEXTURE\GTV1_statistical_texture.csv,6,3,,0,,False,False
0,LUNG1-282\STEP_10_STATISTICAL_TEXTURE\GTV1_statistical_texture.csv,6,3,,0,,False,False
0,LUNG1-283\STEP_10_STATISTICAL_TEXTURE\GTV1_statistical_texture.csv,6,3,,0,,False,False
0,LUNG1-284\STEP_10_STATISTICAL_TEXTURE\GTV1_statistical_texture.csv,6,3,,0,,False,False
0,LUNG1-285\STEP_10_STATISTICAL_TEXTURE\GTV1_statistical_texture.csv,6,3,,0,,False,False
0,LUNG1-286\STEP_10_STATISTICAL_TEXTURE\GTV1_statistical_texture.csv,6,3,,0,,False,False
0,LUNG1-287\STEP_10_STATISTICAL_TEXTURE\GTV1_statistical_texture.csv,6,3,,0,,False,False
0,LUNG1-288\STEP_10_STATISTICAL_TEXTURE\GTV1_statistical_texture.csv,6,3,,0,,False,False
0,LUNG1-289\STEP_10_STATISTICAL_TEXTURE\GTV1_statistical_texture.csv,6,3,,0,,False,False
0,LUNG1-290\STEP_10_STATISTICAL_TEXTURE\GTV1_statistical_texture.csv,6,3,,0,,False,False
0,LUNG1-291\STEP_10_STATISTICAL_TEXTURE\GTV1_statistical_texture.csv,6,3,,0,,False,False
0,LUNG1-292\STEP_10_STATISTICAL_TEXTURE\GTV1_statistical_texture.csv,6,3,,0,,False,False
0,LUNG1-293\STEP_10_STATISTICAL_TEXTURE\GTV1_statistical_texture.csv,6,3,,0,,False,False
0,LUNG1-294\STEP_10_STATISTICAL_TEXTURE\GTV1_statistical_texture.csv,6,3,,0,,False,False
0,LUNG1-295\STEP_10_STATISTICAL_TEXTURE\GTV1_statistical_texture.csv,6,3,,0,,False,False
0,LUNG1-296\STEP_10_STATISTICAL_TEXTURE\GTV1_statistical_texture.csv,6,3,,0,,False,False
0,LUNG1-297\STEP_10_STATISTICAL_TEXTURE\GTV1_statistical_texture.csv,6,3,,0,,False,False
0,LUNG1-298\STEP_10_STATISTICAL_TEXTURE\GTV1_statistical_texture.csv,6,3,,0,,False,False
0,LUNG1-299\STEP_10_STATISTICAL_TEXTURE\GTV1_statistical_texture.csv,6,3,,0,,False,False
0,LUNG1-300\STEP_10_STATISTICAL_TEXTURE\GTV1_statistical_texture.csv,6,3,,0,,False,False
0,LUNG1-301\STEP_10_STATISTICAL_TEXTURE\GTV1_statistical_texture.csv,6,3,,0,,False,False
0,LUNG1-302\STEP_10_STATISTICAL_TEXTURE\GTV1_statistical_texture.csv,6,3,,0,,False,False
0,LUNG1-303\STEP_10_STATISTICAL_TEXTURE\GTV1_statistical_texture.csv,6,3,,0,,False,False
0,LUNG1-304\STEP_10_STATISTICAL_TEXTURE\GTV1_statistical_texture.csv,6,3,,0,,False,False
0,LUNG1-305\STEP_10_STATISTICAL_TEXTURE\GTV1_statistical_texture.csv,6,3,,0,,False,False
0,LUNG1-306\STEP_10_STATISTICAL_TEXTURE\GTV1_statistical_texture.csv,6,3,,0,,False,False
0,LUNG1-307\STEP_10_STATISTICAL_TEXTURE\GTV1_statistical_texture.csv,6,3,,0,,False,False
0,LUNG1-308\STEP_10_STATISTICAL_TEXTURE\GTV1_statistical_texture.csv,6,3,,0,,False,False
0,LUNG1-309\STEP_10_STATISTICAL_TEXTURE\GTV1_statistical_texture.csv,6,3,,0,,False,False
0,LUNG1-310\STEP_10_STATISTICAL_TEXTURE\GTV1_statistical_texture.csv,6,3,,0,,False,False
0,LUNG1-311\STEP_10_STATISTICAL_TEXTURE\GTV1_statistical_texture.csv,6,3,,0,,False,False
0,LUNG1-312\STEP_10_STATISTICAL_TEXTURE\GTV1_statistical_texture.csv,6,3,,0,,False,False
0,LUNG1-313\STEP_10_STATISTICAL_TEXTURE\GTV1_statistical_texture.csv,6,3,,0,,False,False
0,LUNG1-314\STEP_10_STATISTICAL_TEXTURE\GTV1_statistical_texture.csv,6,3,,0,,False,False
0,LUNG1-315\STEP_10_STATISTICAL_TEXTURE\GTV1_statistical_texture.csv,6,3,,0,,False,False
0,LUNG1-316\STEP_10_STATISTICAL_TEXTURE\GTV1_statistical_texture.csv,6,3,,0,,False,False
0,LUNG1-317\STEP_10_STATISTICAL_TEXTURE\GTV1_statistical_texture.csv,6,3,,0,,False,False
0,LUNG1-318\STEP_10_STATISTICAL_TEXTURE\GTV1_statistical_texture.csv,6,3,,0,,False,False
0,LUNG1-319\STEP_10_STATISTICAL_TEXTURE\GTV1_statistical_texture.csv,6,3,,0,,False,False
0,LUNG1-320\STEP_10_STATISTICAL_TEXTURE\GTV1_statistical_texture.csv,6,3,,0,,False,False
0,LUNG1-321\STEP_10_STATISTICAL_TEXTURE\GTV1_statistical_texture.csv,6,3,,0,,False,False
0,LUNG1-322\STEP_10_STATISTICAL_TEXTURE\GTV1_statistical_texture.csv,6,3,,0,,False,False
0,LUNG1-323\STEP_10_STATISTICAL_TEXTURE\GTV1_statistical_texture.csv,6,3,,0,,False,False
0,LUNG1-324\STEP_10_STATISTICAL_TEXTURE\GTV1_statistical_texture.csv,6,3,,0,,False,False
0,LUNG1-325\STEP_10_STATISTICAL_TEXTURE\GTV1_statistical_texture.csv,6,3,,0,,False,False
0,LUNG1-326\STEP_10_STATISTICAL_TEXTURE\GTV1_statistical_texture.csv,6,3,,0,,False,False
0,LUNG1-327\STEP_10_STATISTICAL_TEXTURE\GTV1_statistical_texture.csv,6,3,,0,,False,False
0,LUNG1-328\STEP_10_STATISTICAL_TEXTURE\GTV1_statistical_texture.csv,6,3,,0,,False,False
0,LUNG1-329\STEP_10_STATISTICAL_TEXTURE\GTV1_statistical_texture.csv,6,3,,0,,False,False
0,LUNG1-330\STEP_10_STATISTICAL_TEXTURE\GTV1_statistical_texture.csv,6,3,,0,,False,False
0,LUNG1-331\STEP_10_STATISTICAL_TEXTURE\GTV1_statistical_texture.csv,6,3,,0,,False,False
0,LUNG1-332\STEP_10_STATISTICAL_TEXTURE\GTV1_statistical_texture.csv,6,3,,0,,False,False
0,LUNG1-333\STEP_10_STATISTICAL_TEXTURE\GTV1_statistical_texture.csv,6,3,,0,,False,False
0,LUNG1-334\STEP_10_STATISTICAL_TEXTURE\GTV1_statistical_texture.csv,6,3,,0,,False,False
0,LUNG1-335\STEP_10_STATISTICAL_TEXTURE\GTV1_statistical_texture.csv,6,3,,0,,False,False
0,LUNG1-336\STEP_10_STATISTICAL_TEXTURE\GTV1_statistical_texture.csv,6,3,,0,,False,False
0,LUNG1-337\STEP_10_STATISTICAL_TEXTURE\GTV1_statistical_texture.csv,6,3,,0,,False,False
0,LUNG1-338\STEP_10_STATISTICAL_TEXTURE\GTV1_statistical_texture.csv,6,3,,0,,False,False
0,LUNG1-339\STEP_10_STATISTICAL_TEXTURE\GTV1_statistical_texture.csv,6,3,,0,,False,False
0,LUNG1-340\STEP_10_STATISTICAL_TEXTURE\GTV1_statistical_texture.csv,6,3,,0,,False,False
0,LUNG1-341\STEP_10_STATISTICAL_TEXTURE\GTV1_statistical_texture.csv,6,3,,0,,False,False
0,LUNG1-342\STEP_10_STATISTICAL_TEXTURE\GTV1_statistical_texture.csv,6,3,,0,,False,False
0,LUNG1-343\STEP_10_STATISTICAL_TEXTURE\GTV1_statistical_texture.csv,6,3,,0,,False,False
0,LUNG1-344\STEP_10_STATISTICAL_TEXTURE\GTV1_statistical_texture.csv,6,3,,0,,False,False
0,LUNG1-345\STEP_10_STATISTICAL_TEXTURE\GTV1_statistical_texture.csv,6,3,,0,,False,False
0,LUNG1-346\STEP_10_STATISTICAL_TEXTURE\GTV1_statistical_texture.csv,6,3,,0,,False,False
0,LUNG1-347\STEP_10_STATISTICAL_TEXTURE\GTV1_statistical_texture.csv,6,3,,0,,False,False
0,LUNG1-348\STEP_10_STATISTICAL_TEXTURE\GTV1_statistical_texture.csv,6,3,,0,,False,False
0,LUNG1-349\STEP_10_STATISTICAL_TEXTURE\GTV1_statistical_texture.csv,6,3,,0,,False,False
0,LUNG1-350\STEP_10_STATISTICAL_TEXTURE\GTV1_statistical_texture.csv,6,3,,0,,False,False
0,LUNG1-351\STEP_10_STATISTICAL_TEXTURE\GTV1_statistical_texture.csv,6,3,,0,,False,False
0,LUNG1-352\STEP_10_STATISTICAL_TEXTURE\GTV1_statistical_texture.csv,6,3,,0,,False,False
0,LUNG1-353\STEP_10_STATISTICAL_TEXTURE\GTV1_statistical_texture.csv,6,3,,0,,False,False
0,LUNG1-354\STEP_10_STATISTICAL_TEXTURE\GTV1_statistical_texture.csv,6,3,,0,,False,False
0,LUNG1-355\STEP_10_STATISTICAL_TEXTURE\GTV1_statistical_texture.csv,6,3,,0,,False,False
0,LUNG1-356\STEP_10_STATISTICAL_TEXTURE\GTV1_statistical_texture.csv,6,3,,0,,False,False
0,LUNG1-357\STEP_10_STATISTICAL_TEXTURE\GTV1_statistical_texture.csv,6,3,,0,,False,False
0,LUNG1-358\STEP_10_STATISTICAL_TEXTURE\GTV1_statistical_texture.csv,6,3,,0,,False,False
0,LUNG1-359\STEP_10_STATISTICAL_TEXTURE\GTV1_statistical_texture.csv,6,3,,0,,False,False
0,LUNG1-360\STEP_10_STATISTICAL_TEXTURE\GTV1_statistical_texture.csv,6,3,,0,,False,False
0,LUNG1-361\STEP_10_STATISTICAL_TEXTURE\GTV1_statistical_texture.csv,6,3,,0,,False,False
0,LUNG1-362\STEP_10_STATISTICAL_TEXTURE\GTV1_statistical_texture.csv,6,3,,0,,False,False
0,LUNG1-363\STEP_10_STATISTICAL_TEXTURE\GTV1_statistical_texture.csv,6,3,,0,,False,False
0,LUNG1-364\STEP_10_STATISTICAL_TEXTURE\GTV1_statistical_texture.csv,6,3,,0,,False,False
0,LUNG1-365\STEP_10_STATISTICAL_TEXTURE\GTV1_statistical_texture.csv,6,3,,0,,False,False
0,LUNG1-366\STEP_10_STATISTICAL_TEXTURE\GTV1_statistical_texture.csv,6,3,,0,,False,False
0,LUNG1-367\STEP_10_STATISTICAL_TEXTURE\GTV1_statistical_texture.csv,6,3,,0,,False,False
0,LUNG1-368\STEP_10_STATISTICAL_TEXTURE\GTV1_statistical_texture.csv,6,3,,0,,False,False
0,LUNG1-369\STEP_10_STATISTICAL_TEXTURE\GTV1_statistical_texture.csv,6,3,,0,,False,False
0,LUNG1-370\STEP_10_STATISTICAL_TEXTURE\GTV1_statistical_texture.csv,6,3,,0,,False,False
0,LUNG1-371\STEP_10_STATISTICAL_TEXTURE\GTV1_statistical_texture.csv,6,3,,0,,False,False
0,LUNG1-372\STEP_10_STATISTICAL_TEXTURE\GTV1_statistical_texture.csv,6,3,,0,,False,False
0,LUNG1-373\STEP_10_STATISTICAL_TEXTURE\GTV1_statistical_texture.csv,6,3,,0,,False,False
0,LUNG1-374\STEP_10_STATISTICAL_TEXTURE\GTV1_statistical_texture.csv,6,3,,0,,False,False
0,LUNG1-375\STEP_10_STATISTICAL_TEXTURE\GTV1_statistical_texture.csv,6,3,,0,,False,False
0,LUNG1-376\STEP_10_STATISTICAL_TEXTURE\GTV1_statistical_texture.csv,6,3,,0,,False,False
0,LUNG1-377\STEP_10_STATISTICAL_TEXTURE\GTV1_statistical_texture.csv,6,3,,0,,False,False
0,LUNG1-378\STEP_10_STATISTICAL_TEXTURE\GTV1_statistical_texture.csv,6,3,,0,,False,False
0,LUNG1-379\STEP_10_STATISTICAL_TEXTURE\GTV1_statistical_texture.csv,6,3,,0,,False,False
0,LUNG1-380\STEP_10_STATISTICAL_TEXTURE\GTV1_statistical_texture.csv,6,3,,0,,False,False
0,LUNG1-381\STEP_10_STATISTICAL_TEXTURE\GTV1_statistical_texture.csv,6,3,,0,,False,False
0,LUNG1-382\STEP_10_STATISTICAL_TEXTURE\GTV1_statistical_texture.csv,6,3,,0,,False,False
0,LUNG1-383\STEP_10_STATISTICAL_TEXTURE\GTV1_statistical_texture.csv,6,3,,0,,False,False
0,LUNG1-384\STEP_10_STATISTICAL_TEXTURE\GTV1_statistical_texture.csv,6,3,,0,,False,False
0,LUNG1-385\STEP_10_STATISTICAL_TEXTURE\GTV1_statistical_texture.csv,6,3,,0,,False,False
0,LUNG1-386\STEP_10_STATISTICAL_TEXTURE\GTV1_statistical_texture.csv,6,3,,0,,False,False
0,LUNG1-387\STEP_10_STATISTICAL_TEXTURE\GTV1_statistical_texture.csv,6,3,,0,,False,False
0,LUNG1-388\STEP_10_STATISTICAL_TEXTURE\GTV1_statistical_texture.csv,6,3,,0,,False,False
0,LUNG1-389\STEP_10_STATISTICAL_TEXTURE\GTV1_statistical_texture.csv,6,3,,0,,False,False
0,LUNG1-390\STEP_10_STATISTICAL_TEXTURE\GTV1_statistical_texture.csv,6,3,,0,,False,False
0,LUNG1-391\STEP_10_STATISTICAL_TEXTURE\GTV1_statistical_texture.csv,6,3,,0,,False,False
0,LUNG1-392\STEP_10_STATISTICAL_TEXTURE\GTV1_statistical_texture.csv,6,3,,0,,False,False
0,LUNG1-393\STEP_10_STATISTICAL_TEXTURE\GTV1_statistical_texture.csv,6,3,,0,,False,False
0,LUNG1-394\STEP_10_STATISTICAL_TEXTURE\GTV1_statistical_texture.csv,6,3,,0,,False,False
0,LUNG1-395\STEP_10_STATISTICAL_TEXTURE\GTV1_statistical_texture.csv,6,3,,0,,False,False
0,LUNG1-396\STEP_10_STATISTICAL_TEXTURE\GTV1_statistical_texture.csv,6,3,,0,,False,False
0,LUNG1-397\STEP_10_STATISTICAL_TEXTURE\GTV1_statistical_texture.csv,6,3,,0,,False,False
0,LUNG1-398\STEP_10_STATISTICAL_TEXTURE\GTV1_statistical_texture.csv,6,3,,0,,False,False
0,LUNG1-399\STEP_10_STATISTICAL_TEXTURE\GTV1_statistical_texture.csv,6,3,,0,,False,False
0,LUNG1-400\STEP_10_STATISTICAL_TEXTURE\GTV1_statistical_texture.csv,6,3,,0,,False,False
0,LUNG1-401\STEP_10_STATISTICAL_TEXTURE\GTV1_statistical_texture.csv,6,3,,0,,False,False
0,LUNG1-402\STEP_10_STATISTICAL_TEXTURE\GTV1_statistical_texture.csv,6,3,,0,,False,False
0,LUNG1-403\STEP_10_STATISTICAL_TEXTURE\GTV1_statistical_texture.csv,6,3,,0,,False,False
0,LUNG1-404\STEP_10_STATISTICAL_TEXTURE\GTV1_statistical_texture.csv,6,3,,0,,False,False
0,LUNG1-405\STEP_10_STATISTICAL_TEXTURE\GTV1_statistical_texture.csv,6,3,,0,,False,False
0,LUNG1-406\STEP_10_STATISTICAL_TEXTURE\GTV1_statistical_texture.csv,6,3,,0,,False,False
0,LUNG1-407\STEP_10_STATISTICAL_TEXTURE\GTV1_statistical_texture.csv,6,3,,0,,False,False
0,LUNG1-408\STEP_10_STATISTICAL_TEXTURE\GTV1_statistical_texture.csv,6,3,,0,,False,False
0,LUNG1-409\STEP_10_STATISTICAL_TEXTURE\GTV1_statistical_texture.csv,6,3,,0,,False,False
0,LUNG1-410\STEP_10_STATISTICAL_TEXTURE\GTV1_statistical_texture.csv,6,3,,0,,False,False
0,LUNG1-411\STEP_10_STATISTICAL_TEXTURE\GTV1_statistical_texture.csv,6,3,,0,,False,False
0,LUNG1-412\STEP_10_STATISTICAL_TEXTURE\GTV1_statistical_texture.csv,6,3,,0,,False,False
0,LUNG1-413\STEP_10_STATISTICAL_TEXTURE\GTV1_statistical_texture.csv,6,3,,0,,False,False
0,LUNG1-414\STEP_10_STATISTICAL_TEXTURE\GTV1_statistical_texture.csv,6,3,,0,,False,False
0,LUNG1-415\STEP_10_STATISTICAL_TEXTURE\GTV1_statistical_texture.csv,6,3,,0,,False,False
0,LUNG1-416\STEP_10_STATISTICAL_TEXTURE\GTV1_statistical_texture.csv,6,3,,0,,False,False
0,LUNG1-417\STEP_10_STATISTICAL_TEXTURE\GTV1_statistical_texture.csv,6,3,,0,,False,False
0,LUNG1-418\STEP_10_STATISTICAL_TEXTURE\GTV1_statistical_texture.csv,6,3,,0,,False,False
0,LUNG1-419\STEP_10_STATISTICAL_TEXTURE\GTV1_statistical_texture.csv,6,3,,0,,False,False
0,LUNG1-420\STEP_10_STATISTICAL_TEXTURE\GTV1_statistical_texture.csv,6,3,,0,,False,False
0,LUNG1-421\STEP_10_STATISTICAL_TEXTURE\GTV1_statistical_texture.csv,6,3,,0,,False,False
0,LUNG1-422\STEP_10_STATISTICAL_TEXTURE\GTV1_statistical_texture.csv,6,3,,0,,False,False
0,LUNG1-001\69331\Segmentation.labels.csv,1,21,,0,,False,False
-25,STEP_15_CLASSIFICATION_DATASET\STEP_15_Feature_Coverage.csv,17,4,Patients_Available | Total_Patients,0,Coverage_Percent,False,True
-25,STEP_10_STATISTICAL_TEXTURE_ALL_PATIENTS\STEP_10_Feature_Coverage.csv,6,4,Patients_With_Feature | Total_Patients,0,Coverage_Percent,False,True
-25,STEP_11_GLCM_ALL_PATIENTS\STEP_11_GLCM_Feature_Coverage.csv,6,4,Patients_With_Feature | Total_Patients,0,Coverage_Percent,False,True
-30,LUNG1-001\69331\STEP_14_STABLE_FEATURES\GTV1_All_Features_Stability_Evidence.csv,25,8,Feature_ID,0,,False,True
-30,LUNG1-001\69331\STEP_14_STABLE_FEATURES\GTV1_All_Final_Stable_Features.csv,17,8,Feature_ID,0,,False,True
-30,LUNG1-001\69331\STEP_14_STABLE_FEATURES\GTV1_All_Final_Stable_Features_CORRECTED.csv,17,3,Feature_ID,0,,False,True
-30,LUNG1-001\69331\STEP_14_STABLE_FEATURES\GTV1_Excluded_Unstable_Features.csv,8,8,Feature_ID,0,,False,True
-30,STEP_11_GLCM_ALL_PATIENTS\STEP_11_GLCM_Overall_Statistics.csv,6,6,Patients,0,,False,True
-45,LUNG1-001\69331\STEP_10_STATISTICAL_TEXTURE\GTV1_Statistical_Feature_Stability.csv,6,9,,0,Status,False,True
-45,LUNG1-001\69331\STEP_10_STATISTICAL_TEXTURE\GTV1_Statistical_Final_Stable_Features.csv,6,4,,0,Status,False,True
-50,LUNG1-001\69331\STEP_12_LBP_TEXTURE\GTV1_LBP_histogram.csv,256,3,,0,,False,True
-50,LUNG1-001\69331\STEP_11_GLCM_TEXTURE\GTV1_GLCM_texture.csv,252,9,,0,,False,True
-50,LUNG1-001\69331\STEP_12_LBP_TEXTURE\GTV1_LBP_slice_features.csv,21,6,,0,,False,True
-50,LUNG1-001\69331\STEP_13_SPECTRAL_TEXTURE\GTV1_Spectral_Texture.csv,21,12,,0,,False,True
-50,LUNG1-001\69331\STEP_9_3D_SHAPE_FEATURES\3D_shape_features.csv,13,3,,0,,False,True
-50,LUNG1-001\69331\STEP_11_GLCM_TEXTURE\GTV1_GLCM_Features_By_Distance_And_Orientation.csv,12,8,,0,,False,True
-50,LUNG1-001\69331\STEP_13_SPECTRAL_TEXTURE\GTV1_Spectral_summary.csv,11,2,,0,,False,True
-50,LUNG1-001\69331\STEP_13_SPECTRAL_TEXTURE\GTV1_Spectral_Feature_Stability.csv,9,13,,0,,False,True
-50,LUNG1-001\69331\STEP_11_GLCM_TEXTURE\GTV1_GLCM_Feature_Stability.csv,6,10,,0,,False,True
-50,LUNG1-001\69331\STEP_11_GLCM_TEXTURE\GTV1_GLCM_Feature_Variability.csv,6,3,,0,,False,True
-50,LUNG1-001\69331\STEP_11_GLCM_TEXTURE\GTV1_GLCM_Final_Stable_Features.csv,6,6,,0,,False,True
-50,LUNG1-001\69331\STEP_11_GLCM_TEXTURE\GTV1_GLCM_summary.csv,6,2,,0,,False,True
-50,LUNG1-001\69331\STEP_10_STATISTICAL_TEXTURE\GTV1_Statistical_Texture_Stability_All_Results.csv,5,8,,0,,False,True
-50,LUNG1-001\69331\STEP_12_LBP_TEXTURE\GTV1_LBP_Stability_All_Results.csv,5,7,,0,,False,True
-50,LUNG1-001\69331\STEP_11_GLCM_TEXTURE\GTV1_GLCM_Features_By_Orientation.csv,4,7,,0,,False,True
-50,LUNG1-001\69331\STEP_11_GLCM_TEXTURE\GTV1_GLCM_Stable_Features.csv,4,10,,0,,False,True
-50,LUNG1-001\69331\STEP_12_LBP_TEXTURE\GTV1_LBP_Feature_Stability.csv,4,10,,0,,False,True
-50,LUNG1-001\69331\STEP_12_LBP_TEXTURE\GTV1_LBP_Final_Stable_Features.csv,4,1,,0,,False,True
-50,LUNG1-001\69331\STEP_12_LBP_TEXTURE\GTV1_LBP_Stable_Features.csv,4,1,,0,,False,True
-50,LUNG1-001\69331\STEP_12_LBP_TEXTURE\GTV1_LBP_summary.csv,4,2,,0,,False,True
-50,LUNG1-001\69331\STEP_14_STABLE_FEATURES\GTV1_Stable_Features_Summary.csv,4,4,,0,,False,True
-50,LUNG1-001\69331\STEP_14_STABLE_FEATURES\GTV1_Stable_Features_Summary_CORRECTED.csv,4,2,,0,,False,True
-50,LUNG1-001\69331\STEP_11_GLCM_TEXTURE\GTV1_GLCM_Features_By_Distance.csv,3,7,,0,,False,True
-50,LUNG1-001\69331\STEP_13_SPECTRAL_TEXTURE\GTV1_Spectral_Final_Stable_Features.csv,3,2,,0,,False,True
-50,LUNG1-001\69331\STEP_13_SPECTRAL_TEXTURE\GTV1_Spectral_Stable_Features.csv,3,1,,0,,False,True
